client_id,client_type,gender,country,region,acquisition_purpose,satisfaction_score,loan_applied,referral_channel,age,total_properties,total_spend,average_property_price,maximum_property_price,total_area_sqft,average_area_sqft,is_investor,loan_flag,company_flag,avg_spend_per_property,cluster,segment
C0001,Individual,F,USA,California,Home,4,Yes,Website,55.6,4,1246764.72,311691.18,496266.41,3935.54,983.885,False,True,False,311691.18,1,Mainstream Lower-Value Buyers
C0002,Individual,M,USA,California,Home,1,No,Website,53.5,5,1841095.93,368219.1860000001,505127.63,5939.71,1187.942,False,False,False,368219.1860000001,2,Higher-Value Property Buyers
C0003,Individual,M,USA,California,Home,4,Yes,Agency,64.7,5,1661457.59,332291.518,584611.99,5290.55,1058.11,False,True,False,332291.518,2,Higher-Value Property Buyers
C0004,Individual,M,USA,California,Home,5,No,Website,53.5,6,1608263.51,268043.91833333333,606634.75,5622.62,937.1033333333334,False,False,False,268043.91833333333,0,High-Activity Investment-Oriented Buyers
C0005,Company,M,USA,California,Investment,5,No,Website,53.5,13,3653385.38,281029.64461538463,628812.33,12054.85,927.296153846154,True,False,True,281029.64461538463,0,High-Activity Investment-Oriented Buyers
C0006,Individual,M,USA,California,Home,3,Yes,Website,66.8,5,1514131.06,302826.212,435031.4,4947.95,989.59,False,True,False,302826.212,1,Mainstream Lower-Value Buyers
C0007,Individual,M,Canada,Quebec,Investment,5,No,Website,53.5,11,3251147.83,295558.8936363636,484458.03,10952.63,995.6936363636364,True,False,False,295558.8936363636,0,High-Activity Investment-Oriented Buyers
C0008,Individual,F,USA,California,Home,5,No,Website,53.5,5,1476730.41,295346.08200000005,537291.01,5155.53,1031.106,False,False,False,295346.08200000005,1,Mainstream Lower-Value Buyers
C0009,Individual,M,USA,California,Investment,5,No,Agency,48.2,5,1820832.35,364166.47,580903.05,6528.22,1305.644,True,False,False,364166.47,2,Higher-Value Property Buyers
C0010,Individual,M,USA,Oregon,Investment,3,No,Agency,53.5,5,1732434.0,346486.8,480540.62,5701.03,1140.206,True,False,False,346486.8,2,Higher-Value Property Buyers
C0011,Individual,F,USA,California,Home,2,Yes,Website,53.5,5,1325211.52,265042.304,473195.39,4679.57,935.914,False,True,False,265042.304,1,Mainstream Lower-Value Buyers
C0012,Company,M,USA,California,Investment,5,No,Website,53.5,4,1599526.4,399881.6,529317.28,5269.78,1317.445,True,False,True,399881.6,2,Higher-Value Property Buyers
C0013,Individual,M,USA,California,Home,1,Yes,Website,61.4,5,2142750.89,428550.178,562818.96,7036.88,1407.376,False,True,False,428550.178,2,Higher-Value Property Buyers
C0014,Company,M,USA,California,Home,3,Yes,Website,43.5,4,1548140.0699999998,387035.0175,531267.61,5122.17,1280.5425,False,True,True,387035.0175,2,Higher-Value Property Buyers
C0015,Individual,F,USA,California,Home,5,No,Client,53.5,5,1585907.37,317181.47400000005,426442.43,5153.82,1030.764,False,False,False,317181.47400000005,1,Mainstream Lower-Value Buyers
C0016,Individual,F,USA,California,Investment,5,No,Website,84.3,4,1010217.73,252554.4325,287917.8,3368.58,842.145,True,False,False,252554.4325,1,Mainstream Lower-Value Buyers
C0017,Individual,M,USA,Arizona,Home,3,No,Client,47.0,5,1778693.75,355738.75,568732.24,5979.07,1195.814,False,False,False,355738.75,2,Higher-Value Property Buyers
C0018,Individual,M,USA,California,Home,2,Yes,Agency,56.9,4,1061478.67,265369.6675,461655.95,3655.33,913.8325,False,True,False,265369.6675,1,Mainstream Lower-Value Buyers
C0019,Individual,M,USA,California,Home,5,Yes,Client,66.3,4,1773474.26,443368.565,599245.34,5608.17,1402.0425,False,True,False,443368.565,2,Higher-Value Property Buyers
C0020,Individual,F,USA,California,Home,5,No,Website,53.5,4,1508032.25,377008.0625,505470.6,5228.32,1307.08,False,False,False,377008.0625,2,Higher-Value Property Buyers
C0021,Individual,M,USA,Oregon,Investment,3,No,Website,85.6,6,1928172.72,321362.12,555614.35,6173.16,1028.86,True,False,False,321362.12,0,High-Activity Investment-Oriented Buyers
C0022,Individual,M,Germany,Berlin,Investment,5,No,Agency,53.5,4,1372403.2,343100.8,453294.55,4989.9400000000005,1247.485,True,False,False,343100.8,2,Higher-Value Property Buyers
C0023,Individual,M,USA,California,Home,3,Yes,Website,65.1,5,1457871.69,291574.338,408265.89,4741.9400000000005,948.388,False,True,False,291574.338,1,Mainstream Lower-Value Buyers
C0024,Individual,M,USA,California,Investment,4,No,Website,60.2,6,1884156.9,314026.15,560195.06,6322.41,1053.735,True,False,False,314026.15,0,High-Activity Investment-Oriented Buyers
C0025,Individual,M,USA,Nevada,Home,2,Yes,Website,53.5,5,1694448.83,338889.766,518174.75,5602.88,1120.576,False,True,False,338889.766,2,Higher-Value Property Buyers
C0026,Individual,M,USA,California,Investment,5,No,Website,53.5,10,2932241.75,293224.175,436987.95,10023.83,1002.383,True,False,False,293224.175,0,High-Activity Investment-Oriented Buyers
C0027,Individual,M,USA,California,Home,5,Yes,Website,55.3,5,1517969.44,303593.888,427086.44,5351.17,1070.234,False,True,False,303593.888,1,Mainstream Lower-Value Buyers
C0028,Individual,F,USA,California,Home,3,No,Client,53.5,5,1791082.79,358216.558,512682.59,6331.83,1266.366,False,False,False,358216.558,2,Higher-Value Property Buyers
C0029,Individual,F,USA,Colorado,Home,4,Yes,Agency,53.5,4,1247795.31,311948.8275,410549.3,3972.2,993.05,False,True,False,311948.8275,1,Mainstream Lower-Value Buyers
C0030,Individual,F,USA,Nevada,Home,3,No,Website,53.5,4,1547311.29,386827.8225,545645.2,5117.49,1279.3725,False,False,False,386827.8225,2,Higher-Value Property Buyers
C0031,Individual,M,USA,Nevada,Home,4,Yes,Website,53.5,5,1077148.21,215429.642,258061.02,3386.7,677.3399999999999,False,True,False,215429.642,1,Mainstream Lower-Value Buyers
C0032,Individual,M,USA,California,Home,4,No,Website,57.4,5,1888995.16,377799.032,490429.65,6412.64,1282.528,False,False,False,377799.032,2,Higher-Value Property Buyers
C0033,Individual,F,USA,California,Home,3,Yes,Website,53.5,4,1404998.67,351249.6675,376964.62,5001.73,1250.4325,False,True,False,351249.6675,2,Higher-Value Property Buyers
C0034,Individual,F,Belgium,Brussels,Home,2,No,Agency,53.5,5,1632608.66,326521.732,508462.97,5802.780000000001,1160.556,False,False,False,326521.732,2,Higher-Value Property Buyers
C0035,Individual,M,Mexico,Mexico City,Home,3,No,Agency,58.6,5,1987876.4,397575.28,539968.61,7228.76,1445.752,False,False,False,397575.28,2,Higher-Value Property Buyers
C0036,Individual,M,USA,California,Home,4,No,Website,50.3,4,1173683.53,293420.8825,437900.49,3853.3,963.325,False,False,False,293420.8825,1,Mainstream Lower-Value Buyers
C0037,Individual,F,USA,California,Home,5,Yes,Website,53.5,5,1607228.75,321445.75,482067.87,5091.84,1018.368,False,True,False,321445.75,2,Higher-Value Property Buyers
C0038,Individual,F,USA,California,Investment,4,No,Client,53.5,4,1175129.27,293782.3175,407214.29,4420.49,1105.1225,True,False,False,293782.3175,1,Mainstream Lower-Value Buyers
C0039,Individual,F,Russia,Krasnodar Krai,Home,1,No,Agency,53.5,4,1858527.54,464631.885,626247.03,5462.72,1365.68,False,False,False,464631.885,2,Higher-Value Property Buyers
C0040,Individual,M,USA,Nevada,Home,5,No,Website,53.5,6,1854608.29,309101.38166666665,507842.87,6286.8,1047.8,False,False,False,309101.38166666665,0,High-Activity Investment-Oriented Buyers
C0041,Individual,M,USA,Arizona,Home,1,Yes,Website,53.5,5,1374460.79,274892.158,405898.92,4364.19,872.838,False,True,False,274892.158,1,Mainstream Lower-Value Buyers
C0042,Individual,F,USA,Utah,Home,1,Yes,Website,48.4,4,1101390.25,275347.5625,364280.42,3655.37,913.8425,False,True,False,275347.5625,1,Mainstream Lower-Value Buyers
C0043,Individual,M,USA,Nevada,Investment,3,Yes,Website,58.7,4,1126492.46,281623.115,467216.3,3934.02,983.505,True,True,False,281623.115,1,Mainstream Lower-Value Buyers
C0044,Individual,F,USA,Arizona,Home,3,No,Website,53.5,4,1330493.26,332623.315,519866.77,4427.47,1106.8675,False,False,False,332623.315,2,Higher-Value Property Buyers
C0045,Individual,M,USA,Colorado,Investment,2,No,Agency,55.2,5,1463432.36,292686.47199999995,592737.69,4568.87,913.774,True,False,False,292686.47199999995,1,Mainstream Lower-Value Buyers
C0046,Individual,F,USA,California,Home,5,No,Client,53.5,8,2026517.4,253314.675,388515.14,6862.4400000000005,857.8050000000001,False,False,False,253314.675,0,High-Activity Investment-Oriented Buyers
C0047,Individual,M,USA,Colorado,Home,2,No,Agency,53.5,5,1438239.28,287647.856,459403.88,4767.84,953.568,False,False,False,287647.856,1,Mainstream Lower-Value Buyers
C0048,Individual,M,USA,California,Home,3,Yes,Agency,53.5,4,1338718.0,334679.5,493044.25,4105.280000000001,1026.3200000000002,False,True,False,334679.5,1,Mainstream Lower-Value Buyers
C0049,Individual,F,USA,California,Home,1,No,Website,53.5,4,1390091.2,347522.8,533120.65,4817.47,1204.3675,False,False,False,347522.8,2,Higher-Value Property Buyers
C0050,Individual,M,USA,California,Home,5,No,Website,83.8,9,2744452.35,304939.15,486685.38,8941.58,993.5088888888888,False,False,False,304939.15,0,High-Activity Investment-Oriented Buyers
C0051,Individual,F,USA,Colorado,Home,3,No,Agency,82.8,4,1270440.42,317610.105,564388.0,4158.24,1039.56,False,False,False,317610.105,1,Mainstream Lower-Value Buyers
C0052,Individual,F,USA,Oregon,Investment,2,No,Client,56.9,4,1474211.53,368552.8825,555271.92,4751.7,1187.925,True,False,False,368552.8825,2,Higher-Value Property Buyers
C0053,Individual,M,USA,Arizona,Home,4,No,Agency,70.0,4,1120539.44,280134.86,368589.72,3716.98,929.245,False,False,False,280134.86,1,Mainstream Lower-Value Buyers
C0054,Company,M,USA,Nevada,Investment,5,No,Website,53.5,6,2109277.6,351546.26666666666,435374.92,6693.8,1115.6333333333334,True,False,True,351546.26666666666,0,High-Activity Investment-Oriented Buyers
C0055,Individual,F,USA,California,Home,5,Yes,Agency,50.6,4,1178979.21,294744.8025,416304.72,3959.32,989.83,False,True,False,294744.8025,1,Mainstream Lower-Value Buyers
C0056,Individual,M,USA,Oregon,Investment,5,No,Agency,59.1,4,1579301.36,394825.34,559835.83,5422.39,1355.5975,True,False,False,394825.34,2,Higher-Value Property Buyers
C0057,Individual,M,USA,California,Home,4,Yes,Agency,90.6,5,2020519.52,404103.904,589905.02,6720.719999999999,1344.1439999999998,False,True,False,404103.904,2,Higher-Value Property Buyers
C0058,Company,F,USA,California,Investment,1,Yes,Website,54.7,5,1441406.17,288281.234,494246.62,4599.2,919.84,True,True,True,288281.234,1,Mainstream Lower-Value Buyers
C0059,Individual,M,USA,California,Home,2,No,Website,53.5,4,1278854.25,319713.5625,488077.62,4409.76,1102.44,False,False,False,319713.5625,1,Mainstream Lower-Value Buyers
C0060,Individual,F,USA,California,Home,5,No,Website,51.7,4,1355662.25,338915.5625,485561.11,4477.87,1119.4675,False,False,False,338915.5625,2,Higher-Value Property Buyers
C0061,Individual,M,USA,Utah,Home,5,No,Agency,56.6,4,1306907.58,326726.895,402081.8,4406.48,1101.62,False,False,False,326726.895,1,Mainstream Lower-Value Buyers
C0062,Individual,M,USA,California,Home,5,Yes,Client,53.5,5,1489333.49,297866.698,443358.25,5299.16,1059.832,False,True,False,297866.698,1,Mainstream Lower-Value Buyers
C0063,Individual,F,USA,Arizona,Home,4,No,Website,53.5,5,1625480.88,325096.176,538375.93,5562.6900000000005,1112.538,False,False,False,325096.176,2,Higher-Value Property Buyers
C0064,Individual,M,UK,Northern Ireland,Investment,4,No,Agency,49.9,4,1448881.28,362220.32,574929.03,4383.4,1095.85,True,False,False,362220.32,2,Higher-Value Property Buyers
C0065,Individual,M,USA,California,Home,1,No,Agency,53.5,4,1557125.73,389281.4325,539032.17,5046.11,1261.5275,False,False,False,389281.4325,2,Higher-Value Property Buyers
C0066,Individual,F,USA,California,Investment,3,No,Client,53.5,4,1107164.17,276791.0425,366314.0,3731.02,932.755,True,False,False,276791.0425,1,Mainstream Lower-Value Buyers
C0067,Individual,M,USA,California,Home,2,No,Website,46.6,5,1431941.84,286388.368,468196.39,4259.09,851.818,False,False,False,286388.368,1,Mainstream Lower-Value Buyers
C0068,Individual,F,USA,Colorado,Home,5,Yes,Agency,53.5,4,1572779.33,393194.8325,459558.39,5801.17,1450.2925,False,True,False,393194.8325,2,Higher-Value Property Buyers
C0069,Individual,M,USA,California,Investment,4,No,Website,53.8,5,1439142.47,287828.494,479080.93,4787.94,957.588,True,False,False,287828.494,1,Mainstream Lower-Value Buyers
C0070,Individual,F,USA,Arizona,Home,4,Yes,Website,53.5,5,1521570.62,304314.124,448702.07,5196.37,1039.274,False,True,False,304314.124,1,Mainstream Lower-Value Buyers
C0071,Individual,M,USA,California,Home,1,Yes,Client,53.5,5,1150384.09,230076.81800000003,415775.9,4166.9,833.3799999999999,False,True,False,230076.81800000003,1,Mainstream Lower-Value Buyers
C0072,Individual,M,USA,Nevada,Investment,2,No,Website,70.9,6,2246488.58,374414.76333333337,674634.08,6776.95,1129.4916666666666,True,False,False,374414.76333333337,0,High-Activity Investment-Oriented Buyers
C0073,Individual,F,Denmark,Capital Region,Investment,1,No,Agency,59.0,4,1413902.33,353475.5825,527107.1,4776.13,1194.0325,True,False,False,353475.5825,2,Higher-Value Property Buyers
C0074,Individual,F,USA,Oregon,Investment,5,No,Client,65.0,5,1709458.65,341891.73,573381.83,5690.22,1138.044,True,False,False,341891.73,2,Higher-Value Property Buyers
C0075,Individual,F,USA,California,Home,3,No,Website,53.7,4,1269395.74,317348.935,590971.72,4193.37,1048.3425,False,False,False,317348.935,1,Mainstream Lower-Value Buyers
C0076,Individual,M,USA,California,Home,5,No,Agency,53.5,6,1905852.09,317642.015,534630.42,6403.68,1067.28,False,False,False,317642.015,0,High-Activity Investment-Oriented Buyers
C0077,Individual,M,USA,California,Home,5,No,Website,53.5,5,1880012.18,376002.436,590130.14,5959.13,1191.826,False,False,False,376002.436,2,Higher-Value Property Buyers
C0078,Individual,F,USA,California,Home,5,No,Website,53.5,4,1685882.39,421470.5975,485944.71,5662.52,1415.63,False,False,False,421470.5975,2,Higher-Value Property Buyers
C0079,Individual,M,Belgium,Brussels,Investment,4,No,Website,53.5,4,1456436.3,364109.075,579893.68,4876.27,1219.0675,True,False,False,364109.075,2,Higher-Value Property Buyers
C0080,Individual,F,USA,California,Investment,3,No,Website,53.5,5,1427531.56,285506.31200000003,502978.74,4825.12,965.024,True,False,False,285506.31200000003,1,Mainstream Lower-Value Buyers
C0081,Individual,F,USA,California,Home,4,Yes,Website,53.5,4,1522144.26,380536.065,655054.84,5010.98,1252.745,False,True,False,380536.065,2,Higher-Value Property Buyers
C0082,Individual,F,USA,Virginia,Investment,5,No,Client,53.5,5,1282267.95,256453.59,336673.91,4421.12,884.2239999999999,True,False,False,256453.59,1,Mainstream Lower-Value Buyers
C0083,Individual,M,USA,California,Home,5,No,Website,53.5,6,1513641.46,252273.57666666663,360807.72,5108.37,851.395,False,False,False,252273.57666666663,1,Mainstream Lower-Value Buyers
C0084,Individual,M,USA,Wyoming,Home,3,No,Agency,53.5,5,1762231.92,352446.384,517695.89,5418.06,1083.612,False,False,False,352446.384,2,Higher-Value Property Buyers
C0085,Individual,M,USA,California,Home,4,Yes,Agency,53.5,4,1185505.46,296376.365,480842.09,3945.58,986.395,False,True,False,296376.365,1,Mainstream Lower-Value Buyers
C0086,Individual,F,USA,California,Home,3,Yes,Website,53.5,5,1928188.61,385637.722,525721.08,6773.17,1354.634,False,True,False,385637.722,2,Higher-Value Property Buyers
C0087,Individual,F,USA,California,Home,4,No,Agency,53.5,4,1681153.28,420288.32,508371.29,5150.65,1287.6625,False,False,False,420288.32,2,Higher-Value Property Buyers
C0088,Individual,M,USA,Oregon,Investment,2,No,Website,53.5,6,1450519.57,241753.2616666667,308622.38,4721.84,786.9733333333334,True,False,False,241753.2616666667,1,Mainstream Lower-Value Buyers
C0089,Individual,M,USA,California,Home,3,No,Agency,53.5,4,1041853.81,260463.4525,302297.34,3419.16,854.79,False,False,False,260463.4525,1,Mainstream Lower-Value Buyers
C0090,Individual,M,USA,California,Home,5,No,Client,53.5,5,980850.42,196170.084,252200.58,3518.99,703.798,False,False,False,196170.084,1,Mainstream Lower-Value Buyers
C0091,Individual,F,USA,California,Home,4,No,Website,53.5,4,1356644.74,339161.185,432448.91,4646.71,1161.6775,False,False,False,339161.185,1,Mainstream Lower-Value Buyers
C0092,Individual,M,USA,Kansas,Home,3,No,Website,53.5,8,2817926.96,352240.87,536812.04,9744.34,1218.0425,False,False,False,352240.87,0,High-Activity Investment-Oriented Buyers
C0093,Individual,M,USA,California,Home,2,No,Agency,61.3,5,1732558.38,346511.676,438704.41,5982.33,1196.466,False,False,False,346511.676,2,Higher-Value Property Buyers
C0094,Individual,F,USA,California,Home,5,No,Website,53.5,5,1062675.82,212535.164,292598.12,3463.32,692.664,False,False,False,212535.164,1,Mainstream Lower-Value Buyers
C0095,Individual,M,USA,California,Home,3,Yes,Agency,53.5,6,1668973.02,278162.17,384992.37,5538.63,923.105,False,True,False,278162.17,1,Mainstream Lower-Value Buyers
C0096,Individual,M,USA,California,Investment,3,Yes,Website,53.5,4,1363013.17,340753.2925,452667.01,4454.46,1113.615,True,True,False,340753.2925,1,Mainstream Lower-Value Buyers
C0097,Individual,M,USA,Virginia,Home,5,Yes,Website,53.5,7,2189906.04,312843.72000000003,491025.48,7432.059999999999,1061.722857142857,False,True,False,312843.72000000003,0,High-Activity Investment-Oriented Buyers
C0098,Individual,F,Russia,Saint Petersburg,Home,3,Yes,Agency,53.5,4,1131592.65,282898.1625,427106.32,3927.82,981.955,False,True,False,282898.1625,1,Mainstream Lower-Value Buyers
C0099,Individual,M,USA,California,Investment,4,No,Website,82.1,6,2000308.58,333384.76333333337,417894.67,7209.530000000001,1201.5883333333334,True,False,False,333384.76333333337,0,High-Activity Investment-Oriented Buyers
C0100,Individual,M,USA,California,Home,3,No,Website,54.6,4,1449544.65,362386.1625,526802.73,4697.76,1174.44,False,False,False,362386.1625,2,Higher-Value Property Buyers
C0101,Individual,F,USA,Nevada,Home,3,No,Website,72.8,4,1125013.8,281253.45,392645.79,3497.38,874.345,False,False,False,281253.45,1,Mainstream Lower-Value Buyers
C0102,Individual,M,USA,California,Investment,5,Yes,Website,53.5,9,3403263.85,378140.4277777778,621956.37,11006.18,1222.908888888889,True,True,False,378140.4277777778,0,High-Activity Investment-Oriented Buyers
C0103,Individual,M,USA,Colorado,Home,3,No,Website,53.5,5,1483838.77,296767.754,408331.77,4824.9,964.98,False,False,False,296767.754,1,Mainstream Lower-Value Buyers
C0104,Individual,M,USA,California,Home,5,No,Website,53.5,5,1677155.01,335431.002,510060.4,5451.5,1090.3,False,False,False,335431.002,2,Higher-Value Property Buyers
C0105,Individual,F,USA,California,Investment,2,Yes,Website,64.2,5,1328084.36,265616.87200000003,338774.34,4254.74,850.948,True,True,False,265616.87200000003,1,Mainstream Lower-Value Buyers
C0106,Individual,M,USA,Colorado,Home,4,No,Website,70.6,4,957679.27,239419.8175,452919.18,3283.9300000000003,820.9825000000001,False,False,False,239419.8175,1,Mainstream Lower-Value Buyers
C0107,Individual,M,USA,California,Home,4,Yes,Agency,64.4,5,1715058.23,343011.646,537998.71,5513.3,1102.66,False,True,False,343011.646,2,Higher-Value Property Buyers
C0108,Individual,M,USA,California,Home,4,No,Agency,53.5,6,1998798.72,333133.12,583919.98,6625.02,1104.1699999999998,False,False,False,333133.12,0,High-Activity Investment-Oriented Buyers
C0109,Individual,F,USA,California,Investment,5,Yes,Agency,90.7,5,1995551.09,399110.218,579807.82,6429.27,1285.854,True,True,False,399110.218,2,Higher-Value Property Buyers
C0110,Individual,F,USA,California,Investment,5,Yes,Agency,64.6,5,1205555.46,241111.092,487772.33,4057.01,811.4019999999999,True,True,False,241111.092,1,Mainstream Lower-Value Buyers
C0111,Individual,M,USA,Arizona,Home,2,Yes,Website,53.5,4,1198421.22,299605.305,476038.28,3586.87,896.7175,False,True,False,299605.305,1,Mainstream Lower-Value Buyers
C0112,Individual,F,USA,California,Investment,1,Yes,Agency,63.2,5,1775142.2,355028.44,619787.84,5579.93,1115.986,True,True,False,355028.44,2,Higher-Value Property Buyers
C0113,Individual,M,USA,Utah,Investment,4,No,Agency,53.5,4,1414433.46,353608.365,535865.96,4746.86,1186.715,True,False,False,353608.365,2,Higher-Value Property Buyers
C0114,Individual,F,USA,California,Home,1,Yes,Website,53.5,4,1124004.05,281001.0125,382143.98,3731.78,932.945,False,True,False,281001.0125,1,Mainstream Lower-Value Buyers
C0115,Individual,F,USA,California,Home,5,No,Agency,45.1,5,1757354.59,351470.918,460001.26,5718.46,1143.692,False,False,False,351470.918,2,Higher-Value Property Buyers
C0116,Individual,F,USA,California,Investment,4,No,Website,68.4,8,2484590.08,310573.76,629574.18,8319.14,1039.8925,True,False,False,310573.76,0,High-Activity Investment-Oriented Buyers
C0117,Individual,M,UK,Scotland,Investment,4,No,Agency,59.2,8,2884556.25,360569.53125,602366.78,9086.29,1135.78625,True,False,False,360569.53125,0,High-Activity Investment-Oriented Buyers
C0118,Individual,F,USA,Oregon,Investment,5,No,Agency,75.1,4,1218377.19,304594.2975,461101.0,4036.49,1009.1225,True,False,False,304594.2975,1,Mainstream Lower-Value Buyers
C0119,Individual,F,USA,California,Home,1,Yes,Website,53.5,4,1603043.92,400760.98,527627.25,5597.26,1399.315,False,True,False,400760.98,2,Higher-Value Property Buyers
C0120,Individual,F,USA,California,Home,4,Yes,Website,53.5,5,1753587.39,350717.478,577922.22,6219.8,1243.96,False,True,False,350717.478,2,Higher-Value Property Buyers
C0121,Individual,M,USA,Nevada,Home,2,No,Website,53.5,5,1169150.31,233830.062,418772.73,4033.44,806.688,False,False,False,233830.062,1,Mainstream Lower-Value Buyers
C0122,Individual,F,USA,California,Home,1,Yes,Agency,53.5,4,1412560.68,353140.17,550180.2,4343.9,1085.975,False,True,False,353140.17,2,Higher-Value Property Buyers
C0123,Individual,F,USA,California,Home,4,Yes,Website,53.5,5,1821348.69,364269.738,502456.39,6153.299999999999,1230.66,False,True,False,364269.738,2,Higher-Value Property Buyers
C0124,Individual,F,USA,California,Home,4,No,Agency,53.5,5,1613985.08,322797.016,367468.14,5923.15,1184.63,False,False,False,322797.016,2,Higher-Value Property Buyers
C0125,Individual,M,USA,Colorado,Home,4,Yes,Agency,53.5,4,1341108.25,335277.0625,503351.9,4594.19,1148.5475,False,True,False,335277.0625,2,Higher-Value Property Buyers
C0126,Individual,F,USA,California,Investment,2,No,Agency,51.5,5,1319929.46,263985.892,498779.18,4250.26,850.052,True,False,False,263985.892,1,Mainstream Lower-Value Buyers
C0127,Individual,M,USA,Nevada,Home,2,Yes,Website,53.5,4,967474.23,241868.5575,355073.4,3060.34,765.085,False,True,False,241868.5575,1,Mainstream Lower-Value Buyers
C0128,Company,M,USA,Nevada,Investment,5,Yes,Website,53.5,5,1639392.9500000002,327878.59,535798.14,5270.17,1054.034,True,True,True,327878.59,2,Higher-Value Property Buyers
C0129,Individual,M,USA,Arizona,Investment,5,No,Website,53.5,4,1748372.75,437093.1875,584468.16,5187.9400000000005,1296.985,True,False,False,437093.1875,2,Higher-Value Property Buyers
C0130,Individual,M,USA,Nevada,Home,3,Yes,Website,53.5,4,1488042.88,372010.72,509032.38,4860.14,1215.035,False,True,False,372010.72,2,Higher-Value Property Buyers
C0131,Individual,M,USA,California,Home,1,No,Website,52.1,5,1428058.5499999998,285611.71,538931.69,4643.97,928.794,False,False,False,285611.71,1,Mainstream Lower-Value Buyers
C0132,Individual,M,USA,Nevada,Home,1,Yes,Agency,53.5,4,1203775.04,300943.76,403463.16,4100.71,1025.1775,False,True,False,300943.76,1,Mainstream Lower-Value Buyers
C0133,Individual,M,USA,California,Investment,4,No,Agency,53.5,4,1449799.93,362449.9825,457718.07,4709.610000000001,1177.4025,True,False,False,362449.9825,2,Higher-Value Property Buyers
C0134,Individual,F,Russia,Novosibirsk,Investment,3,No,Website,53.5,5,1761669.87,352333.974,595167.57,5478.01,1095.602,True,False,False,352333.974,2,Higher-Value Property Buyers
C0135,Individual,M,USA,Utah,Investment,2,No,Agency,84.8,4,1221442.92,305360.73,446236.57,4174.4400000000005,1043.61,True,False,False,305360.73,1,Mainstream Lower-Value Buyers
C0136,Individual,M,USA,California,Home,3,No,Website,53.5,5,1892554.72,378510.944,550949.39,6221.37,1244.274,False,False,False,378510.944,2,Higher-Value Property Buyers
C0137,Individual,F,USA,California,Home,3,Yes,Website,53.5,4,989750.45,247437.6125,328405.23,3420.28,855.0699999999999,False,True,False,247437.6125,1,Mainstream Lower-Value Buyers
C0138,Individual,F,USA,Oregon,Investment,3,Yes,Website,53.5,5,1367824.55,273564.91000000003,362755.75,4572.06,914.412,True,True,False,273564.91000000003,1,Mainstream Lower-Value Buyers
C0139,Individual,F,USA,California,Home,5,Yes,Website,53.5,5,1807366.3,361473.26,448450.76,5683.47,1136.694,False,True,False,361473.26,2,Higher-Value Property Buyers
C0140,Individual,F,USA,California,Home,3,No,Website,53.5,5,1559561.53,311912.306,523923.26,5208.610000000001,1041.7220000000002,False,False,False,311912.306,2,Higher-Value Property Buyers
C0141,Individual,F,USA,California,Home,5,No,Website,53.5,5,1765019.09,353003.818,520595.39,5444.03,1088.806,False,False,False,353003.818,2,Higher-Value Property Buyers
C0142,Individual,F,USA,Nevada,Home,3,Yes,Website,45.6,5,1673770.19,334754.038,479876.57,5746.98,1149.396,False,True,False,334754.038,2,Higher-Value Property Buyers
C0143,Individual,M,USA,California,Home,1,No,Website,53.5,8,2389960.3,298745.0375,512659.6,8069.06,1008.6325,False,False,False,298745.0375,0,High-Activity Investment-Oriented Buyers
C0144,Individual,M,USA,California,Home,4,No,Agency,53.5,5,1897739.74,379547.948,564424.34,6031.77,1206.354,False,False,False,379547.948,2,Higher-Value Property Buyers
C0145,Individual,F,USA,California,Home,4,No,Website,53.5,5,1746571.55,349314.31,499388.61,6486.6,1297.3200000000002,False,False,False,349314.31,2,Higher-Value Property Buyers
C0146,Individual,M,USA,Colorado,Home,2,No,Website,60.9,4,1481536.39,370384.0975,540074.5,4970.57,1242.6425,False,False,False,370384.0975,2,Higher-Value Property Buyers
C0147,Individual,M,USA,Utah,Home,4,No,Client,53.5,5,1398309.27,279661.854,509124.24,5002.35,1000.47,False,False,False,279661.854,1,Mainstream Lower-Value Buyers
C0148,Individual,M,USA,Colorado,Investment,4,Yes,Agency,53.5,4,1700383.7,425095.925,597216.83,5654.37,1413.5925,True,True,False,425095.925,2,Higher-Value Property Buyers
C0149,Individual,M,Russia,Krasnodar Krai,Investment,3,No,Agency,68.1,4,1049009.0,262252.25,343513.68,3625.940000000001,906.485,True,False,False,262252.25,1,Mainstream Lower-Value Buyers
C0150,Individual,M,USA,California,Home,2,Yes,Website,53.5,4,1846066.58,461516.645,543777.59,6003.8,1500.95,False,True,False,461516.645,2,Higher-Value Property Buyers
C0151,Individual,F,USA,Oregon,Home,1,No,Agency,53.5,5,1589086.32,317817.264,537546.81,5617.21,1123.442,False,False,False,317817.264,2,Higher-Value Property Buyers
C0152,Individual,F,USA,California,Investment,2,Yes,Agency,53.5,7,2539205.93,362743.7042857143,603518.77,8489.31,1212.7585714285713,True,True,False,362743.7042857143,0,High-Activity Investment-Oriented Buyers
C0153,Individual,F,USA,California,Home,5,No,Website,53.5,5,1560375.26,312075.052,570549.18,4720.16,944.032,False,False,False,312075.052,1,Mainstream Lower-Value Buyers
C0154,Individual,F,USA,California,Home,4,Yes,Agency,53.5,5,2142457.31,428491.462,669332.95,6952.45,1390.49,False,True,False,428491.462,2,Higher-Value Property Buyers
C0155,Company,M,USA,California,Investment,5,No,Agency,53.5,5,1622885.53,324577.106,512459.69,5486.97,1097.394,True,False,True,324577.106,2,Higher-Value Property Buyers
C0156,Individual,F,USA,California,Home,5,No,Website,53.5,4,1344903.47,336225.8675,409183.72,4408.42,1102.105,False,False,False,336225.8675,1,Mainstream Lower-Value Buyers
C0157,Individual,M,USA,Colorado,Home,2,Yes,Client,53.5,4,1060400.03,265100.0075,431549.73,3323.07,830.7675,False,True,False,265100.0075,1,Mainstream Lower-Value Buyers
C0158,Individual,F,USA,Virginia,Investment,3,Yes,Agency,44.1,4,1439477.66,359869.415,551363.7,4525.99,1131.4975,True,True,False,359869.415,2,Higher-Value Property Buyers
C0159,Individual,M,USA,California,Home,3,No,Website,53.5,4,1596507.45,399126.8625,477228.5,5346.93,1336.7325,False,False,False,399126.8625,2,Higher-Value Property Buyers
C0160,Individual,F,USA,California,Home,4,No,Website,64.6,5,1679716.96,335943.392,514747.26,5720.3,1144.06,False,False,False,335943.392,2,Higher-Value Property Buyers
C0161,Individual,M,USA,California,Home,5,No,Website,72.1,9,2534264.26,281584.91777777777,411233.36,8454.73,939.4144444444444,False,False,False,281584.91777777777,0,High-Activity Investment-Oriented Buyers
C0162,Individual,M,USA,California,Home,4,No,Website,53.5,4,1135363.52,283840.88,434121.6,3932.96,983.24,False,False,False,283840.88,1,Mainstream Lower-Value Buyers
C0163,Individual,M,USA,Utah,Investment,5,Yes,Agency,53.5,4,1506594.21,376648.5525,472632.31,5229.28,1307.32,True,True,False,376648.5525,2,Higher-Value Property Buyers
C0164,Individual,M,USA,Arizona,Home,5,No,Website,53.5,4,1436152.54,359038.135,513021.02,4787.19,1196.7975,False,False,False,359038.135,2,Higher-Value Property Buyers
C0165,Individual,F,USA,California,Home,3,Yes,Website,67.5,3,1276849.33,425616.44333333336,539711.96,4071.58,1357.1933333333334,False,True,False,425616.44333333336,2,Higher-Value Property Buyers
C0166,Individual,F,USA,Arizona,Home,4,Yes,Agency,53.5,4,1273643.37,318410.8425,602056.71,4101.29,1025.3225,False,True,False,318410.8425,1,Mainstream Lower-Value Buyers
C0167,Individual,F,UK,Scotland,Home,3,Yes,Website,68.9,7,2749577.33,392796.7614285714,535236.81,9242.67,1320.3814285714286,False,True,False,392796.7614285714,0,High-Activity Investment-Oriented Buyers
C0168,Individual,F,USA,Nevada,Home,3,No,Agency,63.6,4,1491785.87,372946.4675,475258.58,5318.41,1329.6025,False,False,False,372946.4675,2,Higher-Value Property Buyers
C0169,Individual,M,USA,Ohio,Investment,5,Yes,Agency,53.5,3,688864.2,229621.4,311647.12,2537.59,845.8633333333333,True,True,False,229621.4,1,Mainstream Lower-Value Buyers
C0170,Individual,M,USA,California,Home,5,No,Website,53.5,3,1161316.17,387105.39,525251.32,4019.24,1339.746666666667,False,False,False,387105.39,2,Higher-Value Property Buyers
C0171,Individual,F,USA,Washington,Investment,5,Yes,Client,32.7,4,1278753.71,319688.4275,373786.79,4282.88,1070.72,True,True,False,319688.4275,1,Mainstream Lower-Value Buyers
C0172,Individual,F,USA,Washington,Home,1,Yes,Agency,53.5,4,1681471.91,420367.9775,484259.13,6291.16,1572.79,False,True,False,420367.9775,2,Higher-Value Property Buyers
C0173,Individual,F,USA,Arizona,Home,5,Yes,Agency,53.5,8,2619968.43,327496.05375,521184.68,8596.74,1074.5925,False,True,False,327496.05375,0,High-Activity Investment-Oriented Buyers
C0174,Individual,F,USA,California,Investment,3,No,Client,41.5,3,865359.73,288453.24333333335,386354.65,2609.36,869.7866666666667,True,False,False,288453.24333333335,1,Mainstream Lower-Value Buyers
C0175,Individual,M,USA,Washington,Home,5,No,Agency,61.7,4,1606138.12,401534.53,634424.32,5253.52,1313.38,False,False,False,401534.53,2,Higher-Value Property Buyers
C0176,Individual,F,USA,California,Home,2,No,Website,53.5,6,2681927.91,446987.985,526217.19,9088.8,1514.8,False,False,False,446987.985,0,High-Activity Investment-Oriented Buyers
C0177,Individual,F,UK,England,Home,5,Yes,Website,72.8,7,2269897.21,324271.03,524447.11,8126.66,1160.9514285714286,False,True,False,324271.03,0,High-Activity Investment-Oriented Buyers
C0178,Individual,F,USA,Virginia,Home,4,No,Agency,53.5,7,2665917.96,380845.42285714287,548503.64,8994.99,1284.9985714285715,False,False,False,380845.42285714287,0,High-Activity Investment-Oriented Buyers
C0179,Individual,F,USA,Oregon,Investment,2,No,Website,37.9,8,2131372.11,266421.51375,358234.23,7580.360000000001,947.545,True,False,False,266421.51375,0,High-Activity Investment-Oriented Buyers
C0180,Individual,M,USA,California,Home,2,Yes,Agency,53.5,7,2660292.37,380041.76714285713,542668.47,8746.57,1249.51,False,True,False,380041.76714285713,0,High-Activity Investment-Oriented Buyers
C0181,Individual,M,USA,Texas,Home,2,Yes,Website,53.5,7,2047189.62,292455.66000000003,350173.43,6819.24,974.1771428571428,False,True,False,292455.66000000003,0,High-Activity Investment-Oriented Buyers
C0182,Individual,F,Germany,North Rhine-Westphalia,Investment,1,Yes,Website,52.1,8,3082362.35,385295.29375,642233.35,9975.57,1246.94625,True,True,False,385295.29375,0,High-Activity Investment-Oriented Buyers
C0183,Individual,M,USA,Nevada,Home,3,No,Website,53.5,7,1883106.92,269015.27428571426,330298.49,6349.73,907.1042857142857,False,False,False,269015.27428571426,0,High-Activity Investment-Oriented Buyers
C0184,Individual,M,USA,Florida,Home,1,No,Website,53.5,6,2618938.16,436489.69333333336,575737.82,8890.29,1481.715,False,False,False,436489.69333333336,0,High-Activity Investment-Oriented Buyers
C0185,Individual,F,USA,Nevada,Home,4,Yes,Agency,78.5,7,2491911.81,355987.40142857144,559547.45,7961.059999999999,1137.2942857142857,False,True,False,355987.40142857144,0,High-Activity Investment-Oriented Buyers
C0186,Individual,F,USA,Virginia,Home,1,No,Website,41.7,8,2674286.63,334285.82875,535134.61,8802.17,1100.27125,False,False,False,334285.82875,0,High-Activity Investment-Oriented Buyers
C0187,Individual,F,USA,Florida,Home,1,No,Website,53.5,6,2066651.14,344441.8566666667,535002.72,6812.219999999999,1135.37,False,False,False,344441.8566666667,0,High-Activity Investment-Oriented Buyers
C0188,Individual,M,USA,Oregon,Home,5,Yes,Website,83.2,7,2891447.6,413063.9428571429,615305.89,8847.74,1263.962857142857,False,True,False,413063.9428571429,0,High-Activity Investment-Oriented Buyers
C0189,Individual,F,USA,California,Home,2,No,Agency,65.1,7,2209659.42,315665.6314285714,631227.87,7172.8,1024.6857142857143,False,False,False,315665.6314285714,0,High-Activity Investment-Oriented Buyers
C0190,Individual,F,USA,California,Home,2,No,Website,53.5,7,2276701.17,325243.02428571426,518963.51,7344.08,1049.1542857142856,False,False,False,325243.02428571426,0,High-Activity Investment-Oriented Buyers
C0191,Individual,F,USA,Florida,Home,3,No,Agency,46.7,8,2172926.76,271615.84500000003,374700.13,7310.809999999999,913.85125,False,False,False,271615.84500000003,0,High-Activity Investment-Oriented Buyers
C0192,Individual,F,Belgium,Brussels,Investment,2,Yes,Website,39.9,7,2900509.1,414358.4428571428,609045.19,9133.05,1304.7214285714288,True,True,False,414358.4428571428,0,High-Activity Investment-Oriented Buyers
C0193,Individual,F,USA,California,Investment,4,Yes,Website,55.4,7,1933778.24,276254.03428571427,525419.08,6739.05,962.7214285714286,True,True,False,276254.03428571427,0,High-Activity Investment-Oriented Buyers
C0194,Individual,M,France,Ile-de-France,Home,5,Yes,Website,53.5,7,2759372.27,394196.03857142857,610038.08,8661.05,1237.292857142857,False,True,False,394196.03857142857,0,High-Activity Investment-Oriented Buyers
C0195,Individual,M,USA,California,Home,2,Yes,Website,53.5,7,2102233.85,300319.12142857147,486957.94,7204.9,1029.2714285714285,False,True,False,300319.12142857147,0,High-Activity Investment-Oriented Buyers
C0196,Individual,M,USA,Nevada,Investment,5,No,Agency,53.5,6,2611736.44,435289.4066666667,605691.78,8471.68,1411.9466666666667,True,False,False,435289.4066666667,0,High-Activity Investment-Oriented Buyers
C0197,Individual,M,USA,Virginia,Home,4,No,Client,79.5,8,2775768.6,346971.075,590525.42,8662.96,1082.87,False,False,False,346971.075,0,High-Activity Investment-Oriented Buyers
C0198,Individual,F,USA,California,Home,4,No,Website,53.5,8,2399689.67,299961.20875,510536.52,7980.38,997.5475,False,False,False,299961.20875,0,High-Activity Investment-Oriented Buyers
C0199,Individual,M,USA,California,Home,3,No,Agency,53.5,7,2582959.87,368994.26714285713,596863.29,8139.17,1162.7385714285715,False,False,False,368994.26714285713,0,High-Activity Investment-Oriented Buyers
C0200,Individual,F,USA,California,Home,1,No,Agency,79.7,4,1071359.39,267839.84750000003,410486.46,3682.83,920.7075,False,False,False,267839.84750000003,1,Mainstream Lower-Value Buyers
C0201,Individual,F,USA,California,Home,1,No,Agency,53.5,4,1298787.54,324696.885,402705.53,4589.74,1147.435,False,False,False,324696.885,1,Mainstream Lower-Value Buyers
C0202,Individual,M,Canada,British Columbia,Home,1,No,Website,27.1,3,1019272.59,339757.53,446358.88,3148.14,1049.38,False,False,False,339757.53,1,Mainstream Lower-Value Buyers
C0203,Individual,F,USA,California,Home,4,No,Client,53.5,4,1242478.83,310619.7075,596471.37,3664.15,916.0375,False,False,False,310619.7075,1,Mainstream Lower-Value Buyers
C0204,Individual,F,USA,California,Home,5,No,Agency,77.0,3,934432.98,311477.66,354252.16,3128.18,1042.7266666666667,False,False,False,311477.66,1,Mainstream Lower-Value Buyers
C0205,Individual,F,Mexico,Puebla,Home,1,Yes,Agency,53.5,3,949224.48,316408.16,390197.22,3218.1800000000003,1072.7266666666667,False,True,False,316408.16,1,Mainstream Lower-Value Buyers
C0206,Individual,F,USA,California,Home,1,Yes,Agency,66.7,3,853060.9299999999,284353.6433333333,378709.68,2554.28,851.4266666666667,False,True,False,284353.6433333333,1,Mainstream Lower-Value Buyers
C0207,Individual,M,USA,Virginia,Investment,4,No,Website,53.5,3,889948.76,296649.58666666667,533390.74,3313.53,1104.51,True,False,False,296649.58666666667,1,Mainstream Lower-Value Buyers
C0208,Individual,M,France,Provence,Home,4,Yes,Agency,53.5,4,1199654.38,299913.595,528026.75,3989.64,997.41,False,True,False,299913.595,1,Mainstream Lower-Value Buyers
C0209,Individual,M,USA,Arizona,Investment,3,No,Agency,53.5,4,979868.13,244967.0325,277921.61,3176.51,794.1275,True,False,False,244967.0325,1,Mainstream Lower-Value Buyers
C0210,Individual,F,USA,Colorado,Home,2,No,Website,53.5,4,1346156.55,336539.1375,567823.18,4542.12,1135.53,False,False,False,336539.1375,2,Higher-Value Property Buyers
C0211,Individual,F,USA,California,Home,3,No,Agency,53.5,4,1254240.07,313560.0175,514096.93,4213.08,1053.27,False,False,False,313560.0175,1,Mainstream Lower-Value Buyers
C0212,Individual,M,USA,California,Home,4,No,Agency,53.5,3,1068278.76,356092.92,408993.51,3674.04,1224.68,False,False,False,356092.92,1,Mainstream Lower-Value Buyers
C0213,Individual,M,USA,Florida,Investment,5,No,Agency,53.5,3,809691.13,269897.04333333333,361389.54,2691.9300000000003,897.3100000000001,True,False,False,269897.04333333333,1,Mainstream Lower-Value Buyers
C0214,Individual,F,Belgium,Brussels,Investment,5,No,Website,53.5,3,1070534.64,356844.88000000006,481085.34,3538.57,1179.5233333333333,True,False,False,356844.88000000006,1,Mainstream Lower-Value Buyers
C0215,Individual,F,Germany,Hamburg,Investment,4,No,Website,24.5,3,1032856.46,344285.48666666663,501616.65,3330.81,1110.27,True,False,False,344285.48666666663,1,Mainstream Lower-Value Buyers
C0216,Individual,M,USA,Utah,Home,1,No,Website,53.5,4,1352642.34,338160.585,392569.11,4252.16,1063.04,False,False,False,338160.585,1,Mainstream Lower-Value Buyers
C0217,Individual,F,USA,Colorado,Home,3,No,Website,39.5,4,1238434.91,309608.7275,512052.93,4076.49,1019.1225,False,False,False,309608.7275,1,Mainstream Lower-Value Buyers
C0218,Individual,F,USA,California,Home,2,No,Website,53.5,3,836639.27,278879.75666666665,371174.41,2741.01,913.67,False,False,False,278879.75666666665,1,Mainstream Lower-Value Buyers
C0219,Individual,M,USA,California,Home,4,No,Website,53.5,4,1267653.57,316913.3925,639093.49,4140.77,1035.1925,False,False,False,316913.3925,2,Higher-Value Property Buyers
C0220,Individual,M,Canada,Ontario,Investment,1,No,Website,72.6,3,1060812.68,353604.2266666666,521703.52,3304.65,1101.55,True,False,False,353604.2266666666,1,Mainstream Lower-Value Buyers
C0221,Company,F,USA,California,Home,5,No,Website,53.5,4,1377133.6,344283.4,538973.07,4746.09,1186.5225,False,False,True,344283.4,2,Higher-Value Property Buyers
C0222,Individual,M,USA,Utah,Investment,3,No,Agency,67.1,3,1223560.82,407853.6066666667,421263.63,4552.41,1517.47,True,False,False,407853.6066666667,2,Higher-Value Property Buyers
C0223,Individual,M,USA,Colorado,Investment,3,Yes,Website,50.1,4,969341.87,242335.4675,304478.01,3350.09,837.5225,True,True,False,242335.4675,1,Mainstream Lower-Value Buyers
C0224,Individual,M,USA,Colorado,Home,5,No,Website,53.5,3,1189255.63,396418.5433333333,539103.37,3990.65,1330.2166666666667,False,False,False,396418.5433333333,2,Higher-Value Property Buyers
C0225,Individual,F,USA,California,Home,1,Yes,Agency,53.5,4,1120626.94,280156.735,405353.74,3623.01,905.7525,False,True,False,280156.735,1,Mainstream Lower-Value Buyers
C0226,Individual,F,USA,Colorado,Home,2,No,Website,65.5,3,1571251.03,523750.3433333333,675765.41,4798.03,1599.3433333333332,False,False,False,523750.3433333333,2,Higher-Value Property Buyers
C0227,Individual,F,USA,Arizona,Home,5,Yes,Website,53.5,3,942245.37,314081.79,499753.6,3313.53,1104.51,False,True,False,314081.79,1,Mainstream Lower-Value Buyers
C0228,Individual,F,USA,Oregon,Investment,4,No,Website,53.5,3,606605.72,202201.90666666665,306527.75,1831.86,610.62,True,False,False,202201.90666666665,1,Mainstream Lower-Value Buyers
C0229,Individual,M,USA,Colorado,Investment,5,No,Website,53.5,3,892220.13,297406.71,355384.51,2701.38,900.46,True,False,False,297406.71,1,Mainstream Lower-Value Buyers
C0230,Company,M,USA,Nevada,Investment,4,Yes,Website,53.5,4,1457429.02,364357.255,567272.16,4417.17,1104.2925,True,True,True,364357.255,2,Higher-Value Property Buyers
C0231,Individual,M,Denmark,Central Denmark,Investment,2,Yes,Website,53.5,3,729893.08,243297.69333333333,367286.05,2548.91,849.6366666666667,True,True,False,243297.69333333333,1,Mainstream Lower-Value Buyers
C0232,Individual,F,USA,California,Home,3,Yes,Website,61.7,4,1276710.4900000002,319177.62250000006,556388.88,4146.61,1036.6525,False,True,False,319177.62250000006,1,Mainstream Lower-Value Buyers
C0233,Individual,M,France,Provence,Home,4,Yes,Website,26.3,4,1105806.54,276451.635,427127.89,3657.25,914.3125,False,True,False,276451.635,1,Mainstream Lower-Value Buyers
C0234,Individual,F,USA,New York,Home,1,Yes,Website,44.8,3,839967.04,279989.01333333337,439529.6,2919.27,973.09,False,True,False,279989.01333333337,1,Mainstream Lower-Value Buyers
C0235,Individual,M,USA,California,Home,5,No,Website,74.2,4,1268586.58,317146.645,427566.1,4368.34,1092.085,False,False,False,317146.645,1,Mainstream Lower-Value Buyers
C0236,Individual,M,Canada,Manitoba,Home,3,No,Agency,51.4,3,1321475.69,440491.89666666667,627817.81,4348.5,1449.5,False,False,False,440491.89666666667,2,Higher-Value Property Buyers
C0237,Individual,M,USA,California,Home,5,Yes,Website,39.2,3,1392353.31,464117.77,501441.18,4890.41,1630.1366666666663,False,True,False,464117.77,2,Higher-Value Property Buyers
C0238,Individual,F,USA,Virginia,Home,4,Yes,Agency,42.0,3,1125732.72,375244.24,472802.29,3375.51,1125.17,False,True,False,375244.24,1,Mainstream Lower-Value Buyers
C0239,Individual,F,USA,Oregon,Home,3,Yes,Website,53.5,4,1352763.67,338190.9175,561242.82,4046.32,1011.58,False,True,False,338190.9175,1,Mainstream Lower-Value Buyers
C0240,Individual,F,USA,Colorado,Investment,3,No,Website,53.5,3,935028.28,311676.0933333333,414273.14,3068.01,1022.67,True,False,False,311676.0933333333,1,Mainstream Lower-Value Buyers
C0241,Individual,F,Mexico,Nuevo Leon,Home,5,Yes,Website,53.5,3,1025934.71,341978.23666666663,486971.08,3330.81,1110.27,False,True,False,341978.23666666663,1,Mainstream Lower-Value Buyers
C0242,Individual,M,USA,Utah,Home,3,Yes,Agency,53.5,4,1358315.73,339578.9325,478633.51,4764.41,1191.1025,False,True,False,339578.9325,2,Higher-Value Property Buyers
C0243,Individual,F,USA,Utah,Home,2,No,Website,45.5,4,1382777.89,345694.47250000003,497893.52,5145.09,1286.2725,False,False,False,345694.47250000003,2,Higher-Value Property Buyers
C0244,Individual,F,USA,California,Home,1,No,Website,25.4,3,1046652.28,348884.0933333333,540440.51,3285.1000000000004,1095.0333333333335,False,False,False,348884.0933333333,1,Mainstream Lower-Value Buyers
C0245,Individual,M,USA,Nevada,Investment,4,No,Agency,50.0,3,1354584.5,451528.1666666667,648020.11,4317.77,1439.256666666667,True,False,False,451528.1666666667,2,Higher-Value Property Buyers
C0246,Individual,M,France,Normandy,Home,1,Yes,Agency,53.5,3,1024485.26,341495.08666666667,369524.95,3353.82,1117.9399999999998,False,True,False,341495.08666666667,1,Mainstream Lower-Value Buyers
C0247,Individual,M,USA,California,Home,1,No,Website,53.5,4,1696540.52,424135.13,553756.62,5835.72,1458.93,False,False,False,424135.13,2,Higher-Value Property Buyers
C0248,Individual,M,USA,Florida,Home,4,Yes,Agency,55.1,3,1035934.63,345311.54333333333,371257.45,3674.04,1224.68,False,True,False,345311.54333333333,1,Mainstream Lower-Value Buyers
C0249,Individual,F,USA,California,Investment,4,No,Agency,55.1,4,1142995.52,285748.88,489564.98,4109.299999999999,1027.3249999999998,True,False,False,285748.88,1,Mainstream Lower-Value Buyers
C0250,Individual,M,UK,England,Home,2,No,Agency,53.5,3,982306.66,327435.55333333334,459717.65,3230.07,1076.69,False,False,False,327435.55333333334,1,Mainstream Lower-Value Buyers
C0251,Individual,F,USA,Utah,Home,5,No,Website,47.4,3,463611.95,154537.31666666668,211507.17,1692.03,564.01,False,False,False,154537.31666666668,1,Mainstream Lower-Value Buyers
C0252,Individual,F,USA,Nevada,Investment,2,No,Website,53.5,3,1082221.48,360740.49333333335,527700.01,3628.92,1209.64,True,False,False,360740.49333333335,2,Higher-Value Property Buyers
C0253,Individual,F,USA,Virginia,Home,4,No,Website,53.5,4,1239226.11,309806.5275,486893.64,4211.33,1052.8325,False,False,False,309806.5275,1,Mainstream Lower-Value Buyers
C0254,Individual,F,USA,Florida,Home,5,No,Website,53.5,4,1332152.57,333038.1425,499070.64,4385.49,1096.3725,False,False,False,333038.1425,1,Mainstream Lower-Value Buyers
C0255,Individual,F,UK,England,Investment,3,Yes,Client,62.9,4,1689083.06,422270.765,598112.26,5013.23,1253.3075,True,True,False,422270.765,2,Higher-Value Property Buyers
C0256,Individual,M,USA,California,Home,1,Yes,Website,33.1,3,1150229.15,383409.7166666666,574185.82,3843.95,1281.3166666666666,False,True,False,383409.7166666666,2,Higher-Value Property Buyers
C0257,Individual,M,USA,California,Home,1,No,Website,53.5,3,1145456.23,381818.74333333335,534131.64,3833.52,1277.84,False,False,False,381818.74333333335,2,Higher-Value Property Buyers
C0258,Individual,M,UK,Northern Ireland,Home,4,Yes,Agency,53.5,3,1001712.37,333904.1233333333,525651.46,3519.55,1173.1833333333334,False,True,False,333904.1233333333,1,Mainstream Lower-Value Buyers
C0259,Individual,F,USA,Oregon,Home,4,No,Website,53.5,3,779396.4099999999,259798.8033333333,327070.05,2528.04,842.68,False,False,False,259798.8033333333,1,Mainstream Lower-Value Buyers
C0260,Individual,F,USA,Nevada,Investment,3,No,Website,77.4,4,1057192.79,264298.1975,387130.78,3283.69,820.9225,True,False,False,264298.1975,1,Mainstream Lower-Value Buyers
C0261,Company,F,USA,Florida,Investment,4,Yes,Website,53.5,4,2094623.1,523655.775,553392.84,6705.53,1676.3825,True,True,True,523655.775,2,Higher-Value Property Buyers
C0262,Individual,M,USA,Oregon,Home,2,No,Website,53.5,3,1233260.4,411086.8,507625.15,4077.72,1359.24,False,False,False,411086.8,2,Higher-Value Property Buyers
C0263,Individual,M,USA,Nevada,Investment,2,Yes,Website,42.4,3,969140.41,323046.80333333334,377230.63,3050.29,1016.7633333333332,True,True,False,323046.80333333334,1,Mainstream Lower-Value Buyers
C0264,Individual,F,USA,Colorado,Home,2,Yes,Agency,31.3,4,1127766.02,281941.505,343865.15,3888.98,972.245,False,True,False,281941.505,1,Mainstream Lower-Value Buyers
C0265,Company,M,Belgium,Flanders,Home,1,No,Website,53.5,4,1708031.99,427007.9975,629727.03,5172.29,1293.0725,False,False,True,427007.9975,2,Higher-Value Property Buyers
C0266,Individual,M,USA,California,Home,5,Yes,Agency,53.5,3,931646.38,310548.79333333333,423535.41,3236.36,1078.7866666666666,False,True,False,310548.79333333333,1,Mainstream Lower-Value Buyers
C0267,Individual,F,USA,Utah,Home,4,Yes,Agency,75.1,4,1314495.01,328623.7525,426946.49,4384.48,1096.12,False,True,False,328623.7525,1,Mainstream Lower-Value Buyers
C0268,Individual,F,USA,Georgia,Investment,3,No,Website,53.5,4,1108939.86,277234.965,425894.16,3601.56,900.39,True,False,False,277234.965,1,Mainstream Lower-Value Buyers
C0269,Individual,M,USA,New York,Home,2,No,Agency,54.9,3,1049110.08,349703.36000000004,536079.52,3230.07,1076.69,False,False,False,349703.36000000004,1,Mainstream Lower-Value Buyers
C0270,Individual,F,USA,Florida,Home,5,No,Website,53.5,3,924009.9,308003.3,389694.82,2950.28,983.4266666666668,False,False,False,308003.3,1,Mainstream Lower-Value Buyers
C0271,Individual,F,USA,California,Investment,3,No,Agency,53.5,4,1295689.37,323922.3425,479460.4,4097.35,1024.3375,True,False,False,323922.3425,1,Mainstream Lower-Value Buyers
C0272,Individual,F,UK,Scotland,Home,5,Yes,Website,30.4,4,1439584.37,359896.0925,535120.87,4994.32,1248.58,False,True,False,359896.0925,2,Higher-Value Property Buyers
C0273,Individual,M,Denmark,Zealand,Investment,2,No,Website,53.5,3,682452.64,227484.21333333332,341971.22,2404.38,801.46,True,False,False,227484.21333333332,1,Mainstream Lower-Value Buyers
C0274,Individual,M,USA,Florida,Home,2,No,Website,73.3,3,1343449.34,447816.4466666667,623754.36,4403.67,1467.89,False,False,False,447816.4466666667,2,Higher-Value Property Buyers
C0275,Individual,M,USA,Oregon,Home,1,Yes,Website,53.5,4,1237500.3,309375.075,394827.74,4709.35,1177.3375,False,True,False,309375.075,1,Mainstream Lower-Value Buyers
C0276,Individual,F,USA,Washington,Home,5,No,Website,53.5,3,1011195.98,337065.32666666666,419401.36,3494.9300000000003,1164.9766666666667,False,False,False,337065.32666666666,1,Mainstream Lower-Value Buyers
C0277,Individual,M,USA,Colorado,Investment,1,Yes,Agency,53.5,3,1123449.53,374483.1766666667,510899.59,3859.28,1286.4266666666667,True,True,False,374483.1766666667,2,Higher-Value Property Buyers
C0278,Individual,F,USA,California,Investment,2,Yes,Website,68.4,3,1442538.67,480846.2233333333,598158.07,5055.83,1685.2766666666666,True,True,False,480846.2233333333,2,Higher-Value Property Buyers
C0279,Individual,F,USA,Oregon,Home,1,No,Website,53.5,3,1012986.25,337662.0833333333,462143.05,3511.06,1170.3533333333332,False,False,False,337662.0833333333,1,Mainstream Lower-Value Buyers
C0280,Individual,M,USA,Florida,Home,4,No,Client,53.5,4,1282020.93,320505.2325,473146.44,4617.01,1154.2525,False,False,False,320505.2325,1,Mainstream Lower-Value Buyers
C0281,Individual,F,USA,California,Home,1,Yes,Agency,53.5,3,1256275.37,418758.4566666667,522943.88,4165.37,1388.4566666666667,False,True,False,418758.4566666667,2,Higher-Value Property Buyers
C0282,Individual,F,USA,California,Investment,1,No,Website,53.5,4,973863.8,243465.95,315993.38,3435.93,858.9825,True,False,False,243465.95,1,Mainstream Lower-Value Buyers
C0283,Individual,F,USA,Arizona,Home,2,Yes,Agency,61.6,4,1118599.47,279649.8675,503401.23,3690.16,922.54,False,True,False,279649.8675,1,Mainstream Lower-Value Buyers
C0284,Individual,M,USA,Arizona,Home,4,No,Client,53.5,4,1251975.85,312993.9625,452041.67,3976.29,994.0725,False,False,False,312993.9625,1,Mainstream Lower-Value Buyers
C0285,Individual,M,France,Ile-de-France,Investment,3,No,Website,24.8,4,1679056.13,419764.0325,575785.08,5692.69,1423.1725,True,False,False,419764.0325,2,Higher-Value Property Buyers
C0286,Individual,M,UK,Scotland,Home,1,No,Agency,53.5,3,859353.0900000001,286451.03,335095.0,2965.81,988.6033333333334,False,False,False,286451.03,1,Mainstream Lower-Value Buyers
C0287,Individual,F,Australia,New South Wales,Home,5,No,Website,33.6,3,1171265.03,390421.6766666667,483565.19,3617.89,1205.9633333333334,False,False,False,390421.6766666667,2,Higher-Value Property Buyers
C0288,Individual,M,USA,Colorado,Investment,4,No,Agency,26.2,4,1364289.23,341072.3075,556972.3,4793.49,1198.3725,True,False,False,341072.3075,2,Higher-Value Property Buyers
C0289,Individual,F,USA,California,Investment,5,No,Agency,53.5,4,1533862.35,383465.5875,465791.79,4801.09,1200.2725,True,False,False,383465.5875,2,Higher-Value Property Buyers
C0290,Individual,M,USA,California,Home,2,No,Website,62.0,3,1215398.18,405132.7266666666,618068.19,4011.52,1337.1733333333334,False,False,False,405132.7266666666,2,Higher-Value Property Buyers
C0291,Individual,M,USA,Nevada,Home,2,No,Agency,70.5,3,1322506.76,440835.5866666666,578696.13,4571.08,1523.6933333333334,False,False,False,440835.5866666666,2,Higher-Value Property Buyers
C0292,Individual,F,USA,California,Home,1,No,Agency,78.1,4,1442818.34,360704.585,562572.19,4336.25,1084.0625,False,False,False,360704.585,2,Higher-Value Property Buyers
C0293,Individual,F,USA,California,Investment,4,No,Website,30.5,4,1580876.65,395219.1625,555343.32,5197.31,1299.3275,True,False,False,395219.1625,2,Higher-Value Property Buyers
C0294,Individual,M,USA,Nevada,Home,3,Yes,Website,53.5,4,1027250.91,256812.7275,483003.01,3300.53,825.1324999999999,False,True,False,256812.7275,1,Mainstream Lower-Value Buyers
C0295,Individual,M,Russia,Tatarstan,Home,3,No,Agency,56.3,3,1350375.73,450125.24333333335,628455.63,4241.6,1413.8666666666668,False,False,False,450125.24333333335,2,Higher-Value Property Buyers
C0296,Individual,M,Canada,Manitoba,Home,1,Yes,Client,39.7,3,1142875.46,380958.4866666666,449749.3,3714.07,1238.0233333333333,False,True,False,380958.4866666666,2,Higher-Value Property Buyers
C0297,Individual,F,UK,Wales,Investment,5,No,Agency,53.5,4,1709184.75,427296.1875,549203.19,5691.97,1422.9925,True,False,False,427296.1875,2,Higher-Value Property Buyers
C0298,Individual,F,USA,Oregon,Home,3,No,Website,51.1,4,1262479.23,315619.8075,565653.37,4278.52,1069.63,False,False,False,315619.8075,1,Mainstream Lower-Value Buyers
C0299,Individual,F,UK,Wales,Home,5,No,Agency,46.7,4,1177661.76,294415.44,495541.93,3795.03,948.7575,False,False,False,294415.44,1,Mainstream Lower-Value Buyers
C0300,Individual,M,Canada,Alberta,Home,5,Yes,Website,64.7,3,844956.55,281652.18333333335,294620.75,2633.89,877.9633333333333,False,True,False,281652.18333333335,1,Mainstream Lower-Value Buyers
C0301,Individual,F,USA,Virginia,Home,4,No,Agency,64.8,3,1045776.52,348592.17333333334,452486.22,3859.28,1286.4266666666667,False,False,False,348592.17333333334,1,Mainstream Lower-Value Buyers
C0302,Individual,F,USA,Utah,Investment,1,No,Agency,53.5,4,1654300.33,413575.0825,712128.48,4956.58,1239.145,True,False,False,413575.0825,2,Higher-Value Property Buyers
C0303,Individual,F,USA,Virginia,Investment,5,Yes,Website,66.5,4,1519113.12,379778.28,464094.48,4968.33,1242.0825,True,True,False,379778.28,2,Higher-Value Property Buyers
C0304,Individual,M,USA,California,Investment,1,No,Agency,53.5,4,1685753.28,421438.32,664971.32,5334.25,1333.5625,True,False,False,421438.32,2,Higher-Value Property Buyers
C0305,Individual,F,USA,Arizona,Home,1,No,Website,53.5,3,1327736.23,442578.74333333335,561574.14,4479.73,1493.243333333333,False,False,False,442578.74333333335,2,Higher-Value Property Buyers
C0306,Individual,M,USA,California,Home,1,No,Client,35.7,4,1399698.79,349924.6975,493102.83,4302.02,1075.505,False,False,False,349924.6975,2,Higher-Value Property Buyers
C0307,Individual,M,USA,California,Home,5,Yes,Client,53.5,4,1490170.38,372542.595,500020.84,4668.42,1167.105,False,True,False,372542.595,2,Higher-Value Property Buyers
C0308,Individual,F,Belgium,Flanders,Investment,4,Yes,Agency,51.2,3,1176582.54,392194.18,528227.73,4031.45,1343.8166666666666,True,True,False,392194.18,2,Higher-Value Property Buyers
C0309,Individual,F,USA,Washington,Home,4,No,Agency,53.5,3,1382649.58,460883.19333333336,578028.54,4236.65,1412.2166666666665,False,False,False,460883.19333333336,2,Higher-Value Property Buyers
C0310,Individual,M,UK,Northern Ireland,Home,3,No,Website,31.7,3,1389329.62,463109.87333333335,525344.23,4695.97,1565.3233333333335,False,False,False,463109.87333333335,2,Higher-Value Property Buyers
C0311,Individual,M,USA,Georgia,Home,2,No,Website,71.8,4,1632999.56,408249.89,582311.86,5251.29,1312.8225,False,False,False,408249.89,2,Higher-Value Property Buyers
C0312,Individual,M,USA,Nevada,Home,3,Yes,Website,53.5,4,1105668.66,276417.165,363263.79,3849.28,962.32,False,True,False,276417.165,1,Mainstream Lower-Value Buyers
C0313,Company,M,USA,California,Home,1,No,Agency,49.7,3,1091085.9300000002,363695.31000000006,467065.87,3570.94,1190.3133333333333,False,False,True,363695.31000000006,1,Mainstream Lower-Value Buyers
C0314,Individual,M,USA,Washington,Investment,4,No,Agency,53.5,3,1040795.02,346931.67333333334,417096.92,3415.27,1138.4233333333334,True,False,False,346931.67333333334,1,Mainstream Lower-Value Buyers
C0315,Individual,M,Mexico,Baja California,Investment,5,No,Website,53.5,4,1178606.56,294651.64,560474.88,3918.71,979.6775,True,False,False,294651.64,1,Mainstream Lower-Value Buyers
C0316,Individual,M,UK,Scotland,Investment,4,Yes,Website,53.5,4,1792447.27,448111.8175,541632.06,5355.599999999999,1338.9,True,True,False,448111.8175,2,Higher-Value Property Buyers
C0317,Individual,F,USA,California,Investment,2,Yes,Website,53.5,3,1248444.31,416148.1033333333,518973.54,4353.76,1451.253333333333,True,True,False,416148.1033333333,2,Higher-Value Property Buyers
C0318,Individual,F,Germany,Berlin,Home,5,No,Website,53.5,3,871968.67,290656.2233333333,330533.73,2782.82,927.6066666666666,False,False,False,290656.2233333333,1,Mainstream Lower-Value Buyers
C0319,Company,F,USA,Texas,Home,5,Yes,Website,28.1,4,2061054.65,515263.6625,614698.11,6904.23,1726.0575,False,True,True,515263.6625,2,Higher-Value Property Buyers
C0320,Individual,M,USA,Texas,Home,3,Yes,Client,39.1,3,1317732.09,439244.03,569841.56,4397.76,1465.92,False,True,False,439244.03,2,Higher-Value Property Buyers
C0321,Individual,M,USA,California,Investment,2,No,Agency,32.0,4,1701753.71,425438.4275,541634.06,5287.04,1321.76,True,False,False,425438.4275,2,Higher-Value Property Buyers
C0322,Individual,F,USA,California,Home,2,Yes,Website,53.5,3,1347002.93,449000.9766666666,591179.27,4335.88,1445.2933333333333,False,True,False,449000.9766666666,2,Higher-Value Property Buyers
C0323,Individual,F,USA,California,Investment,2,Yes,Website,53.5,3,1230825.62,410275.2066666667,545057.23,3925.54,1308.513333333333,True,True,False,410275.2066666667,2,Higher-Value Property Buyers
C0324,Individual,M,USA,Washington,Home,4,No,Website,53.5,3,1147121.25,382373.75,517353.17,3939.48,1313.16,False,False,False,382373.75,2,Higher-Value Property Buyers
C0325,Individual,F,USA,California,Home,5,Yes,Agency,53.5,4,1205175.56,301293.89,488081.56,4120.49,1030.1225,False,True,False,301293.89,1,Mainstream Lower-Value Buyers
C0326,Individual,M,USA,Oregon,Investment,4,Yes,Agency,65.6,4,1321975.5,330493.875,577426.88,4112.51,1028.1275,True,True,False,330493.875,1,Mainstream Lower-Value Buyers
C0327,Individual,F,UK,Scotland,Home,1,No,Agency,62.5,4,1116366.72,279091.68,530962.64,3733.42,933.355,False,False,False,279091.68,1,Mainstream Lower-Value Buyers
C0328,Individual,M,USA,California,Home,1,Yes,Client,53.5,4,1356560.31,339140.0775,504707.33,4120.84,1030.21,False,True,False,339140.0775,1,Mainstream Lower-Value Buyers
C0329,Individual,F,Germany,Hesse,Home,3,No,Agency,25.2,3,770062.4,256687.46666666667,337233.0,2768.0,922.6666666666666,False,False,False,256687.46666666667,1,Mainstream Lower-Value Buyers
C0330,Individual,M,USA,California,Home,1,No,Website,53.5,4,1331463.63,332865.9075,453899.37,4587.97,1146.9925,False,False,False,332865.9075,1,Mainstream Lower-Value Buyers
C0331,Individual,F,USA,California,Investment,3,No,Agency,53.5,4,1546334.4,386583.6,486548.28,5039.8,1259.95,True,False,False,386583.6,2,Higher-Value Property Buyers
C0332,Individual,M,USA,Texas,Investment,3,No,Website,53.5,3,1209987.46,403329.1533333333,510194.12,4306.99,1435.6633333333332,True,False,False,403329.1533333333,2,Higher-Value Property Buyers
C0333,Individual,F,UK,Wales,Home,3,No,Website,53.5,3,1118960.06,372986.6866666667,544042.09,3610.17,1203.39,False,False,False,372986.6866666667,2,Higher-Value Property Buyers
C0334,Individual,M,USA,Arizona,Investment,3,No,Agency,73.4,4,1445655.93,361413.9825,565288.74,4191.96,1047.99,True,False,False,361413.9825,2,Higher-Value Property Buyers
C0335,Individual,M,USA,Arizona,Home,4,No,Website,53.5,4,1478341.12,369585.28,593581.03,4761.63,1190.4075,False,False,False,369585.28,2,Higher-Value Property Buyers
C0336,Individual,F,USA,California,Investment,5,No,Agency,53.5,3,1163690.59,387896.8633333333,627613.85,3680.63,1226.8766666666668,True,False,False,387896.8633333333,2,Higher-Value Property Buyers
C0337,Individual,M,USA,Arizona,Home,3,Yes,Website,53.5,3,759310.2,253103.4,405740.25,2680.13,893.3766666666667,False,True,False,253103.4,1,Mainstream Lower-Value Buyers
C0338,Individual,M,USA,California,Home,5,Yes,Website,53.5,4,1488671.13,372167.7825,539440.64,4908.68,1227.17,False,True,False,372167.7825,2,Higher-Value Property Buyers
C0339,Individual,M,USA,Utah,Investment,5,No,Agency,60.2,4,1548824.23,387206.0575,503290.73,4680.54,1170.135,True,False,False,387206.0575,2,Higher-Value Property Buyers
C0340,Individual,M,USA,California,Investment,2,No,Agency,53.5,3,1047500.42,349166.80666666664,437506.24,3790.73,1263.5766666666666,True,False,False,349166.80666666664,1,Mainstream Lower-Value Buyers
C0341,Individual,M,USA,California,Investment,4,No,Agency,41.1,4,1679555.42,419888.855,584357.04,5172.29,1293.0725,True,False,False,419888.855,2,Higher-Value Property Buyers
C0342,Individual,M,USA,California,Investment,2,No,Client,53.5,3,1290567.39,430189.13000000006,545582.64,3859.29,1286.43,True,False,False,430189.13000000006,2,Higher-Value Property Buyers
C0343,Individual,F,USA,California,Home,2,No,Website,53.5,4,1630923.97,407730.9925,626989.8,5498.34,1374.585,False,False,False,407730.9925,2,Higher-Value Property Buyers
C0344,Individual,M,Canada,British Columbia,Home,2,Yes,Website,53.5,4,1276344.68,319086.17,450231.11,4239.75,1059.9375,False,True,False,319086.17,1,Mainstream Lower-Value Buyers
C0345,Individual,F,USA,New York,Home,4,Yes,Website,53.5,3,1339687.25,446562.4166666667,495847.14,4531.13,1510.3766666666668,False,True,False,446562.4166666667,2,Higher-Value Property Buyers
C0346,Individual,F,USA,California,Home,5,No,Agency,60.6,3,1174812.86,391604.2866666666,492067.86,3815.01,1271.67,False,False,False,391604.2866666666,2,Higher-Value Property Buyers
C0347,Individual,M,USA,Washington,Home,3,Yes,Website,53.5,3,1378006.45,459335.4833333333,476814.14,4414.860000000001,1471.62,False,True,False,459335.4833333333,2,Higher-Value Property Buyers
C0348,Individual,M,USA,Colorado,Investment,5,Yes,Agency,53.5,4,1482633.92,370658.48,571558.04,4986.83,1246.7075,True,True,False,370658.48,2,Higher-Value Property Buyers
C0349,Individual,M,USA,Arizona,Home,2,Yes,Agency,53.5,3,1065745.84,355248.61333333334,536330.79,3373.5,1124.5,False,True,False,355248.61333333334,1,Mainstream Lower-Value Buyers
C0350,Individual,M,USA,Arizona,Home,2,No,Agency,31.1,3,1066408.3,355469.43333333335,501574.06,3618.82,1206.2733333333333,False,False,False,355469.43333333335,1,Mainstream Lower-Value Buyers
C0351,Individual,F,USA,Oregon,Home,5,No,Agency,53.5,4,1551113.76,387778.44,536210.24,5040.25,1260.0625,False,False,False,387778.44,2,Higher-Value Property Buyers
C0352,Individual,F,USA,Nevada,Investment,3,No,Agency,53.5,3,1339830.04,446610.01333333337,563932.05,4343.46,1447.82,True,False,False,446610.01333333337,2,Higher-Value Property Buyers
C0353,Individual,F,USA,Arizona,Home,2,No,Agency,53.5,3,889855.16,296618.38666666666,348984.03,2942.61,980.87,False,False,False,296618.38666666666,1,Mainstream Lower-Value Buyers
C0354,Individual,F,USA,California,Home,4,No,Website,53.5,3,962196.6,320732.2,401828.82,3177.45,1059.15,False,False,False,320732.2,1,Mainstream Lower-Value Buyers
C0355,Individual,M,Mexico,Baja California,Investment,1,No,Website,53.5,3,1029593.97,343197.99,371216.81,3820.35,1273.45,True,False,False,343197.99,1,Mainstream Lower-Value Buyers
C0356,Individual,F,USA,Georgia,Home,3,No,Website,47.6,4,964351.9,241087.975,356415.65,3264.64,816.16,False,False,False,241087.975,1,Mainstream Lower-Value Buyers
C0357,Individual,F,USA,California,Home,3,No,Website,35.7,3,970629.22,323543.0733333333,440318.57,3178.04,1059.3466666666666,False,False,False,323543.0733333333,1,Mainstream Lower-Value Buyers
C0358,Individual,F,Australia,New South Wales,Home,3,Yes,Agency,53.5,3,1150919.74,383639.9133333333,448849.01,3721.82,1240.6066666666666,False,True,False,383639.9133333333,2,Higher-Value Property Buyers
C0359,Individual,F,USA,California,Investment,1,No,Agency,72.8,3,1098189.89,366063.2966666667,504517.39,3925.54,1308.513333333333,True,False,False,366063.2966666667,2,Higher-Value Property Buyers
C0360,Individual,F,USA,Utah,Home,2,Yes,Agency,75.3,4,1978026.48,494506.62,563291.28,6705.53,1676.3825,False,True,False,494506.62,2,Higher-Value Property Buyers
C0361,Individual,M,UK,England,Home,1,Yes,Website,65.3,4,1468372.25,367093.0625,471871.72,4890.389999999999,1222.5975,False,True,False,367093.0625,2,Higher-Value Property Buyers
C0362,Individual,F,USA,Utah,Home,4,No,Website,23.3,3,1129669.4,376556.4666666666,479711.66,3487.85,1162.6166666666666,False,False,False,376556.4666666666,2,Higher-Value Property Buyers
C0363,Individual,F,USA,Utah,Investment,2,No,Client,53.5,4,1232301.44,308075.36,468524.95,3718.79,929.6975,True,False,False,308075.36,1,Mainstream Lower-Value Buyers
C0364,Individual,M,USA,Texas,Home,2,No,Website,79.8,4,1492505.18,373126.295,627189.08,5047.12,1261.78,False,False,False,373126.295,2,Higher-Value Property Buyers
C0365,Individual,M,USA,Colorado,Investment,5,No,Agency,61.9,3,951259.9,317086.63333333336,435723.27,3494.9300000000003,1164.9766666666667,True,False,False,317086.63333333336,1,Mainstream Lower-Value Buyers
C0366,Individual,M,USA,California,Home,4,No,Website,53.5,3,1420135.32,473378.44,668066.43,4356.79,1452.263333333333,False,False,False,473378.44,2,Higher-Value Property Buyers
C0367,Individual,M,USA,California,Investment,4,No,Agency,53.5,4,1662617.88,415654.47,593682.12,5076.26,1269.065,True,False,False,415654.47,2,Higher-Value Property Buyers
C0368,Individual,F,USA,California,Home,4,Yes,Agency,31.4,4,1494552.45,373638.1125,589380.74,4544.86,1136.215,False,True,False,373638.1125,2,Higher-Value Property Buyers
C0369,Individual,F,USA,Utah,Home,2,Yes,Agency,69.3,4,1586439.08,396609.77,604849.17,5334.25,1333.5625,False,True,False,396609.77,2,Higher-Value Property Buyers
C0370,Individual,F,Russia,Krasnodar Krai,Home,1,No,Website,53.5,4,1613633.39,403408.3475,552125.64,5339.51,1334.8775,False,False,False,403408.3475,2,Higher-Value Property Buyers
C0371,Individual,M,Belgium,Wallonia,Investment,3,No,Agency,53.5,3,827208.61,275736.2033333333,369988.32,2528.04,842.68,True,False,False,275736.2033333333,1,Mainstream Lower-Value Buyers
C0372,Individual,F,Belgium,Flanders,Investment,1,No,Agency,53.5,3,1280128.06,426709.3533333333,541782.12,4085.23,1361.743333333333,True,False,False,426709.3533333333,2,Higher-Value Property Buyers
C0373,Individual,F,USA,Georgia,Home,2,No,Agency,53.5,3,1047277.18,349092.3933333333,512134.29,3481.54,1160.513333333333,False,False,False,349092.3933333333,1,Mainstream Lower-Value Buyers
C0374,Individual,F,Australia,New South Wales,Investment,4,Yes,Agency,30.1,4,916825.86,229206.465,272720.31,2940.44,735.11,True,True,False,229206.465,1,Mainstream Lower-Value Buyers
C0375,Individual,M,USA,California,Investment,4,No,Website,53.5,3,1178580.64,392860.2133333334,463091.82,3674.04,1224.68,True,False,False,392860.2133333334,2,Higher-Value Property Buyers
C0376,Individual,F,USA,California,Home,3,No,Website,53.5,3,1182808.29,394269.43,474499.21,4085.23,1361.743333333333,False,False,False,394269.43,2,Higher-Value Property Buyers
C0377,Individual,M,USA,Washington,Home,4,No,Website,53.5,3,822780.32,274260.10666666663,319434.72,2712.1400000000003,904.0466666666669,False,False,False,274260.10666666663,1,Mainstream Lower-Value Buyers
C0378,Individual,F,USA,California,Investment,3,Yes,Website,53.5,3,812387.51,270795.83666666667,349197.14,2950.28,983.4266666666668,True,True,False,270795.83666666667,1,Mainstream Lower-Value Buyers
C0379,Company,M,USA,California,Investment,2,Yes,Client,53.5,4,1254919.36,313729.84,415669.45,4462.02,1115.505,True,True,True,313729.84,1,Mainstream Lower-Value Buyers
C0380,Individual,F,USA,California,Home,3,Yes,Website,53.5,3,939708.87,313236.29,518564.66,3526.3500000000004,1175.45,False,True,False,313236.29,1,Mainstream Lower-Value Buyers
C0381,Individual,M,USA,California,Home,5,Yes,Agency,63.0,3,878913.19,292971.0633333333,315056.1,3564.7,1188.2333333333331,False,True,False,292971.0633333333,1,Mainstream Lower-Value Buyers
C0382,Individual,M,USA,California,Investment,1,Yes,Agency,48.4,3,980139.25,326713.0833333333,397171.33,2942.61,980.87,True,True,False,326713.0833333333,1,Mainstream Lower-Value Buyers
C0383,Company,F,Mexico,Mexico City,Investment,3,No,Agency,38.1,4,968070.64,242017.66,454071.94,3238.63,809.6575,True,False,True,242017.66,1,Mainstream Lower-Value Buyers
C0384,Individual,F,USA,California,Home,3,Yes,Website,53.5,3,1010761.74,336920.58,366344.49,3148.14,1049.38,False,True,False,336920.58,1,Mainstream Lower-Value Buyers
C0385,Individual,M,UK,Northern Ireland,Investment,4,No,Website,55.0,3,1289646.41,429882.1366666667,605784.18,3831.82,1277.2733333333333,True,False,False,429882.1366666667,2,Higher-Value Property Buyers
C0386,Individual,F,USA,Colorado,Home,2,No,Client,53.5,3,1633972.21,544657.4033333333,704058.44,4335.24,1445.08,False,False,False,544657.4033333333,2,Higher-Value Property Buyers
C0387,Individual,F,USA,California,Home,2,Yes,Website,53.5,4,1992983.55,498245.8875,575135.54,6221.1900000000005,1555.2975,False,True,False,498245.8875,2,Higher-Value Property Buyers
C0388,Individual,M,USA,California,Home,4,No,Agency,53.5,3,961894.92,320631.64,395393.94,2927.83,975.9433333333332,False,False,False,320631.64,1,Mainstream Lower-Value Buyers
C0389,Individual,M,USA,Colorado,Home,3,No,Website,53.5,4,1261549.09,315387.2725,439227.72,4476.360000000001,1119.09,False,False,False,315387.2725,1,Mainstream Lower-Value Buyers
C0390,Individual,M,Canada,Quebec,Investment,2,No,Website,53.5,4,1678762.0699999998,419690.5175,550273.32,5181.06,1295.265,True,False,False,419690.5175,2,Higher-Value Property Buyers
C0391,Individual,F,USA,California,Home,5,No,Agency,57.1,3,1035012.91,345004.3033333333,502064.98,3193.25,1064.4166666666667,False,False,False,345004.3033333333,1,Mainstream Lower-Value Buyers
C0392,Individual,F,USA,Arizona,Home,2,Yes,Website,53.5,4,1015830.03,253957.5075,448959.32,3690.64,922.66,False,True,False,253957.5075,1,Mainstream Lower-Value Buyers
C0393,Individual,F,USA,Arizona,Home,4,No,Agency,35.6,4,1616556.78,404139.195,492421.76,5192.58,1298.145,False,False,False,404139.195,2,Higher-Value Property Buyers
C0394,Individual,F,USA,Colorado,Home,3,Yes,Website,53.5,4,1258840.0,314710.0,600821.21,4167.21,1041.8025,False,True,False,314710.0,1,Mainstream Lower-Value Buyers
C0395,Individual,F,USA,Florida,Home,1,No,Website,53.5,3,1153134.48,384378.16,493489.81,3910.42,1303.4733333333334,False,False,False,384378.16,2,Higher-Value Property Buyers
C0396,Individual,M,USA,Nevada,Home,5,No,Agency,53.5,4,1181447.25,295361.8125,414855.4,3585.01,896.2524999999999,False,False,False,295361.8125,1,Mainstream Lower-Value Buyers
C0397,Individual,F,USA,California,Home,5,No,Website,53.5,3,793543.27,264514.42333333334,299573.55,2586.33,862.11,False,False,False,264514.42333333334,1,Mainstream Lower-Value Buyers
C0398,Individual,F,USA,Texas,Home,1,Yes,Agency,53.5,4,1186693.85,296673.4625,416143.54,3743.06,935.765,False,True,False,296673.4625,1,Mainstream Lower-Value Buyers
C0399,Individual,M,USA,California,Home,4,No,Agency,39.6,4,1229057.49,307264.3725,470140.59,4372.2,1093.05,False,False,False,307264.3725,1,Mainstream Lower-Value Buyers
C0400,Individual,M,USA,California,Home,4,No,Agency,53.5,4,1360152.99,340038.2475,479620.3,4956.58,1239.145,False,False,False,340038.2475,2,Higher-Value Property Buyers
C0401,Individual,M,USA,Arizona,Home,5,Yes,Website,53.5,4,1020913.07,255228.2675,338232.19,3412.28,853.07,False,True,False,255228.2675,1,Mainstream Lower-Value Buyers
C0402,Individual,F,USA,Georgia,Home,5,No,Website,53.5,3,1054166.95,351388.98333333334,419555.74,3308.59,1102.8633333333337,False,False,False,351388.98333333334,1,Mainstream Lower-Value Buyers
C0403,Individual,F,Australia,New South Wales,Home,1,No,Website,53.5,3,878792.98,292930.99333333335,430423.76,3182.92,1060.9733333333334,False,False,False,292930.99333333335,1,Mainstream Lower-Value Buyers
C0404,Individual,F,France,Normandy,Investment,1,No,Client,47.1,3,731788.96,243929.6533333333,385857.81,2259.94,753.3133333333334,True,False,False,243929.6533333333,1,Mainstream Lower-Value Buyers
C0405,Company,M,USA,Colorado,Home,1,No,Agency,53.5,4,1310963.25,327740.8125,453518.72,4561.52,1140.38,False,False,True,327740.8125,1,Mainstream Lower-Value Buyers
C0406,Individual,F,USA,Colorado,Home,3,No,Website,53.5,4,1317165.12,329291.28,525171.0,4360.77,1090.1925,False,False,False,329291.28,1,Mainstream Lower-Value Buyers
C0407,Individual,F,USA,California,Home,2,No,Client,53.5,4,1254494.91,313623.7275,406850.28,4183.21,1045.8025,False,False,False,313623.7275,1,Mainstream Lower-Value Buyers
C0408,Individual,M,USA,California,Home,3,No,Website,46.9,3,1320497.01,440165.67,574122.16,4239.18,1413.0600000000002,False,False,False,440165.67,2,Higher-Value Property Buyers
C0409,Individual,M,USA,Nevada,Home,1,Yes,Website,53.5,4,1816669.2,454167.3,599891.42,5797.51,1449.3775,False,True,False,454167.3,2,Higher-Value Property Buyers
C0410,Individual,F,Russia,Saint Petersburg,Home,5,Yes,Agency,53.5,3,1021706.02,340568.67333333334,524175.54,3567.57,1189.1899999999998,False,True,False,340568.67333333334,1,Mainstream Lower-Value Buyers
C0411,Individual,F,USA,California,Home,2,No,Website,40.6,3,896987.21,298995.73666666663,475205.98,2651.24,883.7466666666668,False,False,False,298995.73666666663,1,Mainstream Lower-Value Buyers
C0412,Individual,F,UK,Scotland,Home,5,No,Website,53.5,3,1100376.25,366792.0833333333,493587.18,3782.51,1260.8366666666668,False,False,False,366792.0833333333,2,Higher-Value Property Buyers
C0413,Individual,M,Canada,British Columbia,Home,3,No,Website,83.5,4,1769126.22,442281.555,537806.31,5725.83,1431.4575,False,False,False,442281.555,2,Higher-Value Property Buyers
C0414,Individual,M,USA,California,Home,4,No,Website,61.1,4,1412148.94,353037.235,518926.42,4578.96,1144.74,False,False,False,353037.235,2,Higher-Value Property Buyers
C0415,Individual,F,USA,Nevada,Home,5,Yes,Agency,43.5,4,1305928.35,326482.0875,503380.47,4372.2,1093.05,False,True,False,326482.0875,1,Mainstream Lower-Value Buyers
C0416,Company,M,Germany,North Rhine-Westphalia,Investment,5,Yes,Client,53.5,3,1059532.51,353177.50333333336,492952.77,3782.51,1260.8366666666668,True,True,True,353177.50333333336,1,Mainstream Lower-Value Buyers
C0417,Individual,M,USA,Utah,Home,2,No,Website,76.1,3,1354773.96,451591.32,583440.71,4415.7,1471.9,False,False,False,451591.32,2,Higher-Value Property Buyers
C0418,Individual,M,USA,Arizona,Home,5,No,Agency,53.5,4,1629486.83,407371.7075,529967.66,5107.29,1276.8225,False,False,False,407371.7075,2,Higher-Value Property Buyers
C0419,Individual,M,USA,Washington,Home,3,Yes,Agency,61.2,4,1174012.19,293503.0475,419691.92,3961.79,990.4475,False,True,False,293503.0475,1,Mainstream Lower-Value Buyers
C0420,Individual,F,USA,California,Home,5,No,Agency,30.0,3,1260096.16,420032.0533333334,588644.89,3990.65,1330.2166666666667,False,False,False,420032.0533333334,2,Higher-Value Property Buyers
C0421,Individual,M,Germany,Hesse,Investment,5,Yes,Website,53.5,4,1495763.37,373940.8425,585167.95,4815.62,1203.905,True,True,False,373940.8425,2,Higher-Value Property Buyers
C0422,Company,F,USA,California,Home,1,Yes,Client,53.5,4,1653171.62,413292.905,555693.16,5714.299999999999,1428.5749999999998,False,True,True,413292.905,2,Higher-Value Property Buyers
C0423,Individual,F,USA,California,Home,1,No,Client,53.5,3,1068716.19,356238.73,410950.81,3585.59,1195.1966666666667,False,False,False,356238.73,1,Mainstream Lower-Value Buyers
C0424,Individual,F,USA,Florida,Home,1,No,Website,25.1,3,1034036.3,344678.76666666666,521067.94,3323.43,1107.81,False,False,False,344678.76666666666,1,Mainstream Lower-Value Buyers
C0425,Individual,M,USA,Nevada,Home,2,No,Agency,58.8,3,1256932.48,418977.49333333335,560677.96,4356.79,1452.263333333333,False,False,False,418977.49333333335,2,Higher-Value Property Buyers
C0426,Individual,F,USA,Oregon,Home,4,Yes,Client,70.2,3,890250.61,296750.2033333333,519106.96,2622.57,874.19,False,True,False,296750.2033333333,1,Mainstream Lower-Value Buyers
C0427,Individual,F,USA,California,Home,4,Yes,Website,29.3,4,1457016.31,364254.0775,563544.96,4866.38,1216.595,False,True,False,364254.0775,2,Higher-Value Property Buyers
C0428,Individual,F,USA,Oregon,Home,3,No,Agency,53.5,4,984451.32,246112.83,330914.17,3353.17,838.2925,False,False,False,246112.83,1,Mainstream Lower-Value Buyers
C0429,Individual,F,USA,California,Home,3,Yes,Website,28.2,4,1503904.16,375976.04,573428.92,5498.34,1374.585,False,True,False,375976.04,2,Higher-Value Property Buyers
C0430,Individual,M,USA,Nevada,Home,2,No,Agency,49.2,3,931141.96,310380.6533333333,413945.61,3099.31,1033.1033333333332,False,False,False,310380.6533333333,1,Mainstream Lower-Value Buyers
C0431,Individual,M,USA,California,Home,5,Yes,Website,54.7,4,1544751.33,386187.8325,562089.63,4986.47,1246.6175,False,True,False,386187.8325,2,Higher-Value Property Buyers
C0432,Company,M,USA,California,Home,5,No,Agency,53.5,4,1277850.15,319462.5375,500722.63,4100.599999999999,1025.15,False,False,True,319462.5375,1,Mainstream Lower-Value Buyers
C0433,Individual,F,USA,California,Investment,2,Yes,Website,54.8,4,1937061.37,484265.3425,656465.4,6365.889999999999,1591.4725,True,True,False,484265.3425,2,Higher-Value Property Buyers
C0434,Individual,F,Russia,Tatarstan,Home,5,No,Website,53.5,3,1364889.24,454963.08,603903.4,4336.67,1445.5566666666666,False,False,False,454963.08,2,Higher-Value Property Buyers
C0435,Individual,F,Australia,New South Wales,Home,5,Yes,Website,53.5,3,908970.34,302990.11333333334,382435.3,3231.9700000000003,1077.3233333333335,False,True,False,302990.11333333334,1,Mainstream Lower-Value Buyers
C0436,Individual,M,USA,Colorado,Home,2,Yes,Client,51.6,4,1327594.64,331898.66,479775.72,4257.05,1064.2625,False,True,False,331898.66,1,Mainstream Lower-Value Buyers
C0437,Individual,F,USA,Texas,Home,1,No,Website,33.2,3,657032.8200000001,219010.94000000003,353361.5,2404.38,801.46,False,False,False,219010.94000000003,1,Mainstream Lower-Value Buyers
C0438,Individual,M,USA,Georgia,Investment,1,Yes,Client,41.2,4,1458641.1,364660.275,517610.73,5047.12,1261.78,True,True,False,364660.275,2,Higher-Value Property Buyers
C0439,Individual,M,USA,Virginia,Home,2,No,Agency,67.8,3,1273328.62,424442.87333333335,547817.26,4268.91,1422.97,False,False,False,424442.87333333335,2,Higher-Value Property Buyers
C0440,Individual,M,USA,California,Investment,1,No,Agency,53.5,3,703498.83,234499.61,311878.98,2537.59,845.8633333333333,True,False,False,234499.61,1,Mainstream Lower-Value Buyers
C0441,Individual,F,Russia,Krasnodar Krai,Investment,1,No,Agency,43.2,4,1525849.55,381462.3875,616227.01,4957.06,1239.265,True,False,False,381462.3875,2,Higher-Value Property Buyers
C0442,Individual,F,USA,Colorado,Home,3,Yes,Website,53.5,4,1707466.97,426866.7425,520127.02,5958.92,1489.73,False,True,False,426866.7425,2,Higher-Value Property Buyers
C0443,Individual,M,Denmark,Capital Region,Home,1,Yes,Agency,53.5,3,1355839.1,451946.3666666667,555912.87,4583.59,1527.8633333333337,False,True,False,451946.3666666667,2,Higher-Value Property Buyers
C0444,Individual,F,USA,California,Home,2,No,Website,53.5,4,1054514.54,263628.635,399974.1,3775.88,943.97,False,False,False,263628.635,1,Mainstream Lower-Value Buyers
C0445,Individual,F,USA,California,Home,2,Yes,Website,28.1,4,1425691.63,356422.9075,518136.39,4407.95,1101.9875,False,True,False,356422.9075,2,Higher-Value Property Buyers
C0446,Individual,M,USA,Colorado,Home,2,No,Website,68.9,3,1024655.04,341551.68,426208.52,3776.07,1258.6899999999998,False,False,False,341551.68,1,Mainstream Lower-Value Buyers
C0447,Individual,F,USA,New York,Home,2,No,Website,53.5,3,1543592.15,514530.7166666666,605190.49,5041.58,1680.5266666666666,False,False,False,514530.7166666666,2,Higher-Value Property Buyers
C0448,Individual,M,USA,Nevada,Investment,2,No,Agency,43.6,3,942066.48,314022.16,458054.04,3150.24,1050.08,True,False,False,314022.16,1,Mainstream Lower-Value Buyers
C0449,Individual,M,USA,Oregon,Investment,2,No,Agency,53.5,3,1418922.44,472974.14666666667,594018.07,4512.84,1504.28,True,False,False,472974.14666666667,2,Higher-Value Property Buyers
C0450,Individual,M,Mexico,Nuevo Leon,Home,3,No,Website,53.5,4,1555297.37,388824.3425,473301.04,5034.33,1258.5825,False,False,False,388824.3425,2,Higher-Value Property Buyers
C0451,Individual,M,Canada,Alberta,Investment,5,Yes,Client,53.5,4,1665967.41,416491.8525,526063.15,5358.78,1339.695,True,True,False,416491.8525,2,Higher-Value Property Buyers
C0452,Individual,M,USA,Washington,Home,3,No,Website,53.5,4,1398358.69,349589.6725,515843.73,4344.91,1086.2275,False,False,False,349589.6725,2,Higher-Value Property Buyers
C0453,Individual,M,UK,Scotland,Investment,1,No,Website,53.5,4,1321010.76,330252.69,587960.16,4413.21,1103.3025,True,False,False,330252.69,2,Higher-Value Property Buyers
C0454,Company,F,USA,Nevada,Investment,4,No,Agency,62.8,3,980683.73,326894.57666666666,522599.89,3217.45,1072.4833333333331,True,False,True,326894.57666666666,1,Mainstream Lower-Value Buyers
C0455,Individual,F,USA,California,Home,1,No,Agency,60.9,4,1125726.62,281431.655,477256.95,3353.17,838.2925,False,False,False,281431.655,1,Mainstream Lower-Value Buyers
C0456,Individual,F,USA,Oregon,Home,3,Yes,Website,53.5,3,1349210.55,449736.85,521158.55,4346.46,1448.82,False,True,False,449736.85,2,Higher-Value Property Buyers
C0457,Individual,M,UK,Wales,Investment,1,No,Agency,53.5,3,1399940.21,466646.7366666666,596228.96,4373.5,1457.8333333333333,True,False,False,466646.7366666666,2,Higher-Value Property Buyers
C0458,Individual,M,USA,Oregon,Investment,1,No,Agency,28.5,4,1382881.81,345720.4525,503414.2,4493.27,1123.3175,True,False,False,345720.4525,2,Higher-Value Property Buyers
C0459,Individual,M,USA,California,Home,3,No,Agency,53.5,3,821716.14,273905.38,368466.6,2836.95,945.65,False,False,False,273905.38,1,Mainstream Lower-Value Buyers
C0460,Individual,F,USA,Virginia,Home,1,No,Website,53.5,3,1061349.03,353783.01,484806.07,3236.36,1078.7866666666666,False,False,False,353783.01,1,Mainstream Lower-Value Buyers
C0461,Individual,M,USA,Arizona,Home,1,No,Agency,53.5,3,986630.39,328876.7966666667,473479.09,3472.41,1157.47,False,False,False,328876.7966666667,1,Mainstream Lower-Value Buyers
C0462,Individual,M,Australia,Victoria,Home,2,No,Agency,53.5,4,1606667.68,401666.92,630993.32,5264.15,1316.0375,False,False,False,401666.92,2,Higher-Value Property Buyers
C0463,Individual,M,USA,California,Home,5,No,Client,53.5,4,1235094.73,308773.6825,456678.02,3957.84,989.46,False,False,False,308773.6825,1,Mainstream Lower-Value Buyers
C0464,Individual,M,USA,Florida,Home,5,No,Website,49.1,4,1455550.0,363887.5,462200.84,5107.29,1276.8225,False,False,False,363887.5,2,Higher-Value Property Buyers
C0465,Individual,M,USA,California,Home,3,No,Website,74.3,3,707799.9199999999,235933.30666666664,344983.8,2517.4300000000003,839.1433333333334,False,False,False,235933.30666666664,1,Mainstream Lower-Value Buyers
C0466,Individual,F,USA,Virginia,Investment,2,No,Website,53.5,4,1228651.21,307162.8025,446810.74,4120.84,1030.21,True,False,False,307162.8025,1,Mainstream Lower-Value Buyers
C0467,Individual,F,USA,Ohio,Home,1,Yes,Agency,71.7,3,976066.93,325355.64333333337,433348.26,3467.09,1155.6966666666667,False,True,False,325355.64333333337,1,Mainstream Lower-Value Buyers
C0468,Individual,M,Mexico,Jalisco,Investment,3,Yes,Website,53.5,3,1267396.7999999998,422465.5999999999,511655.42,4158.96,1386.32,True,True,False,422465.5999999999,2,Higher-Value Property Buyers
C0469,Individual,M,USA,California,Home,2,No,Website,53.5,4,1518476.47,379619.1175,502622.02,5061.53,1265.3825,False,False,False,379619.1175,2,Higher-Value Property Buyers
C0470,Individual,F,USA,Oregon,Home,1,No,Agency,53.5,3,862552.54,287517.51333333337,497090.51,2651.24,883.7466666666666,False,False,False,287517.51333333337,1,Mainstream Lower-Value Buyers
C0471,Individual,M,USA,Utah,Investment,3,No,Agency,53.5,3,1084997.39,361665.7966666666,513906.66,3628.92,1209.64,True,False,False,361665.7966666666,2,Higher-Value Property Buyers
C0472,Individual,M,USA,California,Home,4,No,Website,72.2,3,1277486.37,425828.79,529761.19,4182.63,1394.21,False,False,False,425828.79,2,Higher-Value Property Buyers
C0473,Individual,F,USA,California,Home,3,No,Agency,42.4,4,1304527.66,326131.91500000004,518735.4,4170.9,1042.725,False,False,False,326131.91500000004,1,Mainstream Lower-Value Buyers
C0474,Individual,M,USA,Nevada,Home,1,No,Website,28.1,4,962015.29,240503.8225,413387.67,3296.81,824.2025,False,False,False,240503.8225,1,Mainstream Lower-Value Buyers
C0475,Individual,M,Belgium,Wallonia,Investment,2,Yes,Agency,53.5,3,1234470.16,411490.0533333333,455542.16,4114.84,1371.6133333333337,True,True,False,411490.0533333333,2,Higher-Value Property Buyers
C0476,Individual,M,USA,Florida,Home,3,No,Agency,26.7,4,1485303.01,371325.7525,457069.23,5197.47,1299.3675,False,False,False,371325.7525,2,Higher-Value Property Buyers
C0477,Individual,M,USA,California,Investment,4,Yes,Website,39.9,3,1535114.88,511704.96,734390.86,4356.79,1452.263333333333,True,True,False,511704.96,2,Higher-Value Property Buyers
C0478,Individual,F,USA,Ohio,Investment,4,No,Website,83.4,3,774892.79,258297.59666666668,404581.32,2992.24,997.4133333333332,True,False,False,258297.59666666668,1,Mainstream Lower-Value Buyers
C0479,Individual,F,USA,California,Home,2,Yes,Agency,45.7,4,1172782.93,293195.7325,494567.75,3826.69,956.6725,False,True,False,293195.7325,1,Mainstream Lower-Value Buyers
C0480,Individual,M,USA,California,Home,4,Yes,Website,53.5,4,1033261.03,258315.2575,347137.85,3308.8,827.2,False,True,False,258315.2575,1,Mainstream Lower-Value Buyers
C0481,Individual,M,USA,Arizona,Home,3,No,Agency,47.1,4,1365460.24,341365.06,539294.72,4163.56,1040.89,False,False,False,341365.06,2,Higher-Value Property Buyers
C0482,Individual,F,USA,New York,Investment,3,Yes,Agency,43.2,3,1006132.77,335377.59,421206.38,3466.39,1155.4633333333334,True,True,False,335377.59,1,Mainstream Lower-Value Buyers
C0483,Individual,M,USA,Arizona,Investment,1,No,Website,38.1,3,881113.79,293704.5966666667,415468.55,2804.62,934.8733333333332,True,False,False,293704.5966666667,1,Mainstream Lower-Value Buyers
C0484,Individual,F,USA,Texas,Investment,3,No,Website,53.5,4,1313240.67,328310.1675,412809.69,4456.42,1114.105,True,False,False,328310.1675,1,Mainstream Lower-Value Buyers
C0485,Individual,F,USA,Arizona,Home,2,No,Website,32.2,3,1000841.18,333613.7266666666,603778.82,3434.41,1144.8033333333333,False,False,False,333613.7266666666,1,Mainstream Lower-Value Buyers
C0486,Individual,M,USA,California,Investment,2,Yes,Website,53.5,3,1090587.66,363529.22,599081.0,3526.3500000000004,1175.45,True,True,False,363529.22,2,Higher-Value Property Buyers
C0487,Individual,F,USA,Washington,Home,5,No,Website,53.5,4,1576272.71,394068.1775,542265.03,5180.39,1295.0975,False,False,False,394068.1775,2,Higher-Value Property Buyers
C0488,Individual,F,USA,California,Investment,4,No,Agency,44.6,4,1218265.36,304566.34,559367.69,3963.95,990.9875,True,False,False,304566.34,1,Mainstream Lower-Value Buyers
C0489,Individual,M,Germany,Berlin,Investment,2,No,Website,73.6,3,1025274.77,341758.25666666665,439792.36,3308.59,1102.8633333333337,True,False,False,341758.25666666665,1,Mainstream Lower-Value Buyers
C0490,Individual,F,USA,Nevada,Investment,5,Yes,Website,53.5,3,1292367.93,430789.31,517225.72,3721.82,1240.6066666666666,True,True,False,430789.31,2,Higher-Value Property Buyers
C0491,Individual,M,USA,Washington,Home,2,No,Website,82.4,3,1106379.8,368793.26666666666,527792.52,3505.15,1168.3833333333334,False,False,False,368793.26666666666,2,Higher-Value Property Buyers
C0492,Individual,M,USA,Utah,Home,3,Yes,Website,23.7,4,1300917.1,325229.275,551610.52,4034.65,1008.6625,False,True,False,325229.275,1,Mainstream Lower-Value Buyers
C0493,Individual,M,USA,Colorado,Home,3,No,Website,69.5,4,1312198.98,328049.745,432134.46,4564.9,1141.225,False,False,False,328049.745,1,Mainstream Lower-Value Buyers
C0494,Individual,F,USA,California,Home,3,Yes,Website,33.4,4,1052676.65,263169.1625,379142.42,3644.17,911.0425,False,True,False,263169.1625,1,Mainstream Lower-Value Buyers
C0495,Individual,M,USA,California,Investment,5,No,Client,53.5,4,1246742.44,311685.61,420300.71,3939.81,984.9525,True,False,False,311685.61,1,Mainstream Lower-Value Buyers
C0496,Individual,M,USA,California,Home,4,No,Agency,34.0,4,1120376.44,280094.11,352076.14,3790.99,947.7475,False,False,False,280094.11,1,Mainstream Lower-Value Buyers
C0497,Individual,F,USA,Arizona,Investment,4,Yes,Website,38.9,3,1330684.99,443561.6633333333,526810.49,4314.88,1438.2933333333333,True,True,False,443561.6633333333,2,Higher-Value Property Buyers
C0498,Individual,F,Canada,Alberta,Home,2,Yes,Website,53.5,3,1007455.29,335818.43,419982.23,3775.2,1258.4,False,True,False,335818.43,1,Mainstream Lower-Value Buyers
C0499,Individual,F,USA,Colorado,Home,3,Yes,Agency,77.9,3,897769.81,299256.60333333333,383627.2,2591.29,863.7633333333333,False,True,False,299256.60333333333,1,Mainstream Lower-Value Buyers
C0500,Individual,M,USA,California,Home,4,Yes,Website,53.5,3,1294944.52,431648.1733333333,476123.08,4314.88,1438.2933333333333,False,True,False,431648.1733333333,2,Higher-Value Property Buyers
C0501,Individual,M,USA,Nevada,Investment,5,Yes,Agency,28.1,4,1741166.27,435291.5675,545614.44,5817.4,1454.35,True,True,False,435291.5675,2,Higher-Value Property Buyers
C0502,Individual,F,USA,Arizona,Home,4,No,Website,53.5,4,1537989.75,384497.4375,483760.31,5297.54,1324.385,False,False,False,384497.4375,2,Higher-Value Property Buyers
C0503,Individual,M,USA,Utah,Investment,2,Yes,Client,53.5,4,1432167.34,358041.835,609798.92,4542.12,1135.53,True,True,False,358041.835,2,Higher-Value Property Buyers
C0504,Individual,M,USA,Utah,Home,2,No,Website,53.5,4,1367188.58,341797.145,463948.75,4434.43,1108.6075,False,False,False,341797.145,1,Mainstream Lower-Value Buyers
C0505,Individual,F,USA,Arizona,Home,3,No,Agency,53.5,3,1043535.21,347845.07,462127.71,3375.51,1125.17,False,False,False,347845.07,1,Mainstream Lower-Value Buyers
C0506,Individual,M,USA,California,Home,5,No,Agency,56.5,3,1122203.03,374067.6766666667,461159.55,3802.22,1267.4066666666668,False,False,False,374067.6766666667,2,Higher-Value Property Buyers
C0507,Individual,M,USA,New York,Home,3,No,Website,53.5,3,1062656.61,354218.86999999994,474018.4,3664.15,1221.3833333333334,False,False,False,354218.86999999994,1,Mainstream Lower-Value Buyers
C0508,Individual,F,USA,Nevada,Home,5,No,Agency,54.0,3,833710.06,277903.35333333333,463860.46,2701.85,900.6166666666667,False,False,False,277903.35333333333,1,Mainstream Lower-Value Buyers
C0509,Individual,M,Belgium,Wallonia,Home,3,No,Website,67.7,4,1687930.25,421982.5625,636508.92,5333.110000000001,1333.2775,False,False,False,421982.5625,2,Higher-Value Property Buyers
C0510,Individual,F,France,Brittany,Investment,1,Yes,Website,53.5,3,1094232.67,364744.2233333333,504493.45,3731.47,1243.8233333333333,True,True,False,364744.2233333333,2,Higher-Value Property Buyers
C0511,Individual,F,UK,England,Home,2,No,Website,53.5,3,1090537.6,363512.5333333334,505829.95,3538.57,1179.5233333333333,False,False,False,363512.5333333334,1,Mainstream Lower-Value Buyers
C0512,Individual,F,USA,Arizona,Home,1,No,Client,53.5,3,1448158.14,482719.38000000006,558618.92,4963.42,1654.4733333333334,False,False,False,482719.38000000006,2,Higher-Value Property Buyers
C0513,Individual,M,USA,Florida,Home,2,Yes,Agency,24.8,3,974596.63,324865.54333333333,491938.8,3148.54,1049.513333333333,False,True,False,324865.54333333333,1,Mainstream Lower-Value Buyers
C0514,Individual,F,USA,Oregon,Home,1,Yes,Website,53.5,4,1528027.54,382006.885,598032.14,5264.15,1316.0375,False,True,False,382006.885,2,Higher-Value Property Buyers
C0515,Individual,F,USA,California,Home,1,Yes,Website,60.3,4,1561824.93,390456.2325,486501.61,5371.17,1342.7925,False,True,False,390456.2325,2,Higher-Value Property Buyers
C0516,Individual,M,USA,Utah,Home,3,No,Website,53.5,4,1437837.49,359459.3725,501892.72,4787.56,1196.89,False,False,False,359459.3725,2,Higher-Value Property Buyers
C0517,Individual,M,USA,California,Home,5,No,Client,53.5,4,1115807.0,278951.75,413330.24,3757.95,939.4875,False,False,False,278951.75,1,Mainstream Lower-Value Buyers
C0518,Company,F,USA,New York,Home,3,No,Website,53.5,4,1633111.65,408277.9125,657039.24,4787.889999999999,1196.9725,False,False,True,408277.9125,2,Higher-Value Property Buyers
C0519,Individual,F,USA,Arizona,Investment,3,No,Agency,48.2,3,981719.26,327239.75333333336,436603.35,3326.99,1108.996666666667,True,False,False,327239.75333333336,1,Mainstream Lower-Value Buyers
C0520,Individual,F,USA,Oregon,Home,3,Yes,Agency,53.9,3,1033523.16,344507.72000000003,454823.84,3326.99,1108.996666666667,False,True,False,344507.72000000003,1,Mainstream Lower-Value Buyers
C0521,Individual,F,Canada,British Columbia,Home,3,No,Website,56.8,4,1074306.5,268576.625,428385.38,3490.7200000000003,872.6800000000001,False,False,False,268576.625,1,Mainstream Lower-Value Buyers
C0522,Individual,F,USA,Virginia,Home,5,No,Agency,53.5,3,993023.13,331007.71,365717.82,3721.82,1240.6066666666666,False,False,False,331007.71,1,Mainstream Lower-Value Buyers
C0523,Individual,F,USA,Colorado,Home,2,No,Agency,53.5,3,928962.95,309654.31666666665,458362.92,3175.99,1058.6633333333332,False,False,False,309654.31666666665,1,Mainstream Lower-Value Buyers
C0524,Individual,M,USA,Washington,Home,3,No,Website,53.5,3,801104.6900000001,267034.89666666667,372739.71,2691.9300000000003,897.3100000000001,False,False,False,267034.89666666667,1,Mainstream Lower-Value Buyers
C0525,Individual,M,USA,Arizona,Home,4,Yes,Agency,73.6,4,1629457.52,407364.38,528447.33,5197.31,1299.3275,False,True,False,407364.38,2,Higher-Value Property Buyers
C0526,Individual,M,Germany,Bavaria,Home,5,No,Website,53.5,3,1301139.77,433713.25666666665,578194.07,4776.37,1592.1233333333332,False,False,False,433713.25666666665,2,Higher-Value Property Buyers
C0527,Individual,M,USA,California,Home,2,No,Website,53.5,3,1138099.7,379366.56666666665,544170.95,3898.61,1299.5366666666666,False,False,False,379366.56666666665,2,Higher-Value Property Buyers
C0528,Individual,M,USA,Washington,Investment,2,No,Client,23.4,3,1118472.87,372824.29,518036.13,3618.82,1206.2733333333333,True,False,False,372824.29,2,Higher-Value Property Buyers
C0529,Individual,M,USA,Nevada,Home,4,Yes,Website,53.5,4,1268138.95,317034.7375,420874.11,4392.67,1098.1675,False,True,False,317034.7375,1,Mainstream Lower-Value Buyers
C0530,Individual,F,USA,Utah,Home,2,Yes,Agency,71.3,4,1559124.69,389781.1725,579567.49,4986.83,1246.7075,False,True,False,389781.1725,2,Higher-Value Property Buyers
C0531,Individual,F,USA,California,Home,1,No,Website,53.5,4,1911300.78,477825.195,580528.21,6042.6,1510.65,False,False,False,477825.195,2,Higher-Value Property Buyers
C0532,Individual,F,Belgium,Flanders,Home,2,No,Website,44.4,4,1075202.77,268800.6925,411253.4,3963.95,990.9875,False,False,False,268800.6925,1,Mainstream Lower-Value Buyers
C0533,Individual,M,USA,Nevada,Investment,1,No,Agency,60.3,4,990028.19,247507.0475,438895.96,3149.84,787.46,True,False,False,247507.0475,1,Mainstream Lower-Value Buyers
C0534,Individual,M,USA,California,Investment,1,No,Agency,53.5,3,1133195.2,377731.7333333333,406001.38,4114.84,1371.6133333333337,True,False,False,377731.7333333333,2,Higher-Value Property Buyers
C0535,Individual,F,UK,Wales,Home,3,No,Agency,53.5,3,1299053.94,433017.98,494969.3,4158.96,1386.32,False,False,False,433017.98,2,Higher-Value Property Buyers
C0536,Individual,F,USA,Arizona,Investment,5,Yes,Website,53.5,3,983106.84,327702.28,512156.34,3313.53,1104.51,True,True,False,327702.28,1,Mainstream Lower-Value Buyers
C0537,Individual,M,USA,Florida,Home,2,No,Client,53.5,4,1490327.5,372581.875,595842.66,4956.58,1239.145,False,False,False,372581.875,2,Higher-Value Property Buyers
C0538,Individual,M,USA,California,Home,1,Yes,Agency,53.5,4,1206897.7000000002,301724.42500000005,464389.02,4413.29,1103.3225,False,True,False,301724.42500000005,1,Mainstream Lower-Value Buyers
C0539,Individual,M,USA,California,Investment,1,Yes,Agency,53.5,4,1645321.2,411330.3,493737.03,5355.599999999999,1338.9,True,True,False,411330.3,2,Higher-Value Property Buyers
C0540,Individual,F,USA,New York,Home,3,No,Agency,53.5,3,494173.31,164724.43666666668,193265.77,1731.73,577.2433333333333,False,False,False,164724.43666666668,1,Mainstream Lower-Value Buyers
C0541,Individual,M,UK,Northern Ireland,Home,3,No,Agency,53.5,4,1721673.54,430418.385,566466.92,5186.25,1296.5625,False,False,False,430418.385,2,Higher-Value Property Buyers
C0542,Company,M,Mexico,Mexico City,Home,3,No,Website,53.5,4,1195819.4,298954.85,385011.74,4097.35,1024.3375,False,False,True,298954.85,1,Mainstream Lower-Value Buyers
C0543,Individual,F,USA,Texas,Home,2,Yes,Website,53.5,3,753145.67,251048.55666666667,350655.95,2588.61,862.8699999999999,False,True,False,251048.55666666667,1,Mainstream Lower-Value Buyers
C0544,Individual,M,USA,Utah,Home,2,No,Website,53.5,4,1636756.28,409189.07,504689.77,5305.01,1326.2525,False,False,False,409189.07,2,Higher-Value Property Buyers
C0545,Individual,M,USA,Colorado,Home,1,Yes,Agency,81.4,3,1260126.39,420042.13,532459.61,4356.79,1452.263333333333,False,True,False,420042.13,2,Higher-Value Property Buyers
C0546,Individual,M,Canada,Manitoba,Home,4,No,Client,53.5,3,795528.06,265176.02,306339.37,2797.11,932.37,False,False,False,265176.02,1,Mainstream Lower-Value Buyers
C0547,Individual,F,USA,California,Investment,2,No,Agency,53.5,4,1178457.95,294614.4875,388928.18,4113.29,1028.3225,True,False,False,294614.4875,1,Mainstream Lower-Value Buyers
C0548,Individual,M,USA,California,Home,2,No,Agency,43.7,3,1047476.93,349158.9766666666,515231.68,3559.31,1186.4366666666667,False,False,False,349158.9766666666,1,Mainstream Lower-Value Buyers
C0549,Individual,M,USA,Florida,Home,4,No,Website,53.5,3,941219.76,313739.92,386941.83,3248.25,1082.75,False,False,False,313739.92,1,Mainstream Lower-Value Buyers
C0550,Company,F,USA,Nevada,Home,1,No,Agency,56.7,4,1414568.09,353642.0225,445954.78,4494.469999999999,1123.6174999999998,False,False,True,353642.0225,2,Higher-Value Property Buyers
C0551,Individual,M,USA,California,Investment,4,No,Website,53.5,3,1007397.56,335799.1866666667,543106.45,3331.87,1110.6233333333332,True,False,False,335799.1866666667,1,Mainstream Lower-Value Buyers
C0552,Individual,M,USA,Virginia,Investment,3,No,Agency,53.5,3,1141476.56,380492.1866666667,546573.79,3588.52,1196.1733333333334,True,False,False,380492.1866666667,2,Higher-Value Property Buyers
C0553,Individual,M,USA,Arizona,Home,3,No,Website,53.5,3,821534.9400000001,273844.98000000004,375810.64,2691.9300000000003,897.3100000000001,False,False,False,273844.98000000004,1,Mainstream Lower-Value Buyers
C0554,Individual,M,Australia,Victoria,Home,1,Yes,Agency,53.5,4,1643592.85,410898.2125,533306.66,5181.06,1295.265,False,True,False,410898.2125,2,Higher-Value Property Buyers
C0555,Individual,M,USA,California,Investment,4,Yes,Agency,53.5,3,1064533.27,354844.42333333334,507714.49,3487.85,1162.6166666666666,True,True,False,354844.42333333334,1,Mainstream Lower-Value Buyers
C0556,Individual,M,USA,Colorado,Home,5,No,Website,53.5,3,1335478.18,445159.3933333333,508776.17,4580.87,1526.9566666666667,False,False,False,445159.3933333333,2,Higher-Value Property Buyers
C0557,Individual,F,USA,Utah,Investment,2,No,Website,53.5,3,733161.98,244387.32666666663,384719.5,2373.1200000000003,791.0400000000001,True,False,False,244387.32666666663,1,Mainstream Lower-Value Buyers
C0558,Individual,F,Denmark,North Denmark,Home,3,No,Website,53.5,3,1033995.96,344665.32,492997.29,3277.62,1092.54,False,False,False,344665.32,1,Mainstream Lower-Value Buyers
C0559,Company,M,USA,California,Home,5,No,Client,53.5,4,1004028.87,251007.2175,438095.92,3147.48,786.87,False,False,True,251007.2175,1,Mainstream Lower-Value Buyers
C0560,Individual,F,Australia,South Australia,Home,3,No,Website,53.5,3,1433718.12,477906.04,575175.8,4502.16,1500.72,False,False,False,477906.04,2,Higher-Value Property Buyers
C0561,Company,F,USA,Arizona,Investment,3,No,Website,53.5,4,1589252.43,397313.1075,503687.91,5192.58,1298.145,True,False,True,397313.1075,2,Higher-Value Property Buyers
C0562,Individual,F,USA,Utah,Investment,5,Yes,Website,53.5,4,1423675.7200000002,355918.93000000005,604532.8,4616.42,1154.105,True,True,False,355918.93000000005,2,Higher-Value Property Buyers
C0563,Individual,M,USA,California,Home,2,Yes,Agency,53.5,4,1012807.93,253201.9825,301398.29,3371.0,842.75,False,True,False,253201.9825,1,Mainstream Lower-Value Buyers
C0564,Individual,M,USA,Texas,Home,1,No,Agency,71.3,3,1135017.6,378339.2,600992.42,3750.92,1250.3066666666666,False,False,False,378339.2,2,Higher-Value Property Buyers
C0565,Individual,M,France,Brittany,Home,1,No,Website,53.5,3,1043494.32,347831.44,545741.02,3501.83,1167.2766666666666,False,False,False,347831.44,1,Mainstream Lower-Value Buyers
C0566,Individual,F,USA,Oregon,Investment,4,Yes,Agency,23.1,4,1167701.9,291925.475,575087.19,3861.18,965.295,True,True,False,291925.475,1,Mainstream Lower-Value Buyers
C0567,Individual,F,Russia,Saint Petersburg,Investment,2,Yes,Agency,70.2,4,1869286.1,467321.525,650710.38,6185.55,1546.3875,True,True,False,467321.525,2,Higher-Value Property Buyers
C0568,Individual,M,USA,California,Home,3,No,Website,70.3,3,944335.88,314778.62666666665,449151.55,3047.82,1015.94,False,False,False,314778.62666666665,1,Mainstream Lower-Value Buyers
C0569,Individual,F,USA,California,Home,5,Yes,Client,52.1,3,1384749.3,461583.1,522654.07,4381.48,1460.493333333333,False,True,False,461583.1,2,Higher-Value Property Buyers
C0570,Individual,F,France,Occitanie,Home,5,Yes,Website,58.6,4,1527210.47,381802.6175,526682.25,5243.29,1310.8225,False,True,False,381802.6175,2,Higher-Value Property Buyers
C0571,Individual,M,USA,California,Home,3,No,Website,57.5,4,1549969.49,387492.3725,419927.79,5835.72,1458.93,False,False,False,387492.3725,2,Higher-Value Property Buyers
C0572,Individual,F,USA,California,Investment,5,No,Website,30.1,4,1519677.44,379919.36,450012.44,4915.33,1228.8325,True,False,False,379919.36,2,Higher-Value Property Buyers
C0573,Company,M,USA,Georgia,Home,4,Yes,Agency,53.5,3,785842.76,261947.58666666667,427006.84,2549.24,849.7466666666668,False,True,True,261947.58666666667,1,Mainstream Lower-Value Buyers
C0574,Individual,M,USA,California,Home,2,No,Agency,53.5,4,1261906.32,315476.58,523216.37,4208.99,1052.2475,False,False,False,315476.58,1,Mainstream Lower-Value Buyers
C0575,Individual,M,USA,California,Investment,2,No,Website,53.5,3,1018391.27,339463.75666666665,506852.64,3323.43,1107.81,True,False,False,339463.75666666665,1,Mainstream Lower-Value Buyers
C0576,Individual,M,Germany,Hamburg,Home,1,No,Client,53.5,3,1047406.79,349135.5966666667,516482.69,3248.69,1082.8966666666668,False,False,False,349135.5966666667,1,Mainstream Lower-Value Buyers
C0577,Individual,M,USA,Arizona,Home,3,No,Website,53.5,3,693899.0099999999,231299.66999999995,279379.41,2638.03,879.3433333333332,False,False,False,231299.66999999995,1,Mainstream Lower-Value Buyers
C0578,Individual,F,USA,Arizona,Home,5,Yes,Client,53.5,3,707276.53,235758.84333333332,266964.5,2699.27,899.7566666666667,False,True,False,235758.84333333332,1,Mainstream Lower-Value Buyers
C0579,Individual,M,USA,Texas,Investment,3,No,Website,82.3,3,1198428.64,399476.2133333334,592851.63,3898.61,1299.5366666666666,True,False,False,399476.2133333334,2,Higher-Value Property Buyers
C0580,Individual,F,USA,California,Home,2,Yes,Client,75.2,4,2158954.7800000003,539738.6950000001,620192.42,6904.23,1726.0575,False,True,False,539738.6950000001,2,Higher-Value Property Buyers
C0581,Individual,F,USA,California,Investment,5,Yes,Website,53.5,4,1029755.56,257438.89,371216.71,3204.26,801.065,True,True,False,257438.89,1,Mainstream Lower-Value Buyers
C0582,Individual,F,USA,Washington,Investment,3,Yes,Website,83.9,3,708559.1499999999,236186.3833333333,387349.97,2373.1200000000003,791.0400000000001,True,True,False,236186.3833333333,1,Mainstream Lower-Value Buyers
C0583,Individual,M,USA,California,Home,2,No,Agency,53.5,4,1237228.18,309307.045,390024.91,3986.81,996.7025,False,False,False,309307.045,1,Mainstream Lower-Value Buyers
C0584,Individual,F,USA,California,Home,5,No,Website,41.2,3,1135691.62,378563.87333333335,501136.87,4052.92,1350.9733333333334,False,False,False,378563.87333333335,2,Higher-Value Property Buyers
C0585,Individual,M,USA,Colorado,Home,3,No,Agency,62.9,4,1003690.18,250922.545,298657.8,3545.71,886.4275,False,False,False,250922.545,1,Mainstream Lower-Value Buyers
C0586,Individual,M,USA,California,Home,2,Yes,Client,53.5,3,1226524.31,408841.4366666667,553899.49,3859.28,1286.4266666666667,False,True,False,408841.4366666667,2,Higher-Value Property Buyers
C0587,Individual,F,USA,New York,Home,4,No,Website,53.5,4,1093439.84,273359.96,386382.22,3647.14,911.785,False,False,False,273359.96,1,Mainstream Lower-Value Buyers
C0588,Individual,F,USA,Florida,Home,2,No,Website,53.5,4,1495976.14,373994.035,529783.19,5085.38,1271.345,False,False,False,373994.035,2,Higher-Value Property Buyers
C0589,Individual,M,USA,Texas,Investment,5,No,Client,53.5,4,1982246.22,495561.555,539246.07,6797.47,1699.3675,True,False,False,495561.555,2,Higher-Value Property Buyers
C0590,Individual,M,UK,Scotland,Investment,2,No,Website,53.5,4,1105388.89,276347.22250000003,364484.54,3743.06,935.765,True,False,False,276347.22250000003,1,Mainstream Lower-Value Buyers
C0591,Individual,F,USA,Nevada,Home,1,No,Website,55.3,3,1336217.65,445405.8833333333,473238.41,4381.48,1460.493333333333,False,False,False,445405.8833333333,2,Higher-Value Property Buyers
C0592,Individual,M,USA,Arizona,Investment,2,No,Client,51.8,3,787516.58,262505.5266666667,353140.87,2554.28,851.4266666666667,True,False,False,262505.5266666667,1,Mainstream Lower-Value Buyers
C0593,Individual,F,USA,California,Home,2,Yes,Agency,71.4,4,2012063.38,503015.845,578707.72,6300.43,1575.1075,False,True,False,503015.845,2,Higher-Value Property Buyers
C0594,Individual,F,USA,Utah,Home,1,No,Agency,81.4,3,1137572.87,379190.9566666667,501939.76,3665.03,1221.6766666666665,False,False,False,379190.9566666667,2,Higher-Value Property Buyers
C0595,Individual,F,USA,Utah,Home,3,No,Agency,57.2,3,914304.97,304768.3233333333,491381.22,2803.3,934.4333333333334,False,False,False,304768.3233333333,1,Mainstream Lower-Value Buyers
C0596,Individual,M,USA,Nevada,Home,4,No,Agency,53.5,4,1094771.49,273692.8725,349555.66,4095.87,1023.9675,False,False,False,273692.8725,1,Mainstream Lower-Value Buyers
C0597,Individual,M,UK,Northern Ireland,Home,2,Yes,Website,53.5,3,976844.17,325614.7233333333,336562.17,3100.86,1033.62,False,True,False,325614.7233333333,1,Mainstream Lower-Value Buyers
C0598,Individual,M,USA,Colorado,Investment,4,No,Website,53.5,4,1398930.7000000002,349732.67500000005,578866.18,4542.12,1135.53,True,False,False,349732.67500000005,2,Higher-Value Property Buyers
C0599,Individual,F,Canada,Alberta,Home,2,No,Agency,53.5,3,1162815.78,387605.26,519841.25,4062.26,1354.0866666666668,False,False,False,387605.26,2,Higher-Value Property Buyers
C0600,Individual,M,USA,Oregon,Investment,1,No,Client,53.5,3,917709.61,305903.2033333333,331613.25,3128.13,1042.71,True,False,False,305903.2033333333,1,Mainstream Lower-Value Buyers
C0601,Individual,F,USA,California,Home,4,No,Website,53.5,4,1700411.72,425102.93,608461.19,5229.2,1307.3,False,False,False,425102.93,2,Higher-Value Property Buyers
C0602,Individual,M,Germany,Bavaria,Home,4,No,Agency,53.5,4,905508.82,226377.205,319887.69,2993.32,748.33,False,False,False,226377.205,1,Mainstream Lower-Value Buyers
C0603,Individual,F,USA,New York,Home,4,Yes,Agency,30.0,4,1218095.3,304523.825,402393.19,4111.24,1027.81,False,True,False,304523.825,1,Mainstream Lower-Value Buyers
C0604,Individual,F,Belgium,Wallonia,Home,1,No,Agency,53.5,3,791133.03,263711.01,427718.82,2757.14,919.0466666666666,False,False,False,263711.01,1,Mainstream Lower-Value Buyers
C0605,Individual,M,USA,Utah,Home,4,Yes,Agency,53.5,4,1407314.33,351828.5825,470883.03,5068.28,1267.07,False,True,False,351828.5825,2,Higher-Value Property Buyers
C0606,Individual,F,France,Ile-de-France,Investment,1,No,Website,53.5,3,1070969.53,356989.8433333333,442981.99,3438.79,1146.263333333333,True,False,False,356989.8433333333,1,Mainstream Lower-Value Buyers
C0607,Individual,M,USA,California,Home,1,No,Agency,53.5,3,1125230.12,375076.7066666666,381636.61,4114.84,1371.6133333333337,False,False,False,375076.7066666666,2,Higher-Value Property Buyers
C0608,Individual,M,USA,California,Home,4,No,Agency,53.5,4,1201411.56,300352.89,564420.33,4074.09,1018.5225,False,False,False,300352.89,1,Mainstream Lower-Value Buyers
C0609,Individual,F,USA,Washington,Home,4,No,Agency,53.5,4,1307567.64,326891.91,539078.45,5020.530000000001,1255.1325000000002,False,False,False,326891.91,2,Higher-Value Property Buyers
C0610,Individual,F,USA,California,Investment,4,No,Website,53.6,3,1178597.68,392865.8933333333,477431.41,4019.19,1339.73,True,False,False,392865.8933333333,2,Higher-Value Property Buyers
C0611,Individual,M,USA,California,Home,4,No,Agency,73.1,4,1142671.94,285667.985,433951.65,3989.66,997.415,False,False,False,285667.985,1,Mainstream Lower-Value Buyers
C0612,Individual,M,USA,Florida,Home,4,No,Agency,53.5,4,1671846.3,417961.575,633040.56,5556.6,1389.15,False,False,False,417961.575,2,Higher-Value Property Buyers
C0613,Individual,F,Australia,Victoria,Home,4,No,Agency,28.2,3,1186019.52,395339.84,447068.49,4099.6900000000005,1366.5633333333335,False,False,False,395339.84,2,Higher-Value Property Buyers
C0614,Individual,M,UK,Wales,Home,3,Yes,Website,52.0,4,1025958.38,256489.595,323890.25,3435.93,858.9825,False,True,False,256489.595,1,Mainstream Lower-Value Buyers
C0615,Individual,M,USA,Utah,Home,2,Yes,Website,67.0,4,919002.01,229750.5025,284149.74,2993.32,748.33,False,True,False,229750.5025,1,Mainstream Lower-Value Buyers
C0616,Individual,F,USA,Virginia,Investment,1,Yes,Agency,53.5,3,1013364.3,337788.10000000003,519571.55,3223.87,1074.6233333333332,True,True,False,337788.10000000003,1,Mainstream Lower-Value Buyers
C0617,Individual,F,USA,Ohio,Home,5,Yes,Website,37.2,3,766861.21,255620.4033333333,408314.89,2548.91,849.6366666666667,False,True,False,255620.4033333333,1,Mainstream Lower-Value Buyers
C0618,Individual,M,USA,Texas,Home,3,No,Agency,55.6,3,982803.0,327601.0,498882.11,3339.87,1113.29,False,False,False,327601.0,1,Mainstream Lower-Value Buyers
C0619,Individual,F,USA,Washington,Home,4,No,Website,53.5,3,1411977.41,470659.13666666666,545321.51,4415.7,1471.9,False,False,False,470659.13666666666,2,Higher-Value Property Buyers
C0620,Individual,F,France,Brittany,Home,3,No,Website,53.5,3,1532429.29,510809.76333333337,619177.19,4512.84,1504.28,False,False,False,510809.76333333337,2,Higher-Value Property Buyers
C0621,Individual,M,Germany,Bavaria,Investment,3,Yes,Agency,53.5,3,791609.11,263869.7033333333,372530.49,2609.36,869.7866666666667,True,True,False,263869.7033333333,1,Mainstream Lower-Value Buyers
C0622,Individual,F,USA,Washington,Investment,2,No,Client,36.2,3,869334.73,289778.24333333335,353174.47,2942.61,980.87,True,False,False,289778.24333333335,1,Mainstream Lower-Value Buyers
C0623,Individual,M,USA,Florida,Investment,3,Yes,Client,53.5,4,1410333.45,352583.3625,490155.8,4584.08,1146.02,True,True,False,352583.3625,2,Higher-Value Property Buyers
C0624,Individual,M,USA,Nevada,Investment,3,No,Agency,23.3,3,1215611.54,405203.8466666667,497030.07,4241.6,1413.8666666666668,True,False,False,405203.8466666667,2,Higher-Value Property Buyers
C0625,Individual,F,Belgium,Flanders,Investment,2,Yes,Agency,40.5,4,1000166.88,250041.72,308545.24,3404.09,851.0225,True,True,False,250041.72,1,Mainstream Lower-Value Buyers
C0626,Individual,F,Germany,Hamburg,Investment,2,No,Website,53.5,3,1061694.13,353898.0433333334,448491.59,3733.67,1244.5566666666666,True,False,False,353898.0433333334,1,Mainstream Lower-Value Buyers
C0627,Individual,F,USA,Arizona,Home,3,No,Agency,23.1,4,1870806.42,467701.605,562008.09,6904.23,1726.0575,False,False,False,467701.605,2,Higher-Value Property Buyers
C0628,Individual,M,Canada,British Columbia,Home,3,Yes,Agency,53.5,4,1623109.63,405777.4075,601135.7,5001.56,1250.39,False,True,False,405777.4075,2,Higher-Value Property Buyers
C0629,Individual,F,USA,California,Investment,2,No,Agency,77.5,3,961721.77,320573.92333333334,404054.56,3387.53,1129.1766666666665,True,False,False,320573.92333333334,1,Mainstream Lower-Value Buyers
C0630,Individual,M,USA,California,Home,2,No,Website,53.5,4,1308077.61,327019.4025,521382.1,4302.02,1075.505,False,False,False,327019.4025,1,Mainstream Lower-Value Buyers
C0631,Individual,F,USA,California,Home,5,No,Website,57.1,4,1534891.22,383722.805,458349.81,4910.58,1227.645,False,False,False,383722.805,2,Higher-Value Property Buyers
C0632,Individual,M,UK,Northern Ireland,Home,4,No,Website,53.5,4,1146845.98,286711.495,386036.16,3790.99,947.7475,False,False,False,286711.495,1,Mainstream Lower-Value Buyers
C0633,Individual,F,USA,Nevada,Home,3,No,Agency,82.6,4,1207516.26,301879.065,526337.84,3714.98,928.745,False,False,False,301879.065,1,Mainstream Lower-Value Buyers
C0634,Individual,M,USA,Washington,Investment,4,Yes,Website,53.5,3,1181693.63,393897.87666666665,498320.91,4179.32,1393.1066666666666,True,True,False,393897.87666666665,2,Higher-Value Property Buyers
C0635,Individual,F,UK,Scotland,Investment,5,No,Website,53.5,3,1375700.03,458566.6766666667,503560.15,4381.48,1460.493333333333,True,False,False,458566.6766666667,2,Higher-Value Property Buyers
C0636,Individual,F,France,Brittany,Home,5,No,Website,43.1,4,981810.08,245452.52,368940.08,3309.4300000000003,827.3575000000001,False,False,False,245452.52,1,Mainstream Lower-Value Buyers
C0637,Individual,F,USA,California,Home,2,No,Website,53.5,4,1602478.07,400619.5175,487674.6,5186.25,1296.5625,False,False,False,400619.5175,2,Higher-Value Property Buyers
C0638,Individual,M,USA,Ohio,Home,5,Yes,Website,48.9,4,1347045.42,336761.355,527612.39,4817.99,1204.4975,False,True,False,336761.355,2,Higher-Value Property Buyers
C0639,Individual,M,UK,Scotland,Home,3,Yes,Website,62.8,3,861670.72,287223.5733333333,446713.63,3024.3900000000003,1008.13,False,True,False,287223.5733333333,1,Mainstream Lower-Value Buyers
C0640,Individual,F,USA,Utah,Home,3,No,Agency,56.8,3,772950.1699999999,257650.05666666664,339275.85,2746.91,915.6366666666668,False,False,False,257650.05666666664,1,Mainstream Lower-Value Buyers
C0641,Company,M,USA,Arizona,Home,2,No,Agency,53.5,3,1217213.26,405737.75333333336,463667.58,3721.82,1240.6066666666666,False,False,True,405737.75333333336,2,Higher-Value Property Buyers
C0642,Individual,F,USA,California,Home,4,No,Website,53.5,3,1027140.61,342380.2033333333,512135.16,3484.63,1161.5433333333333,False,False,False,342380.2033333333,1,Mainstream Lower-Value Buyers
C0643,Individual,F,USA,California,Home,5,No,Website,49.7,3,928645.01,309548.33666666667,376815.49,3049.51,1016.5033333333334,False,False,False,309548.33666666667,1,Mainstream Lower-Value Buyers
C0644,Individual,F,USA,California,Home,4,Yes,Agency,53.5,3,1549624.23,516541.41,599850.78,4890.41,1630.1366666666663,False,True,False,516541.41,2,Higher-Value Property Buyers
C0645,Individual,M,USA,Nevada,Home,2,No,Client,53.5,3,731453.53,243817.84333333332,268604.55,2586.33,862.11,False,False,False,243817.84333333332,1,Mainstream Lower-Value Buyers
C0646,Individual,F,USA,Arizona,Investment,5,No,Agency,53.5,3,1325311.83,441770.61,479212.8,4392.05,1464.0166666666669,True,False,False,441770.61,2,Higher-Value Property Buyers
C0647,Individual,F,USA,California,Home,4,No,Agency,77.9,4,2115520.42,528880.105,647138.13,6705.53,1676.3825,False,False,False,528880.105,2,Higher-Value Property Buyers
C0648,Individual,F,USA,California,Home,1,Yes,Website,24.8,4,1142985.38,285746.345,404330.66,3938.59,984.6475,False,True,False,285746.345,1,Mainstream Lower-Value Buyers
C0649,Individual,F,USA,California,Home,4,No,Agency,28.8,4,1401448.51,350362.1275,511233.23,4546.77,1136.6925,False,False,False,350362.1275,2,Higher-Value Property Buyers
C0650,Company,M,France,Occitanie,Home,3,Yes,Client,53.5,3,799742.26,266580.75333333336,290736.09,2797.11,932.37,False,True,True,266580.75333333336,1,Mainstream Lower-Value Buyers
C0651,Company,M,USA,Washington,Home,1,No,Agency,53.5,4,1077094.73,269273.6825,398037.98,3795.03,948.7575,False,False,True,269273.6825,1,Mainstream Lower-Value Buyers
C0652,Individual,F,USA,Washington,Home,2,No,Website,30.1,3,904157.22,301385.74,439896.91,2956.63,985.5433333333334,False,False,False,301385.74,1,Mainstream Lower-Value Buyers
C0653,Individual,M,USA,Ohio,Home,2,No,Client,53.5,4,1215543.15,303885.7875,421423.2,4213.08,1053.27,False,False,False,303885.7875,1,Mainstream Lower-Value Buyers
C0654,Individual,M,USA,New York,Home,2,Yes,Website,63.7,3,865293.89,288431.2966666667,388799.01,3047.82,1015.94,False,True,False,288431.2966666667,1,Mainstream Lower-Value Buyers
C0655,Individual,F,USA,Nevada,Home,1,Yes,Agency,53.5,3,1071763.22,357254.4066666667,438371.45,3415.27,1138.4233333333334,False,True,False,357254.4066666667,1,Mainstream Lower-Value Buyers
C0656,Individual,F,USA,Colorado,Home,5,No,Client,46.9,4,1288383.38,322095.845,505553.38,4761.63,1190.4075,False,False,False,322095.845,2,Higher-Value Property Buyers
C0657,Individual,M,USA,California,Home,2,No,Agency,53.5,3,1258111.3199999998,419370.44,593053.61,4014.44,1338.1466666666668,False,False,False,419370.44,2,Higher-Value Property Buyers
C0658,Individual,F,USA,Virginia,Home,3,Yes,Agency,53.5,3,1122021.28,374007.0933333333,491470.69,3815.01,1271.67,False,True,False,374007.0933333333,2,Higher-Value Property Buyers
C0659,Individual,F,USA,California,Home,4,Yes,Agency,35.2,4,1000550.86,250137.715,315923.54,3330.46,832.615,False,True,False,250137.715,1,Mainstream Lower-Value Buyers
C0660,Individual,M,USA,Arizona,Home,4,Yes,Client,32.4,3,1148308.35,382769.45,425964.32,4011.16,1337.0533333333333,False,True,False,382769.45,2,Higher-Value Property Buyers
C0661,Individual,F,Canada,Manitoba,Home,3,No,Website,53.5,4,1627713.0499999998,406928.2625,621646.32,5197.31,1299.3275,False,False,False,406928.2625,2,Higher-Value Property Buyers
C0662,Individual,F,USA,California,Investment,3,No,Website,53.5,4,1520239.97,380059.9925,524135.1,4700.94,1175.235,True,False,False,380059.9925,2,Higher-Value Property Buyers
C0663,Individual,M,USA,California,Home,2,Yes,Agency,65.9,4,1544313.34,386078.335,601666.05,4939.23,1234.8075,False,True,False,386078.335,2,Higher-Value Property Buyers
C0664,Individual,M,Canada,Alberta,Investment,5,Yes,Website,53.5,4,1063024.57,265756.1425,369441.6,3589.88,897.47,True,True,False,265756.1425,1,Mainstream Lower-Value Buyers
C0665,Individual,M,USA,Colorado,Investment,1,No,Agency,53.5,3,704886.02,234962.00666666668,259327.23,2297.04,765.68,True,False,False,234962.00666666668,1,Mainstream Lower-Value Buyers
C0666,Individual,F,USA,California,Investment,1,No,Website,75.2,4,1532074.27,383018.5675,533934.58,5085.38,1271.345,True,False,False,383018.5675,2,Higher-Value Property Buyers
C0667,Individual,M,USA,Arizona,Investment,2,No,Agency,57.5,4,1486560.06,371640.015,528551.13,5181.06,1295.265,True,False,False,371640.015,2,Higher-Value Property Buyers
C0668,Individual,F,France,Ile-de-France,Investment,4,Yes,Website,53.5,4,987175.01,246793.7525,407789.69,3296.81,824.2025,True,True,False,246793.7525,1,Mainstream Lower-Value Buyers
C0669,Individual,F,Canada,British Columbia,Home,3,No,Agency,53.5,3,1366533.49,455511.1633333333,540922.9,4798.03,1599.3433333333332,False,False,False,455511.1633333333,2,Higher-Value Property Buyers
C0670,Company,M,USA,Nevada,Investment,4,No,Website,53.5,3,1631973.5499999998,543991.1833333332,625384.45,5401.35,1800.45,True,False,True,543991.1833333332,2,Higher-Value Property Buyers
C0671,Individual,M,USA,Colorado,Home,4,Yes,Client,82.1,3,759678.12,253226.04,361032.68,2548.91,849.6366666666667,False,True,False,253226.04,1,Mainstream Lower-Value Buyers
C0672,Individual,F,USA,California,Home,2,No,Website,56.8,3,1301968.05,433989.35,535756.29,4356.79,1452.263333333333,False,False,False,433989.35,2,Higher-Value Property Buyers
C0673,Individual,F,USA,California,Home,4,No,Website,53.5,3,870503.9000000001,290167.96666666673,319736.59,3038.88,1012.96,False,False,False,290167.96666666673,1,Mainstream Lower-Value Buyers
C0674,Individual,F,USA,California,Investment,4,No,Website,53.5,4,1733438.52,433359.63,584942.34,5463.780000000001,1365.9450000000002,True,False,False,433359.63,2,Higher-Value Property Buyers
C0675,Individual,F,USA,Texas,Home,5,No,Website,53.5,3,1117159.17,372386.39,528517.95,3339.87,1113.29,False,False,False,372386.39,2,Higher-Value Property Buyers
C0676,Individual,F,USA,Nevada,Home,2,No,Agency,81.6,3,1022396.03,340798.6766666667,478630.37,2967.17,989.0566666666668,False,False,False,340798.6766666667,1,Mainstream Lower-Value Buyers
C0677,Individual,M,USA,Arizona,Investment,2,No,Agency,42.3,4,1217015.11,304253.7775,362582.49,4097.35,1024.3375,True,False,False,304253.7775,1,Mainstream Lower-Value Buyers
C0678,Individual,M,USA,California,Home,4,Yes,Website,53.5,3,904050.87,301350.29,449002.59,2691.9300000000003,897.3100000000001,False,True,False,301350.29,1,Mainstream Lower-Value Buyers
C0679,Individual,F,USA,Nevada,Home,1,No,Agency,59.1,4,1945371.68,486342.92,542183.91,6904.23,1726.0575,False,False,False,486342.92,2,Higher-Value Property Buyers
C0680,Individual,M,USA,Utah,Investment,2,No,Agency,53.5,4,1533727.71,383431.9275,527252.15,5333.11,1333.2775,True,False,False,383431.9275,2,Higher-Value Property Buyers
C0681,Company,F,USA,California,Home,3,No,Agency,53.5,4,736696.97,184174.2425,258314.7,2635.45,658.8625,False,False,True,184174.2425,1,Mainstream Lower-Value Buyers
C0682,Individual,M,USA,California,Home,5,No,Website,50.6,4,1436006.22,359001.555,454375.43,4858.25,1214.5625,False,False,False,359001.555,2,Higher-Value Property Buyers
C0683,Individual,M,USA,Colorado,Home,2,Yes,Agency,53.5,3,1216565.53,405521.8433333333,484751.08,4389.66,1463.22,False,True,False,405521.8433333333,2,Higher-Value Property Buyers
C0684,Individual,M,USA,California,Home,1,No,Agency,38.2,4,1402625.45,350656.3625,472614.44,4482.48,1120.62,False,False,False,350656.3625,2,Higher-Value Property Buyers
C0685,Individual,F,USA,Washington,Home,5,No,Agency,53.5,3,1129835.06,376611.6866666667,632201.17,3685.51,1228.503333333333,False,False,False,376611.6866666667,2,Higher-Value Property Buyers
C0686,Individual,M,USA,California,Home,1,Yes,Website,53.5,3,1250166.33,416722.11,528510.9,4109.1900000000005,1369.7300000000002,False,True,False,416722.11,2,Higher-Value Property Buyers
C0687,Individual,F,USA,Utah,Home,3,Yes,Website,65.0,4,1532604.0,383151.0,720425.67,4842.950000000001,1210.7375000000002,False,True,False,383151.0,2,Higher-Value Property Buyers
C0688,Individual,F,USA,Colorado,Investment,5,Yes,Website,55.1,4,1093762.42,273440.605,415205.7,3474.29,868.5725,True,True,False,273440.605,1,Mainstream Lower-Value Buyers
C0689,Individual,F,USA,California,Home,4,No,Website,53.5,3,1051259.37,350419.79000000004,433353.3,3558.15,1186.05,False,False,False,350419.79000000004,1,Mainstream Lower-Value Buyers
C0690,Individual,F,USA,Oregon,Home,4,Yes,Agency,38.3,4,1402023.24,350505.81,527730.49,4601.31,1150.3275,False,True,False,350505.81,2,Higher-Value Property Buyers
C0691,Individual,M,USA,California,Investment,4,No,Agency,53.5,4,948552.89,237138.2225,307826.14,3264.64,816.16,True,False,False,237138.2225,1,Mainstream Lower-Value Buyers
C0692,Individual,M,USA,Georgia,Investment,3,No,Agency,53.5,4,1206585.87,301646.4675,395284.05,4046.35,1011.5875,True,False,False,301646.4675,1,Mainstream Lower-Value Buyers
C0693,Individual,M,USA,California,Investment,5,Yes,Agency,53.5,4,1831502.92,457875.73,572810.16,5994.73,1498.6825,True,True,False,457875.73,2,Higher-Value Property Buyers
C0694,Company,M,UK,Scotland,Investment,2,No,Website,53.5,4,1287767.07,321941.7675,382289.82,4252.16,1063.04,True,False,True,321941.7675,1,Mainstream Lower-Value Buyers
C0695,Individual,M,USA,Washington,Home,4,No,Website,53.5,3,870451.65,290150.55,381213.39,2804.62,934.8733333333332,False,False,False,290150.55,1,Mainstream Lower-Value Buyers
C0696,Individual,F,USA,Washington,Investment,5,Yes,Agency,29.8,4,1417025.49,354256.3725,610973.17,4986.47,1246.6175,True,True,False,354256.3725,2,Higher-Value Property Buyers
C0697,Individual,M,USA,California,Investment,4,Yes,Agency,37.2,4,1203571.2,300892.8,529206.1,4146.61,1036.6525,True,True,False,300892.8,1,Mainstream Lower-Value Buyers
C0698,Individual,F,USA,California,Home,2,Yes,Website,53.5,4,1560635.51,390158.8775,575207.87,5147.83,1286.9575,False,True,False,390158.8775,2,Higher-Value Property Buyers
C0699,Individual,M,USA,Washington,Home,1,Yes,Agency,53.5,3,1292445.15,430815.05,497579.57,4071.58,1357.1933333333334,False,True,False,430815.05,2,Higher-Value Property Buyers
C0700,Individual,F,USA,Washington,Home,5,No,Website,53.5,3,724453.7,241484.56666666665,302845.83,2554.28,851.4266666666667,False,False,False,241484.56666666665,1,Mainstream Lower-Value Buyers
C0701,Individual,F,UK,England,Investment,1,No,Website,53.5,4,1318537.76,329634.44,610952.85,4202.29,1050.5725,True,False,False,329634.44,2,Higher-Value Property Buyers
C0702,Individual,M,USA,Arizona,Home,5,No,Agency,53.5,3,1215022.0,405007.3333333333,437978.56,3911.33,1303.7766666666666,False,False,False,405007.3333333333,2,Higher-Value Property Buyers
C0703,Company,M,USA,Colorado,Home,3,No,Website,53.5,3,938073.57,312691.19,394037.08,3071.6400000000003,1023.88,False,False,True,312691.19,1,Mainstream Lower-Value Buyers
C0704,Individual,F,USA,Georgia,Home,4,No,Agency,53.5,3,1130778.86,376926.2866666667,431012.78,3584.78,1194.9266666666665,False,False,False,376926.2866666667,1,Mainstream Lower-Value Buyers
C0705,Individual,M,USA,Nevada,Home,3,No,Website,53.5,3,1643383.67,547794.5566666666,670575.87,5041.58,1680.5266666666666,False,False,False,547794.5566666666,2,Higher-Value Property Buyers
C0706,Individual,M,UK,England,Investment,2,No,Client,53.5,3,1034954.84,344984.94666666666,437082.22,3487.85,1162.6166666666666,True,False,False,344984.94666666666,1,Mainstream Lower-Value Buyers
C0707,Individual,M,USA,Virginia,Home,5,Yes,Website,53.5,4,1171255.22,292813.805,399196.41,3827.74,956.935,False,True,False,292813.805,1,Mainstream Lower-Value Buyers
C0708,Individual,M,USA,California,Home,2,No,Client,53.5,3,1539340.87,513113.6233333333,658501.84,4571.08,1523.6933333333334,False,False,False,513113.6233333333,2,Higher-Value Property Buyers
C0709,Individual,F,USA,Georgia,Home,2,Yes,Agency,41.2,4,1233960.52,308490.13,558878.17,4036.92,1009.23,False,True,False,308490.13,1,Mainstream Lower-Value Buyers
C0710,Individual,M,USA,Oregon,Home,2,Yes,Agency,53.5,4,1158001.36,289500.34,510596.18,3757.43,939.3575,False,True,False,289500.34,1,Mainstream Lower-Value Buyers
C0711,Individual,F,USA,California,Investment,3,No,Agency,53.5,4,1045658.54,261414.635,383676.59,3623.01,905.7525,True,False,False,261414.635,1,Mainstream Lower-Value Buyers
C0712,Individual,M,USA,California,Home,1,No,Agency,53.5,3,701688.31,233896.10333333336,311645.47,2528.04,842.68,False,False,False,233896.10333333336,1,Mainstream Lower-Value Buyers
C0713,Individual,F,USA,California,Investment,3,No,Agency,53.5,3,946537.74,315512.58,467446.4,3375.51,1125.17,True,False,False,315512.58,1,Mainstream Lower-Value Buyers
C0714,Individual,M,Russia,Saint Petersburg,Home,3,No,Website,47.0,3,1520218.18,506739.3933333333,606614.22,5041.58,1680.5266666666666,False,False,False,506739.3933333333,2,Higher-Value Property Buyers
C0715,Individual,F,USA,Utah,Home,3,No,Website,41.4,3,1151372.75,383790.9166666667,523101.86,4022.3,1340.7666666666669,False,False,False,383790.9166666667,2,Higher-Value Property Buyers
C0716,Individual,M,UK,Northern Ireland,Home,1,No,Client,53.5,3,1173245.74,391081.9133333333,512554.33,4002.3,1334.1,False,False,False,391081.9133333333,2,Higher-Value Property Buyers
C0717,Individual,F,USA,Arizona,Investment,3,Yes,Agency,77.6,3,1000529.67,333509.89,419346.92,3469.69,1156.5633333333333,True,True,False,333509.89,1,Mainstream Lower-Value Buyers
C0718,Individual,F,France,Ile-de-France,Home,2,Yes,Website,79.2,3,900157.9099999999,300052.63666666666,406298.92,3371.41,1123.8033333333333,False,True,False,300052.63666666666,1,Mainstream Lower-Value Buyers
C0719,Individual,M,USA,California,Investment,2,Yes,Agency,49.5,3,912916.77,304305.59,359309.3,3071.6400000000003,1023.88,True,True,False,304305.59,1,Mainstream Lower-Value Buyers
C0720,Individual,F,USA,California,Investment,1,Yes,Agency,53.5,4,844316.69,211079.1725,257796.8,2713.49,678.3725,True,True,False,211079.1725,1,Mainstream Lower-Value Buyers
C0721,Individual,F,USA,Florida,Home,4,No,Website,24.8,4,1167212.02,291803.005,468906.08,3757.95,939.4875,False,False,False,291803.005,1,Mainstream Lower-Value Buyers
C0722,Individual,F,USA,Texas,Home,1,No,Website,80.3,3,936104.05,312034.68333333335,428259.32,3100.45,1033.4833333333331,False,False,False,312034.68333333335,1,Mainstream Lower-Value Buyers
C0723,Individual,F,Germany,North Rhine-Westphalia,Home,3,Yes,Website,53.5,3,1554043.79,518014.5966666667,641498.15,5015.3,1671.7666666666669,False,True,False,518014.5966666667,2,Higher-Value Property Buyers
C0724,Individual,M,USA,Arizona,Investment,4,Yes,Agency,53.5,4,1564795.28,391198.82,595879.26,5020.530000000001,1255.1325000000002,True,True,False,391198.82,2,Higher-Value Property Buyers
C0725,Individual,F,USA,New York,Home,3,No,Website,40.5,3,1557779.53,519259.8433333333,566513.0,5201.04,1733.68,False,False,False,519259.8433333333,2,Higher-Value Property Buyers
C0726,Individual,F,USA,Georgia,Home,4,No,Website,53.5,4,1055406.17,263851.5425,377502.89,3604.98,901.245,False,False,False,263851.5425,1,Mainstream Lower-Value Buyers
C0727,Individual,M,USA,California,Investment,3,Yes,Client,53.5,4,1924218.25,481054.5625,675285.62,5703.07,1425.7675,True,True,False,481054.5625,2,Higher-Value Property Buyers
C0728,Individual,M,USA,California,Home,3,Yes,Agency,53.5,3,896046.43,298682.14333333337,421724.13,2804.62,934.8733333333332,False,True,False,298682.14333333337,1,Mainstream Lower-Value Buyers
C0729,Individual,M,USA,Washington,Investment,3,Yes,Agency,80.0,3,1100578.42,366859.4733333333,489878.14,3840.84,1280.28,True,True,False,366859.4733333333,2,Higher-Value Property Buyers
C0730,Individual,M,USA,California,Investment,4,No,Website,35.6,3,1395460.54,465153.51333333337,629261.99,4306.99,1435.6633333333332,True,False,False,465153.51333333337,2,Higher-Value Property Buyers
C0731,Individual,M,USA,California,Home,5,No,Agency,53.5,4,2163873.35,540968.3375,579753.4,6797.47,1699.3675,False,False,False,540968.3375,2,Higher-Value Property Buyers
C0732,Individual,M,USA,Oregon,Home,5,No,Website,38.8,4,1763602.47,440900.6175,561731.1,5817.4,1454.35,False,False,False,440900.6175,2,Higher-Value Property Buyers
C0733,Individual,F,USA,Nevada,Home,5,No,Agency,48.0,3,1610480.1,536826.7000000001,622128.29,4827.1,1609.0333333333335,False,False,False,536826.7000000001,2,Higher-Value Property Buyers
C0734,Individual,F,USA,Virginia,Investment,5,Yes,Client,53.5,3,894573.22,298191.0733333333,455010.72,3232.0,1077.3333333333333,True,True,False,298191.0733333333,1,Mainstream Lower-Value Buyers
C0735,Individual,M,Germany,Hesse,Investment,4,No,Website,29.4,3,1082670.51,360890.17,470123.96,3387.53,1129.1766666666665,True,False,False,360890.17,1,Mainstream Lower-Value Buyers
C0736,Individual,M,USA,Utah,Investment,3,No,Agency,53.5,3,961660.45,320553.48333333334,476537.31,3148.54,1049.513333333333,True,False,False,320553.48333333334,1,Mainstream Lower-Value Buyers
C0737,Individual,M,USA,California,Investment,3,No,Agency,53.5,3,1271295.42,423765.14,517724.81,4306.99,1435.6633333333332,True,False,False,423765.14,2,Higher-Value Property Buyers
C0738,Individual,M,USA,Texas,Home,5,No,Website,53.5,4,1217179.49,304294.8725,464608.3,3823.05,955.7625,False,False,False,304294.8725,1,Mainstream Lower-Value Buyers
C0739,Individual,M,USA,California,Home,2,No,Agency,53.5,4,1239915.48,309978.87,442471.98,4384.48,1096.12,False,False,False,309978.87,1,Mainstream Lower-Value Buyers
C0740,Individual,F,USA,Utah,Investment,1,No,Client,57.1,3,1150084.72,383361.5733333333,580909.55,3528.71,1176.236666666667,True,False,False,383361.5733333333,2,Higher-Value Property Buyers
C0741,Individual,F,USA,California,Home,2,No,Website,61.4,3,808100.3,269366.76666666666,318066.48,2856.2200000000003,952.0733333333334,False,False,False,269366.76666666666,1,Mainstream Lower-Value Buyers
C0742,Individual,M,UK,Wales,Home,1,Yes,Website,53.5,3,943082.42,314360.80666666664,424586.91,3236.36,1078.7866666666666,False,True,False,314360.80666666664,1,Mainstream Lower-Value Buyers
C0743,Individual,M,USA,Oregon,Investment,4,Yes,Website,51.3,3,973707.31,324569.10333333333,437490.2,3436.4,1145.4666666666665,True,True,False,324569.10333333333,1,Mainstream Lower-Value Buyers
C0744,Individual,F,USA,Virginia,Home,1,No,Website,73.1,3,947393.7,315797.9,425904.8,2817.99,939.33,False,False,False,315797.9,1,Mainstream Lower-Value Buyers
C0745,Individual,F,USA,California,Investment,5,No,Website,53.5,4,1137226.12,284306.53,457379.31,3761.94,940.485,True,False,False,284306.53,1,Mainstream Lower-Value Buyers
C0746,Individual,M,UK,Scotland,Home,4,No,Website,53.5,4,1485041.45,371260.3625,474858.86,4482.48,1120.62,False,False,False,371260.3625,2,Higher-Value Property Buyers
C0747,Individual,M,USA,Florida,Home,4,Yes,Website,53.5,3,1321142.35,440380.7833333334,565444.67,4306.99,1435.6633333333332,False,True,False,440380.7833333334,2,Higher-Value Property Buyers
C0748,Company,F,USA,California,Home,1,Yes,Client,49.8,3,1188736.23,396245.41,484844.4,3997.02,1332.34,False,True,True,396245.41,2,Higher-Value Property Buyers
C0749,Individual,F,USA,New York,Home,5,No,Agency,53.5,3,1170883.93,390294.6433333333,526465.62,3776.07,1258.6899999999998,False,False,False,390294.6433333333,2,Higher-Value Property Buyers
C0750,Individual,F,USA,Nevada,Investment,1,No,Agency,47.6,3,887696.78,295898.9266666667,533052.17,2892.8,964.2666666666664,True,False,False,295898.9266666667,1,Mainstream Lower-Value Buyers
C0751,Individual,M,USA,California,Home,5,No,Client,53.5,4,1055948.97,263987.2425,335648.24,3868.0,967.0,False,False,False,263987.2425,1,Mainstream Lower-Value Buyers
C0752,Individual,F,Belgium,Brussels,Investment,3,No,Agency,53.5,4,836214.24,209053.56,237539.69,2901.69,725.4225,True,False,False,209053.56,1,Mainstream Lower-Value Buyers
C0753,Individual,M,Germany,Hamburg,Home,5,No,Website,53.5,4,1053102.32,263275.58,360664.73,3474.29,868.5725,False,False,False,263275.58,1,Mainstream Lower-Value Buyers
C0754,Individual,F,USA,Arizona,Investment,3,No,Website,53.5,4,1300009.56,325002.39,370723.42,4149.67,1037.4175,True,False,False,325002.39,1,Mainstream Lower-Value Buyers
C0755,Company,F,USA,California,Home,5,No,Website,53.5,3,1040997.25,346999.0833333333,348797.92,3859.45,1286.4833333333331,False,False,True,346999.0833333333,1,Mainstream Lower-Value Buyers
C0756,Individual,F,USA,Utah,Home,5,Yes,Website,53.5,3,785768.09,261922.69666666663,349788.42,2804.62,934.8733333333332,False,True,False,261922.69666666663,1,Mainstream Lower-Value Buyers
C0757,Individual,M,USA,Oregon,Home,3,Yes,Website,77.6,4,1392690.12,348172.53,566678.96,4213.08,1053.27,False,True,False,348172.53,2,Higher-Value Property Buyers
C0758,Individual,M,USA,California,Investment,2,No,Website,65.4,4,1135189.16,283797.29,453645.31,3712.71,928.1775,True,False,False,283797.29,1,Mainstream Lower-Value Buyers
C0759,Individual,M,USA,Florida,Home,4,No,Website,53.5,3,1327801.32,442600.44,605700.56,4354.61,1451.5366666666666,False,False,False,442600.44,2,Higher-Value Property Buyers
C0760,Individual,F,USA,California,Investment,3,No,Website,53.5,4,1288008.21,322002.0525,520039.4,4534.76,1133.69,True,False,False,322002.0525,1,Mainstream Lower-Value Buyers
C0761,Individual,F,Belgium,Flanders,Home,2,No,Agency,53.5,4,1387948.07,346987.0175,575218.75,4537.6900000000005,1134.4225,False,False,False,346987.0175,2,Higher-Value Property Buyers
C0762,Individual,F,USA,Ohio,Home,4,No,Website,56.5,4,1456185.33,364046.3325,485326.73,5253.52,1313.38,False,False,False,364046.3325,2,Higher-Value Property Buyers
C0763,Company,F,USA,Georgia,Home,3,No,Agency,53.5,3,1036781.97,345593.99,394871.49,3457.79,1152.5966666666666,False,False,True,345593.99,1,Mainstream Lower-Value Buyers
C0764,Individual,F,UK,Northern Ireland,Investment,4,No,Client,40.9,4,1670624.74,417656.185,596267.69,5766.62,1441.655,True,False,False,417656.185,2,Higher-Value Property Buyers
C0765,Individual,M,France,Brittany,Home,3,No,Website,53.5,4,1516418.29,379104.5725,556439.7,5040.25,1260.0625,False,False,False,379104.5725,2,Higher-Value Property Buyers
C0766,Individual,M,Germany,North Rhine-Westphalia,Home,3,Yes,Client,29.3,4,1601876.14,400469.035,587630.43,5145.09,1286.2725,False,True,False,400469.035,2,Higher-Value Property Buyers
C0767,Individual,M,Canada,British Columbia,Investment,2,No,Agency,62.9,4,1403932.48,350983.12,485150.67,4968.33,1242.0825,True,False,False,350983.12,2,Higher-Value Property Buyers
C0768,Individual,M,Denmark,Southern Denmark,Investment,5,Yes,Website,53.5,3,1048127.47,349375.8233333333,527746.08,3491.66,1163.8866666666663,True,True,False,349375.8233333333,1,Mainstream Lower-Value Buyers
C0769,Individual,F,USA,Ohio,Home,4,No,Agency,53.5,3,675607.7899999999,225202.59666666665,324271.22,2259.94,753.3133333333334,False,False,False,225202.59666666665,1,Mainstream Lower-Value Buyers
C0770,Individual,F,Russia,Krasnodar Krai,Home,4,No,Website,72.9,3,984598.73,328199.57666666666,535533.08,3313.53,1104.51,False,False,False,328199.57666666666,1,Mainstream Lower-Value Buyers
C0771,Company,M,USA,California,Home,1,No,Website,39.6,4,1856997.08,464249.27,728976.07,5633.31,1408.3275,False,False,True,464249.27,2,Higher-Value Property Buyers
C0772,Individual,M,USA,California,Investment,1,No,Client,53.5,3,911164.52,303721.50666666665,332253.48,3114.6,1038.2,True,False,False,303721.50666666665,1,Mainstream Lower-Value Buyers
C0773,Individual,M,Russia,Saint Petersburg,Home,1,No,Website,59.1,4,1451465.46,362866.365,514489.27,4612.33,1153.0825,False,False,False,362866.365,2,Higher-Value Property Buyers
C0774,Individual,M,USA,Georgia,Home,5,Yes,Agency,53.5,3,999792.68,333264.2266666666,564194.97,3434.41,1144.8033333333333,False,True,False,333264.2266666666,1,Mainstream Lower-Value Buyers
C0775,Individual,F,USA,Arizona,Home,1,No,Agency,53.5,4,1043608.37,260902.0925,368476.78,3601.56,900.39,False,False,False,260902.0925,1,Mainstream Lower-Value Buyers
C0776,Individual,F,Germany,Bavaria,Home,4,Yes,Agency,57.6,3,914465.33,304821.7766666667,382528.88,2942.61,980.87,False,True,False,304821.7766666667,1,Mainstream Lower-Value Buyers
C0777,Company,M,USA,Arizona,Home,1,No,Client,53.5,3,1130759.41,376919.8033333334,459850.51,3939.48,1313.16,False,False,True,376919.8033333334,2,Higher-Value Property Buyers
C0778,Individual,M,USA,California,Investment,4,Yes,Agency,53.5,4,1646921.92,411730.48,601818.29,5339.51,1334.8775,True,True,False,411730.48,2,Higher-Value Property Buyers
C0779,Individual,F,USA,California,Home,5,Yes,Agency,70.7,3,1221957.12,407319.04,499912.08,3975.24,1325.0800000000002,False,True,False,407319.04,2,Higher-Value Property Buyers
C0780,Individual,F,USA,California,Home,3,No,Website,76.4,3,708761.6900000001,236253.8966666667,337660.44,2548.91,849.6366666666667,False,False,False,236253.8966666667,1,Mainstream Lower-Value Buyers
C0781,Individual,M,USA,California,Investment,5,Yes,Website,53.5,4,1181206.69,295301.6725,356949.82,4122.54,1030.635,True,True,False,295301.6725,1,Mainstream Lower-Value Buyers
C0782,Individual,M,USA,Utah,Investment,2,Yes,Website,53.2,4,1166638.16,291659.54000000004,500885.96,3620.15,905.0375,True,True,False,291659.54000000004,1,Mainstream Lower-Value Buyers
C0783,Individual,F,Canada,Alberta,Home,1,Yes,Agency,53.5,3,1031472.36,343824.12,437818.55,3469.69,1156.5633333333333,False,True,False,343824.12,1,Mainstream Lower-Value Buyers
C0784,Individual,M,Mexico,Baja California,Investment,4,No,Website,53.5,3,1172514.65,390838.2166666666,509668.52,4070.24,1356.746666666667,True,False,False,390838.2166666666,2,Higher-Value Property Buyers
C0785,Company,F,USA,California,Home,2,No,Website,53.5,4,1047112.48,261778.12,431877.48,3443.73,860.9325,False,False,True,261778.12,1,Mainstream Lower-Value Buyers
C0786,Individual,F,USA,California,Investment,3,No,Website,53.5,3,663797.37,221265.79,316398.13,2172.26,724.0866666666667,True,False,False,221265.79,1,Mainstream Lower-Value Buyers
C0787,Individual,M,USA,Washington,Home,1,No,Website,53.5,3,1405947.66,468649.22,528186.67,4583.59,1527.8633333333337,False,False,False,468649.22,2,Higher-Value Property Buyers
C0788,Individual,M,France,Brittany,Investment,4,No,Website,53.5,4,1799447.01,449861.7525,599896.96,5930.35,1482.5875,True,False,False,449861.7525,2,Higher-Value Property Buyers
C0789,Individual,F,Canada,Ontario,Investment,1,No,Website,49.7,3,1125271.6,375090.5333333334,491362.13,3686.73,1228.91,True,False,False,375090.5333333334,2,Higher-Value Property Buyers
C0790,Individual,M,USA,California,Home,5,Yes,Agency,53.5,4,1521440.86,380360.215,629276.73,4908.68,1227.17,False,True,False,380360.215,2,Higher-Value Property Buyers
C0791,Individual,M,USA,Texas,Home,4,No,Website,41.0,4,1424465.81,356116.4525,386702.48,4639.87,1159.9675,False,False,False,356116.4525,2,Higher-Value Property Buyers
C0792,Individual,M,USA,California,Investment,4,Yes,Website,53.5,4,1559979.82,389994.955,542607.18,4879.4,1219.85,True,True,False,389994.955,2,Higher-Value Property Buyers
C0793,Individual,M,USA,New York,Home,4,No,Agency,54.3,4,1245234.35,311308.5875,545577.55,4193.76,1048.44,False,False,False,311308.5875,1,Mainstream Lower-Value Buyers
C0794,Individual,M,USA,California,Home,4,Yes,Website,72.9,3,1120488.77,373496.25666666665,453748.83,3925.54,1308.513333333333,False,True,False,373496.25666666665,2,Higher-Value Property Buyers
C0795,Individual,M,USA,California,Investment,4,Yes,Website,53.5,3,1170869.09,390289.6966666666,601201.34,3507.1400000000003,1169.0466666666669,True,True,False,390289.6966666666,2,Higher-Value Property Buyers
C0796,Individual,F,USA,California,Investment,5,Yes,Website,40.7,3,559596.54,186532.18,201976.86,1822.34,607.4466666666667,True,True,False,186532.18,1,Mainstream Lower-Value Buyers
C0797,Individual,F,USA,Oregon,Home,5,Yes,Agency,33.6,3,881179.3,293726.43333333335,475185.8,2555.61,851.8699999999999,False,True,False,293726.43333333335,1,Mainstream Lower-Value Buyers
C0798,Company,M,USA,Nevada,Home,4,Yes,Agency,53.5,4,987267.48,246816.87,353070.7,3363.49,840.8725,False,True,True,246816.87,1,Mainstream Lower-Value Buyers
C0799,Individual,F,USA,California,Home,4,No,Website,53.5,4,1108935.86,277233.965,350745.37,3888.98,972.245,False,False,False,277233.965,1,Mainstream Lower-Value Buyers
C0800,Individual,M,USA,Virginia,Investment,5,Yes,Website,50.0,3,983573.18,327857.7266666666,543292.36,3454.64,1151.5466666666666,True,True,False,327857.7266666666,1,Mainstream Lower-Value Buyers
C0801,Individual,F,USA,Washington,Home,4,Yes,Website,54.7,3,1361712.2999999998,453904.0999999999,571066.07,4306.99,1435.6633333333332,False,True,False,453904.0999999999,2,Higher-Value Property Buyers
C0802,Individual,M,USA,Virginia,Home,5,No,Agency,53.1,3,1074480.81,358160.27,494631.27,3652.74,1217.58,False,False,False,358160.27,1,Mainstream Lower-Value Buyers
C0803,Individual,F,USA,Texas,Home,4,No,Agency,53.5,4,1542819.53,385704.8825,595397.77,5318.37,1329.5925,False,False,False,385704.8825,2,Higher-Value Property Buyers
C0804,Individual,M,USA,Washington,Home,5,No,Agency,57.0,3,1223755.92,407918.64,563216.05,4394.54,1464.8466666666666,False,False,False,407918.64,2,Higher-Value Property Buyers
C0805,Individual,M,Germany,Berlin,Home,1,Yes,Website,53.5,3,940964.73,313654.91,378804.75,2986.53,995.51,False,True,False,313654.91,1,Mainstream Lower-Value Buyers
C0806,Individual,M,France,Ile-de-France,Home,5,No,Client,53.5,4,1485168.27,371292.0675,543193.6,4881.68,1220.42,False,False,False,371292.0675,2,Higher-Value Property Buyers
C0807,Individual,F,Mexico,Mexico City,Investment,5,No,Website,53.5,4,1635419.92,408854.98,548576.41,5649.5,1412.375,True,False,False,408854.98,2,Higher-Value Property Buyers
C0808,Individual,M,Germany,Berlin,Home,3,Yes,Website,53.5,3,885158.15,295052.7166666667,385179.19,3009.94,1003.3133333333334,False,True,False,295052.7166666667,1,Mainstream Lower-Value Buyers
C0809,Individual,F,France,Occitanie,Home,5,Yes,Agency,53.5,3,1386118.19,462039.39666666667,619032.93,4394.54,1464.8466666666666,False,True,False,462039.39666666667,2,Higher-Value Property Buyers
C0810,Individual,M,USA,California,Home,1,Yes,Website,53.5,3,922597.58,307532.5266666667,415564.76,2746.91,915.6366666666668,False,True,False,307532.5266666667,1,Mainstream Lower-Value Buyers
C0811,Individual,M,UK,Wales,Home,3,No,Agency,53.5,3,1515201.05,505067.01666666666,531362.61,4415.7,1471.9,False,False,False,505067.01666666666,2,Higher-Value Property Buyers
C0812,Individual,M,UK,Northern Ireland,Home,3,Yes,Website,53.5,4,1443224.01,360806.0025,529272.37,4994.32,1248.58,False,True,False,360806.0025,2,Higher-Value Property Buyers
C0813,Individual,M,UK,Scotland,Investment,3,No,Agency,49.2,4,1314024.52,328506.13,453762.41,4397.97,1099.4925,True,False,False,328506.13,1,Mainstream Lower-Value Buyers
C0814,Individual,F,USA,California,Home,2,No,Website,53.5,3,674363.74,224787.91333333333,245279.18,2120.18,706.7266666666666,False,False,False,224787.91333333333,1,Mainstream Lower-Value Buyers
C0815,Company,F,USA,Nevada,Home,4,Yes,Agency,58.2,3,962374.65,320791.55,376063.41,3617.89,1205.9633333333334,False,True,True,320791.55,1,Mainstream Lower-Value Buyers
C0816,Individual,F,Germany,Hamburg,Home,2,Yes,Website,53.5,3,1003090.85,334363.6166666667,530119.92,3454.64,1151.5466666666666,False,True,False,334363.6166666667,1,Mainstream Lower-Value Buyers
C0817,Individual,F,USA,California,Investment,1,No,Website,51.6,3,1338281.0,446093.6666666667,487710.82,4346.46,1448.82,True,False,False,446093.6666666667,2,Higher-Value Property Buyers
C0818,Company,F,USA,Colorado,Home,2,No,Website,32.3,4,760443.3500000001,190110.8375,285509.27,2711.16,677.79,False,False,True,190110.8375,1,Mainstream Lower-Value Buyers
C0819,Individual,M,USA,California,Home,5,No,Website,53.5,3,1239378.27,413126.09,540445.52,3939.48,1313.16,False,False,False,413126.09,2,Higher-Value Property Buyers
C0820,Individual,F,USA,Texas,Investment,4,No,Agency,53.5,3,920197.78,306732.5933333333,497575.53,2928.85,976.2833333333332,True,False,False,306732.5933333333,1,Mainstream Lower-Value Buyers
C0821,Individual,F,USA,California,Home,5,Yes,Agency,66.3,3,1371213.26,457071.0866666666,555202.09,4403.67,1467.89,False,True,False,457071.0866666666,2,Higher-Value Property Buyers
C0822,Individual,F,USA,California,Investment,3,Yes,Website,53.5,3,1407630.29,469210.0966666667,508753.3,4691.92,1563.9733333333334,True,True,False,469210.0966666667,2,Higher-Value Property Buyers
C0823,Individual,F,USA,Oregon,Investment,5,Yes,Agency,53.5,4,1722388.89,430597.2225,589758.81,5355.6,1338.9,True,True,False,430597.2225,2,Higher-Value Property Buyers
C0824,Individual,M,USA,California,Home,3,No,Agency,47.6,3,1234378.85,411459.6166666667,519209.27,4306.99,1435.6633333333332,False,False,False,411459.6166666667,2,Higher-Value Property Buyers
C0825,Individual,F,Mexico,Nuevo Leon,Home,4,Yes,Agency,53.5,4,1246198.0,311549.5,507522.85,4300.1900000000005,1075.0475,False,True,False,311549.5,1,Mainstream Lower-Value Buyers
C0826,Individual,M,USA,Ohio,Investment,4,Yes,Website,53.3,4,1255265.82,313816.455,623819.92,3984.77,996.1925,True,True,False,313816.455,1,Mainstream Lower-Value Buyers
C0827,Individual,F,USA,Washington,Home,2,Yes,Website,53.5,4,1176467.77,294116.9425,557463.33,4101.29,1025.3225,False,True,False,294116.9425,1,Mainstream Lower-Value Buyers
C0828,Individual,F,USA,Arizona,Investment,4,Yes,Website,76.2,4,1313574.2,328393.55,500403.51,4488.37,1122.0925,True,True,False,328393.55,1,Mainstream Lower-Value Buyers
C0829,Individual,M,USA,Utah,Investment,3,No,Website,53.5,4,1296844.19,324211.0475,444270.56,4408.32,1102.08,True,False,False,324211.0475,1,Mainstream Lower-Value Buyers
C0830,Individual,M,USA,Oregon,Investment,3,No,Agency,53.5,4,1518798.69,379699.6725,480172.84,4678.46,1169.615,True,False,False,379699.6725,2,Higher-Value Property Buyers
C0831,Individual,F,USA,California,Home,2,No,Website,53.5,3,909532.47,303177.49,393983.06,2937.26,979.0866666666668,False,False,False,303177.49,1,Mainstream Lower-Value Buyers
C0832,Individual,F,USA,Nevada,Investment,3,Yes,Website,34.0,3,1290741.99,430247.33,561351.99,4009.83,1336.61,True,True,False,430247.33,2,Higher-Value Property Buyers
C0833,Individual,M,Denmark,Southern Denmark,Home,5,No,Website,72.2,3,1422486.61,474162.2033333333,504262.01,4869.9,1623.3,False,False,False,474162.2033333333,2,Higher-Value Property Buyers
C0834,Individual,F,USA,California,Home,5,No,Website,53.5,4,1384660.54,346165.135,428653.51,4295.62,1073.905,False,False,False,346165.135,1,Mainstream Lower-Value Buyers
C0835,Individual,F,USA,California,Home,5,Yes,Website,49.6,4,1159317.69,289829.4225,498858.03,3766.44,941.61,False,True,False,289829.4225,1,Mainstream Lower-Value Buyers
C0836,Individual,M,USA,Ohio,Home,4,No,Website,81.9,3,1280715.29,426905.0966666667,499955.33,4479.73,1493.243333333333,False,False,False,426905.0966666667,2,Higher-Value Property Buyers
C0837,Individual,M,France,Brittany,Home,1,No,Website,56.6,4,1415445.71,353861.4275,484359.77,5013.23,1253.3075,False,False,False,353861.4275,2,Higher-Value Property Buyers
C0838,Individual,M,USA,Nevada,Investment,1,Yes,Website,31.7,3,837604.3,279201.43333333335,345031.43,2561.44,853.8133333333334,True,True,False,279201.43333333335,1,Mainstream Lower-Value Buyers
C0839,Individual,F,UK,England,Home,5,Yes,Agency,53.5,3,1123967.69,374655.89666666667,531903.04,3925.54,1308.513333333333,False,True,False,374655.89666666667,2,Higher-Value Property Buyers
C0840,Individual,F,Belgium,Brussels,Home,1,No,Website,42.2,4,1508352.25,377088.0625,565118.87,5318.37,1329.5925,False,False,False,377088.0625,2,Higher-Value Property Buyers
C0841,Individual,M,Belgium,Wallonia,Home,5,No,Website,24.9,4,1344816.1,336204.025,443394.23,4668.42,1167.105,False,False,False,336204.025,1,Mainstream Lower-Value Buyers
C0842,Individual,M,USA,Washington,Home,5,Yes,Client,53.5,4,1082477.8199999998,270619.455,507216.3,3714.98,928.745,False,True,False,270619.455,1,Mainstream Lower-Value Buyers
C0843,Individual,F,USA,Georgia,Home,4,No,Agency,23.1,3,1377127.37,459042.4566666667,508725.94,4502.16,1500.72,False,False,False,459042.4566666667,2,Higher-Value Property Buyers
C0844,Individual,F,USA,California,Home,2,No,Website,53.5,4,1363201.96,340800.49,510261.37,4751.570000000001,1187.8925000000002,False,False,False,340800.49,2,Higher-Value Property Buyers
C0845,Individual,F,USA,Washington,Home,3,No,Client,30.3,3,1355270.16,451756.72,541412.0,4414.34,1471.4466666666667,False,False,False,451756.72,2,Higher-Value Property Buyers
C0846,Individual,F,Canada,Quebec,Investment,3,No,Agency,53.5,3,1069033.77,356344.59,579072.02,3406.57,1135.5233333333333,True,False,False,356344.59,2,Higher-Value Property Buyers
C0847,Individual,F,USA,Utah,Home,2,Yes,Agency,53.5,4,1258765.46,314691.365,480678.5,4046.35,1011.5875,False,True,False,314691.365,1,Mainstream Lower-Value Buyers
C0848,Individual,M,USA,California,Home,4,No,Agency,53.5,4,1366788.33,341697.0825,546910.59,4739.790000000001,1184.9475000000002,False,False,False,341697.0825,2,Higher-Value Property Buyers
C0849,Individual,M,USA,Oregon,Home,1,Yes,Website,46.7,4,1262931.66,315732.915,539249.94,3980.11,995.0275,False,True,False,315732.915,1,Mainstream Lower-Value Buyers
C0850,Individual,F,USA,Colorado,Investment,5,No,Agency,53.5,3,528432.48,176144.16,229915.53,1831.86,610.62,True,False,False,176144.16,1,Mainstream Lower-Value Buyers
C0851,Individual,M,USA,California,Investment,2,Yes,Website,53.5,4,1482957.88,370739.47,492001.45,5039.8,1259.95,True,True,False,370739.47,2,Higher-Value Property Buyers
C0852,Individual,M,Germany,North Rhine-Westphalia,Home,2,No,Agency,53.5,4,1368458.37,342114.5925,430669.69,4889.48,1222.37,False,False,False,342114.5925,2,Higher-Value Property Buyers
C0853,Individual,M,USA,Utah,Home,4,No,Website,73.4,4,1293562.22,323390.555,431452.51,4368.34,1092.085,False,False,False,323390.555,1,Mainstream Lower-Value Buyers
C0854,Individual,M,USA,California,Home,4,No,Website,53.5,3,1419031.61,473010.5366666666,622276.58,4363.23,1454.41,False,False,False,473010.5366666666,2,Higher-Value Property Buyers
C0855,Individual,F,Australia,Queensland,Home,4,No,Website,50.8,4,1198702.15,299675.5375,439175.81,4456.85,1114.2125,False,False,False,299675.5375,1,Mainstream Lower-Value Buyers
C0856,Individual,F,USA,Florida,Home,5,Yes,Website,53.5,4,1565508.99,391377.2475,557814.29,4904.74,1226.185,False,True,False,391377.2475,2,Higher-Value Property Buyers
C0857,Individual,F,USA,California,Investment,1,Yes,Website,72.6,4,1431064.56,357766.14,532766.89,4585.13,1146.2825,True,True,False,357766.14,2,Higher-Value Property Buyers
C0858,Individual,M,USA,Nevada,Home,1,No,Website,29.5,3,972150.6,324050.2,377504.51,3469.69,1156.5633333333333,False,False,False,324050.2,1,Mainstream Lower-Value Buyers
C0859,Individual,F,USA,California,Home,2,Yes,Agency,81.1,4,1440623.89,360155.97250000003,641122.99,4616.42,1154.105,False,True,False,360155.97250000003,2,Higher-Value Property Buyers
C0860,Individual,F,USA,Utah,Home,5,Yes,Website,55.5,4,1362579.84,340644.96,491343.75,4592.1,1148.025,False,True,False,340644.96,2,Higher-Value Property Buyers
C0861,Individual,F,France,Brittany,Investment,2,No,Agency,29.4,3,1527460.57,509153.5233333334,530773.97,4906.87,1635.6233333333332,True,False,False,509153.5233333334,2,Higher-Value Property Buyers
C0862,Individual,F,USA,Colorado,Investment,1,No,Website,53.5,3,1354421.91,451473.97,605272.25,4583.59,1527.8633333333337,True,False,False,451473.97,2,Higher-Value Property Buyers
C0863,Individual,M,Belgium,Wallonia,Home,5,Yes,Agency,53.5,4,1107744.96,276936.24,331782.88,3938.59,984.6475,False,True,False,276936.24,1,Mainstream Lower-Value Buyers
C0864,Individual,M,USA,Texas,Home,3,No,Website,53.5,3,1085548.02,361849.34,436782.69,3469.69,1156.5633333333333,False,False,False,361849.34,1,Mainstream Lower-Value Buyers
C0865,Individual,F,USA,Colorado,Investment,5,Yes,Website,53.5,4,1268059.13,317014.7825,590633.76,4033.58,1008.395,True,True,False,317014.7825,1,Mainstream Lower-Value Buyers
C0866,Individual,M,Belgium,Brussels,Home,3,No,Agency,53.5,4,1331713.08,332928.27,467860.91,4592.1,1148.025,False,False,False,332928.27,1,Mainstream Lower-Value Buyers
C0867,Individual,F,USA,California,Home,2,No,Agency,56.7,3,1028747.3,342915.76666666666,434559.42,3438.79,1146.263333333333,False,False,False,342915.76666666666,1,Mainstream Lower-Value Buyers
C0868,Individual,F,USA,Florida,Home,3,Yes,Agency,53.5,3,987211.17,329070.39,390539.15,3148.14,1049.38,False,True,False,329070.39,1,Mainstream Lower-Value Buyers
C0869,Individual,M,USA,California,Home,4,No,Agency,30.8,3,858807.13,286269.04333333333,338104.13,3038.88,1012.96,False,False,False,286269.04333333333,1,Mainstream Lower-Value Buyers
C0870,Company,F,UK,Northern Ireland,Home,2,Yes,Website,57.3,4,1097902.26,274475.565,384011.41,3639.93,909.9825,False,True,True,274475.565,1,Mainstream Lower-Value Buyers
C0871,Individual,F,USA,Virginia,Home,1,Yes,Website,53.5,4,1939848.53,484962.1325,612113.6,6097.09,1524.2725,False,True,False,484962.1325,2,Higher-Value Property Buyers
C0872,Individual,F,UK,England,Home,4,No,Website,53.5,4,1462320.39,365580.0975,455019.48,5305.01,1326.2525,False,False,False,365580.0975,2,Higher-Value Property Buyers
C0873,Individual,M,USA,New York,Home,2,No,Website,83.3,3,1325777.78,441925.9266666667,554502.82,4389.66,1463.22,False,False,False,441925.9266666667,2,Higher-Value Property Buyers
C0874,Individual,F,Belgium,Flanders,Investment,2,No,Website,53.5,4,1490289.11,372572.2775,604547.34,4746.09,1186.5225,True,False,False,372572.2775,2,Higher-Value Property Buyers
C0875,Individual,M,Canada,Manitoba,Home,4,No,Website,51.5,3,1308981.48,436327.16,551578.92,4111.66,1370.5533333333333,False,False,False,436327.16,2,Higher-Value Property Buyers
C0876,Individual,M,USA,California,Home,3,No,Client,53.5,3,873771.52,291257.17333333334,349877.5,2913.57,971.19,False,False,False,291257.17333333334,1,Mainstream Lower-Value Buyers
C0877,Individual,F,USA,Utah,Investment,2,Yes,Agency,53.5,3,1407650.4,469216.8,573266.03,4479.73,1493.243333333333,True,True,False,469216.8,2,Higher-Value Property Buyers
C0878,Individual,F,USA,Nevada,Home,4,Yes,Website,53.5,3,970670.15,323556.7166666666,532017.08,3024.39,1008.13,False,True,False,323556.7166666666,1,Mainstream Lower-Value Buyers
C0879,Individual,M,UK,Northern Ireland,Home,4,Yes,Website,53.5,3,1349121.32,449707.1066666667,610364.02,4389.66,1463.22,False,True,False,449707.1066666667,2,Higher-Value Property Buyers
C0880,Individual,F,USA,New York,Home,2,No,Website,53.5,4,1390002.64,347500.66000000003,485278.06,4605.48,1151.37,False,False,False,347500.66000000003,2,Higher-Value Property Buyers
C0881,Individual,F,USA,Colorado,Investment,1,No,Website,53.5,4,1247321.2,311830.3,542053.98,4546.77,1136.6925,True,False,False,311830.3,1,Mainstream Lower-Value Buyers
C0882,Individual,M,UK,Wales,Home,3,No,Website,23.5,3,1142828.14,380942.7133333334,466293.15,4306.99,1435.6633333333332,False,False,False,380942.7133333334,2,Higher-Value Property Buyers
C0883,Individual,M,USA,Texas,Home,4,No,Client,53.5,4,1979258.27,494814.5675,555330.51,6797.47,1699.3675,False,False,False,494814.5675,2,Higher-Value Property Buyers
C0884,Individual,M,USA,Nevada,Home,2,No,Website,74.7,3,1021697.5,340565.8333333333,423868.45,3628.92,1209.64,False,False,False,340565.8333333333,1,Mainstream Lower-Value Buyers
C0885,Individual,M,Canada,British Columbia,Investment,2,Yes,Agency,53.5,3,1540844.02,513614.6733333333,661095.49,5015.3,1671.7666666666669,True,True,False,513614.6733333333,2,Higher-Value Property Buyers
C0886,Individual,M,USA,California,Home,3,Yes,Agency,53.5,3,807556.47,269185.49,441789.19,2823.63,941.21,False,True,False,269185.49,1,Mainstream Lower-Value Buyers
C0887,Individual,F,USA,California,Home,3,No,Agency,53.5,4,1247287.09,311821.7725,460816.43,4050.23,1012.5575,False,False,False,311821.7725,1,Mainstream Lower-Value Buyers
C0888,Individual,F,Germany,Berlin,Home,4,Yes,Website,53.5,4,1104713.19,276178.2975,506626.34,3733.42,933.355,False,True,False,276178.2975,1,Mainstream Lower-Value Buyers
C0889,Individual,M,USA,Nevada,Investment,4,Yes,Website,53.5,3,1339350.59,446450.1966666666,525586.98,4353.76,1451.253333333333,True,True,False,446450.1966666666,2,Higher-Value Property Buyers
C0890,Individual,F,USA,Virginia,Investment,3,Yes,Website,53.5,4,1138394.29,284598.5725,480775.4,3690.64,922.66,True,True,False,284598.5725,1,Mainstream Lower-Value Buyers
C0891,Individual,M,Germany,North Rhine-Westphalia,Investment,1,Yes,Website,53.5,4,1340373.08,335093.27,544032.25,4616.42,1154.105,True,True,False,335093.27,2,Higher-Value Property Buyers
C0892,Individual,F,USA,California,Investment,2,Yes,Website,65.6,3,984121.4,328040.4666666666,448877.05,3501.7200000000003,1167.24,True,True,False,328040.4666666666,1,Mainstream Lower-Value Buyers
C0893,Individual,F,USA,Colorado,Home,3,Yes,Website,53.5,4,1695839.47,423959.8675,603155.94,5318.37,1329.5925,False,True,False,423959.8675,2,Higher-Value Property Buyers
C0894,Individual,M,USA,Georgia,Home,5,No,Website,53.5,3,882067.47,294022.49,301693.78,2797.11,932.37,False,False,False,294022.49,1,Mainstream Lower-Value Buyers
C0895,Individual,F,USA,Arizona,Investment,4,Yes,Website,53.5,3,1127680.6,375893.5333333334,502145.17,3840.84,1280.28,True,True,False,375893.5333333334,2,Higher-Value Property Buyers
C0896,Individual,M,France,Brittany,Home,4,Yes,Agency,53.7,4,1157933.44,289483.36,403361.09,3743.06,935.765,False,True,False,289483.36,1,Mainstream Lower-Value Buyers
C0897,Individual,F,Australia,Victoria,Home,1,No,Website,52.4,3,745691.65,248563.88333333333,364650.23,2404.38,801.46,False,False,False,248563.88333333333,1,Mainstream Lower-Value Buyers
C0898,Individual,F,USA,Arizona,Investment,5,Yes,Agency,53.5,4,836494.02,209123.505,318001.46,2824.35,706.0875,True,True,False,209123.505,1,Mainstream Lower-Value Buyers
C0899,Company,F,USA,Washington,Investment,2,No,Website,53.5,3,1050407.63,350135.87666666665,481540.5,3230.07,1076.6899999999998,True,False,True,350135.87666666665,1,Mainstream Lower-Value Buyers
C0900,Individual,F,Germany,North Rhine-Westphalia,Home,4,No,Agency,53.5,3,606058.22,202019.40666666665,316820.96,2259.94,753.3133333333334,False,False,False,202019.40666666665,1,Mainstream Lower-Value Buyers
C0901,Individual,M,France,Brittany,Investment,4,No,Agency,53.5,3,909138.84,303046.28,535623.53,2727.17,909.0566666666668,True,False,False,303046.28,1,Mainstream Lower-Value Buyers
C0902,Company,F,UK,Northern Ireland,Home,3,Yes,Agency,59.9,4,1281064.76,320266.19,457348.2,4274.28,1068.57,False,True,True,320266.19,1,Mainstream Lower-Value Buyers
C0903,Individual,F,USA,Texas,Investment,3,No,Website,53.5,3,1108147.61,369382.5366666666,427664.89,3721.82,1240.6066666666666,True,False,False,369382.5366666666,1,Mainstream Lower-Value Buyers
C0904,Individual,F,Russia,Saint Petersburg,Home,1,Yes,Website,39.8,4,1050355.29,262588.8225,391528.7,3535.22,883.805,False,True,False,262588.8225,1,Mainstream Lower-Value Buyers
C0905,Individual,F,USA,Virginia,Home,5,Yes,Website,53.5,3,877477.72,292492.5733333333,408310.1,2782.82,927.6066666666666,False,True,False,292492.5733333333,1,Mainstream Lower-Value Buyers
C0906,Individual,F,USA,California,Investment,5,No,Website,53.5,4,1757967.56,439491.89,571612.79,5835.72,1458.93,True,False,False,439491.89,2,Higher-Value Property Buyers
C0907,Individual,F,USA,California,Home,3,No,Agency,53.5,3,1375380.46,458460.1533333333,574177.29,4377.57,1459.1899999999998,False,False,False,458460.1533333333,2,Higher-Value Property Buyers
C0908,Individual,M,USA,California,Home,4,Yes,Agency,53.5,4,1129941.35,282485.3375,467397.36,3300.53,825.1325,False,True,False,282485.3375,1,Mainstream Lower-Value Buyers
C0909,Individual,M,USA,California,Investment,1,Yes,Agency,56.5,4,1529455.73,382363.9325,595281.62,4732.16,1183.04,True,True,False,382363.9325,2,Higher-Value Property Buyers
C0910,Individual,F,USA,Texas,Home,3,Yes,Agency,53.5,3,1293598.48,431199.49333333335,705817.01,3715.08,1238.36,False,True,False,431199.49333333335,2,Higher-Value Property Buyers
C0911,Individual,M,USA,California,Home,4,No,Website,53.5,4,1310405.32,327601.33,589085.76,3889.34,972.335,False,False,False,327601.33,1,Mainstream Lower-Value Buyers
C0912,Individual,F,USA,California,Home,1,No,Agency,74.6,3,1322130.05,440710.01666666666,617512.0,4054.39,1351.4633333333334,False,False,False,440710.01666666666,2,Higher-Value Property Buyers
C0913,Individual,M,USA,California,Home,4,No,Agency,53.5,4,1935637.92,483909.48,586679.08,6208.6,1552.15,False,False,False,483909.48,2,Higher-Value Property Buyers
C0914,Individual,F,France,Provence,Investment,4,No,Website,75.2,4,1124290.78,281072.695,362803.25,3938.59,984.6475,True,False,False,281072.695,1,Mainstream Lower-Value Buyers
C0915,Individual,M,USA,Florida,Home,2,No,Agency,53.5,3,1309768.71,436589.57,589191.73,3850.38,1283.46,False,False,False,436589.57,2,Higher-Value Property Buyers
C0916,Individual,M,Russia,Moscow Oblast,Home,2,No,Website,35.9,4,1377591.46,344397.865,478922.56,4456.42,1114.105,False,False,False,344397.865,2,Higher-Value Property Buyers
C0917,Individual,M,USA,Arizona,Home,2,Yes,Agency,54.4,3,756785.49,252261.83,300300.85,2554.28,851.4266666666667,False,True,False,252261.83,1,Mainstream Lower-Value Buyers
C0918,Individual,F,Australia,Western Australia,Home,4,No,Client,53.5,3,1461361.87,487120.6233333333,591434.36,4749.65,1583.2166666666665,False,False,False,487120.6233333333,2,Higher-Value Property Buyers
C0919,Individual,F,Canada,Quebec,Investment,5,No,Agency,53.5,3,1059524.55,353174.85000000003,486833.55,3538.57,1179.5233333333333,True,False,False,353174.85000000003,1,Mainstream Lower-Value Buyers
C0920,Individual,M,USA,California,Home,4,No,Website,50.2,3,878368.79,292789.5966666667,447905.13,2803.3,934.4333333333334,False,False,False,292789.5966666667,1,Mainstream Lower-Value Buyers
C0921,Individual,F,Australia,New South Wales,Home,4,No,Agency,24.8,3,802736.76,267578.92,331896.95,2701.38,900.46,False,False,False,267578.92,1,Mainstream Lower-Value Buyers
C0922,Individual,M,Australia,Victoria,Investment,4,Yes,Website,53.5,3,1105753.98,368584.66,442539.26,3601.05,1200.35,True,True,False,368584.66,1,Mainstream Lower-Value Buyers
C0923,Individual,F,USA,Oregon,Home,3,No,Client,53.5,4,1183422.85,295855.7125,554198.64,4140.77,1035.1925,False,False,False,295855.7125,1,Mainstream Lower-Value Buyers
C0924,Individual,F,USA,California,Home,4,No,Website,53.5,4,1558670.83,389667.7075,535687.32,5253.52,1313.38,False,False,False,389667.7075,2,Higher-Value Property Buyers
C0925,Individual,M,Germany,Hamburg,Home,2,No,Website,79.6,3,1308035.02,436011.6733333333,523966.96,4415.7,1471.9,False,False,False,436011.6733333333,2,Higher-Value Property Buyers
C0926,Individual,F,USA,California,Home,3,No,Website,62.7,3,1078841.73,359613.91,416303.05,3622.94,1207.6466666666668,False,False,False,359613.91,1,Mainstream Lower-Value Buyers
C0927,Individual,F,France,Ile-de-France,Home,4,No,Client,61.2,3,933499.38,311166.46,571089.66,2856.79,952.2633333333332,False,False,False,311166.46,1,Mainstream Lower-Value Buyers
C0928,Individual,M,USA,California,Home,1,Yes,Agency,53.5,3,758070.13,252690.0433333333,392319.37,2651.24,883.7466666666666,False,True,False,252690.0433333333,1,Mainstream Lower-Value Buyers
C0929,Individual,M,USA,Washington,Home,4,No,Website,53.5,3,1167841.72,389280.5733333333,407054.73,3353.82,1117.9399999999998,False,False,False,389280.5733333333,1,Mainstream Lower-Value Buyers
C0930,Individual,F,USA,Washington,Investment,1,Yes,Agency,53.5,3,924305.53,308101.8433333333,410092.17,3331.87,1110.6233333333332,True,True,False,308101.8433333333,1,Mainstream Lower-Value Buyers
C0931,Individual,M,USA,Nevada,Investment,2,Yes,Client,53.5,3,997418.61,332472.87,380782.35,3272.84,1090.9466666666667,True,True,False,332472.87,1,Mainstream Lower-Value Buyers
C0932,Individual,F,USA,New York,Home,5,No,Website,53.5,4,1468310.66,367077.665,567793.82,4787.889999999999,1196.9725,False,False,False,367077.665,2,Higher-Value Property Buyers
C0933,Individual,F,USA,California,Home,4,No,Website,68.3,3,1077170.94,359056.98,411210.31,3466.39,1155.4633333333334,False,False,False,359056.98,1,Mainstream Lower-Value Buyers
C0934,Individual,F,UK,Northern Ireland,Investment,5,Yes,Website,80.2,3,912489.59,304163.1966666667,426691.03,3260.95,1086.9833333333331,True,True,False,304163.1966666667,1,Mainstream Lower-Value Buyers
C0935,Individual,F,Canada,Manitoba,Home,4,No,Agency,53.5,3,1133032.49,377677.4966666666,459433.77,3665.03,1221.6766666666665,False,False,False,377677.4966666666,2,Higher-Value Property Buyers
C0936,Individual,F,USA,California,Home,3,No,Client,72.7,3,782945.97,260981.99,312643.26,2638.03,879.3433333333332,False,False,False,260981.99,1,Mainstream Lower-Value Buyers
C0937,Individual,M,USA,Arizona,Home,5,No,Client,41.7,4,1370340.91,342585.22750000004,462252.41,4509.27,1127.3175,False,False,False,342585.22750000004,2,Higher-Value Property Buyers
C0938,Individual,M,Russia,Krasnodar Krai,Home,4,No,Website,60.7,3,854217.7,284739.23333333334,448751.61,2555.61,851.87,False,False,False,284739.23333333334,1,Mainstream Lower-Value Buyers
C0939,Individual,F,Belgium,Brussels,Investment,1,No,Website,45.9,4,1190833.68,297708.42,478857.61,3985.45,996.3625,True,False,False,297708.42,1,Mainstream Lower-Value Buyers
C0940,Individual,M,USA,Virginia,Investment,5,No,Website,53.5,4,1628937.85,407234.4625,627200.92,5329.13,1332.2825,True,False,False,407234.4625,2,Higher-Value Property Buyers
C0941,Individual,F,Mexico,Jalisco,Home,1,No,Agency,53.5,3,1028314.09,342771.36333333334,410663.51,3268.38,1089.46,False,False,False,342771.36333333334,1,Mainstream Lower-Value Buyers
C0942,Individual,F,USA,California,Home,1,No,Website,53.5,4,1402631.76,350657.94,500962.79,4034.65,1008.6625,False,False,False,350657.94,1,Mainstream Lower-Value Buyers
C0943,Individual,F,Canada,Manitoba,Investment,5,No,Website,53.5,3,975048.28,325016.0933333333,404116.95,3387.53,1129.1766666666665,True,False,False,325016.0933333333,1,Mainstream Lower-Value Buyers
C0944,Individual,F,USA,Florida,Home,2,No,Website,53.5,3,1256722.03,418907.3433333333,673008.78,3850.38,1283.46,False,False,False,418907.3433333333,2,Higher-Value Property Buyers
C0945,Individual,F,France,Provence,Home,4,No,Website,78.3,3,973406.55,324468.85000000003,415439.74,3308.59,1102.8633333333337,False,False,False,324468.85000000003,1,Mainstream Lower-Value Buyers
C0946,Individual,F,USA,Nevada,Investment,3,Yes,Agency,77.5,3,827605.63,275868.54333333333,378567.66,2691.9300000000003,897.3100000000001,True,True,False,275868.54333333333,1,Mainstream Lower-Value Buyers
C0947,Individual,F,USA,Texas,Home,2,No,Website,53.5,3,1096583.29,365527.76333333337,488382.72,3570.94,1190.3133333333333,False,False,False,365527.76333333337,1,Mainstream Lower-Value Buyers
C0948,Individual,F,USA,California,Investment,3,Yes,Website,53.5,4,1532000.51,383000.1275,465555.5,5197.47,1299.3675,True,True,False,383000.1275,2,Higher-Value Property Buyers
C0949,Individual,F,USA,Colorado,Investment,5,Yes,Client,53.5,4,1397057.95,349264.4875,679222.65,4409.09,1102.2725,True,True,False,349264.4875,2,Higher-Value Property Buyers
C0950,Individual,F,USA,Texas,Investment,5,No,Website,32.1,4,1418212.48,354553.12,518468.37,4587.97,1146.9925,True,False,False,354553.12,2,Higher-Value Property Buyers
C0951,Individual,F,Mexico,Nuevo Leon,Home,1,Yes,Client,53.5,4,1658301.92,414575.48,601046.95,5163.2,1290.8,False,True,False,414575.48,2,Higher-Value Property Buyers
C0952,Individual,F,USA,Oregon,Home,5,No,Website,64.3,4,1886501.93,471625.4825,548316.4,6042.6,1510.65,False,False,False,471625.4825,2,Higher-Value Property Buyers
C0953,Company,M,USA,Washington,Home,5,Yes,Website,53.5,3,639815.0,213271.66666666663,294124.85,2517.4300000000003,839.1433333333334,False,True,True,213271.66666666663,1,Mainstream Lower-Value Buyers
C0954,Individual,M,France,Brittany,Investment,4,Yes,Agency,73.7,4,1493788.0,373447.0,533253.25,4817.99,1204.4975,True,True,False,373447.0,2,Higher-Value Property Buyers
C0955,Individual,F,USA,California,Home,1,No,Website,55.0,3,1098111.78,366037.26,398094.9,3617.89,1205.9633333333334,False,False,False,366037.26,1,Mainstream Lower-Value Buyers
C0956,Individual,M,USA,California,Home,1,Yes,Website,57.8,4,1647197.45,411799.3625,512614.55,5178.58,1294.645,False,True,False,411799.3625,2,Higher-Value Property Buyers
C0957,Company,M,USA,Oregon,Home,2,Yes,Client,53.5,4,1295242.02,323810.505,438504.35,4290.23,1072.5575,False,True,True,323810.505,1,Mainstream Lower-Value Buyers
C0958,Individual,F,USA,Nevada,Home,1,Yes,Website,32.5,4,936091.45,234022.8625,319340.28,3338.63,834.6575,False,True,False,234022.8625,1,Mainstream Lower-Value Buyers
C0959,Individual,M,USA,California,Home,3,No,Agency,53.5,4,1840159.66,460039.915,590672.73,6291.16,1572.79,False,False,False,460039.915,2,Higher-Value Property Buyers
C0960,Individual,F,USA,Arizona,Investment,1,Yes,Client,63.8,4,1380084.58,345021.145,499350.81,4592.99,1148.2475,True,True,False,345021.145,2,Higher-Value Property Buyers
C0961,Individual,M,UK,Wales,Home,2,Yes,Website,49.4,4,1681311.67,420327.9175,693731.35,5085.38,1271.345,False,True,False,420327.9175,2,Higher-Value Property Buyers
C0962,Individual,M,USA,California,Home,4,No,Website,53.5,4,1335726.82,333931.705,523288.27,4456.85,1114.2125,False,False,False,333931.705,2,Higher-Value Property Buyers
C0963,Individual,M,Canada,Alberta,Home,4,No,Agency,82.4,3,598874.99,199624.99666666667,222973.92,2036.91,678.9699999999999,False,False,False,199624.99666666667,1,Mainstream Lower-Value Buyers
C0964,Individual,F,USA,California,Home,4,No,Website,53.5,3,1015121.69,338373.89666666667,485910.88,3505.15,1168.3833333333334,False,False,False,338373.89666666667,1,Mainstream Lower-Value Buyers
C0965,Individual,F,USA,New York,Investment,3,No,Website,53.5,3,840199.6100000001,280066.5366666667,359492.59,2586.32,862.1066666666666,True,False,False,280066.5366666667,1,Mainstream Lower-Value Buyers
C0966,Company,M,USA,California,Investment,3,No,Website,28.2,4,1606785.0499999998,401696.2625,470809.32,6041.36,1510.34,True,False,True,401696.2625,2,Higher-Value Property Buyers
C0967,Individual,F,USA,California,Home,2,No,Agency,53.5,3,705599.66,235199.8866666667,283671.4,2638.03,879.3433333333332,False,False,False,235199.8866666667,1,Mainstream Lower-Value Buyers
C0968,Individual,F,USA,Arizona,Home,4,No,Website,53.5,3,1089074.71,363024.9033333333,514916.07,3505.15,1168.3833333333334,False,False,False,363024.9033333333,1,Mainstream Lower-Value Buyers
C0969,Individual,F,Russia,Tatarstan,Investment,1,Yes,Agency,53.5,3,1118760.19,372920.0633333333,635034.32,3559.31,1186.4366666666667,True,True,False,372920.0633333333,2,Higher-Value Property Buyers
C0970,Individual,M,Denmark,North Denmark,Home,3,Yes,Website,37.1,4,1596404.25,399101.0625,594737.23,5253.52,1313.38,False,True,False,399101.0625,2,Higher-Value Property Buyers
C0971,Individual,F,USA,Colorado,Investment,5,Yes,Website,54.6,4,1278450.05,319612.5125,539007.54,4044.92,1011.23,True,True,False,319612.5125,1,Mainstream Lower-Value Buyers
C0972,Individual,F,USA,Arizona,Home,5,No,Agency,53.5,4,1298009.03,324502.2575,578906.36,4291.94,1072.985,False,False,False,324502.2575,2,Higher-Value Property Buyers
C0973,Individual,M,USA,California,Investment,2,No,Client,31.1,4,1595817.16,398954.29,617314.75,4842.950000000001,1210.7375000000002,True,False,False,398954.29,2,Higher-Value Property Buyers
C0974,Individual,M,USA,New York,Home,1,No,Agency,53.5,4,1210990.11,302747.5275,589033.68,4033.58,1008.395,False,False,False,302747.5275,1,Mainstream Lower-Value Buyers
C0975,Individual,M,USA,Utah,Home,4,No,Website,77.5,3,941310.61,313770.2033333333,387772.79,3150.24,1050.08,False,False,False,313770.2033333333,1,Mainstream Lower-Value Buyers
C0976,Individual,M,USA,California,Home,4,Yes,Website,53.5,4,1206149.98,301537.495,437270.83,3790.99,947.7475,False,True,False,301537.495,1,Mainstream Lower-Value Buyers
C0977,Individual,M,USA,California,Home,1,No,Agency,27.7,3,944672.95,314890.98333333334,465826.16,3277.52,1092.506666666667,False,False,False,314890.98333333334,1,Mainstream Lower-Value Buyers
C0978,Individual,F,USA,California,Home,4,Yes,Website,60.1,3,1449360.91,483120.3033333334,511639.2,4580.87,1526.9566666666667,False,True,False,483120.3033333334,2,Higher-Value Property Buyers
C0979,Individual,F,Canada,Quebec,Investment,4,No,Website,53.5,3,864661.4500000001,288220.48333333334,387129.95,2817.99,939.33,True,False,False,288220.48333333334,1,Mainstream Lower-Value Buyers
C0980,Individual,M,USA,New York,Investment,1,Yes,Website,53.5,3,1156326.64,385442.2133333334,459833.04,4177.67,1392.5566666666666,True,True,False,385442.2133333334,2,Higher-Value Property Buyers
C0981,Individual,F,USA,California,Investment,1,No,Website,53.5,4,2048324.19,512081.0475,529558.26,6221.1900000000005,1555.2975,True,False,False,512081.0475,2,Higher-Value Property Buyers
C0982,Individual,F,Canada,Manitoba,Investment,5,Yes,Agency,62.5,3,1443503.73,481167.91,567471.58,4369.08,1456.36,True,True,False,481167.91,2,Higher-Value Property Buyers
C0983,Individual,F,Germany,North Rhine-Westphalia,Home,4,No,Website,53.5,3,803219.7,267739.9,354787.43,2698.86,899.62,False,False,False,267739.9,1,Mainstream Lower-Value Buyers
C0984,Individual,M,Canada,British Columbia,Home,5,Yes,Agency,61.1,3,1206529.21,402176.4033333333,508281.75,4011.52,1337.1733333333334,False,True,False,402176.4033333333,2,Higher-Value Property Buyers
C0985,Individual,F,USA,California,Home,1,Yes,Website,53.5,3,886990.72,295663.5733333333,460231.54,2803.3,934.4333333333334,False,True,False,295663.5733333333,1,Mainstream Lower-Value Buyers
C0986,Individual,F,Russia,Saint Petersburg,Home,2,No,Website,53.5,3,1445226.07,481742.0233333334,667262.77,4531.13,1510.3766666666668,False,False,False,481742.0233333334,2,Higher-Value Property Buyers
C0987,Individual,F,Germany,North Rhine-Westphalia,Home,1,Yes,Agency,53.5,4,1086018.36,271504.59,443461.13,3936.48,984.12,False,True,False,271504.59,1,Mainstream Lower-Value Buyers
C0988,Individual,M,USA,Texas,Home,3,Yes,Agency,53.5,3,695033.8,231677.93333333332,306320.78,2172.26,724.0866666666667,False,True,False,231677.93333333332,1,Mainstream Lower-Value Buyers
C0989,Individual,F,USA,Oregon,Home,4,No,Website,53.5,4,1129907.31,282476.8275,498692.85,4140.77,1035.1925,False,False,False,282476.8275,1,Mainstream Lower-Value Buyers
C0990,Individual,M,USA,Utah,Home,4,No,Website,53.5,4,1588383.36,397095.84,495705.73,5287.04,1321.76,False,False,False,397095.84,2,Higher-Value Property Buyers
C0991,Individual,F,USA,Nevada,Home,1,No,Website,53.5,3,1223116.15,407705.3833333333,500394.39,4394.54,1464.8466666666666,False,False,False,407705.3833333333,2,Higher-Value Property Buyers
C0992,Individual,M,Denmark,Capital Region,Home,1,Yes,Website,53.5,4,1478482.61,369620.6525,484664.3,4821.86,1205.465,False,True,False,369620.6525,2,Higher-Value Property Buyers
C0993,Individual,M,USA,California,Home,2,Yes,Website,69.8,3,530494.44,176831.47999999998,217783.6,1831.86,610.62,False,True,False,176831.47999999998,1,Mainstream Lower-Value Buyers
C0994,Individual,M,USA,California,Home,3,No,Website,53.5,4,1379902.87,344975.7175,578315.7,4751.570000000001,1187.8925000000002,False,False,False,344975.7175,2,Higher-Value Property Buyers
C0995,Individual,F,Australia,New South Wales,Home,1,Yes,Website,53.5,3,1004120.77,334706.92333333334,570222.0,3111.33,1037.11,False,True,False,334706.92333333334,1,Mainstream Lower-Value Buyers
C0996,Individual,M,Canada,Manitoba,Home,2,Yes,Client,67.6,3,888968.0,296322.6666666667,463182.68,2823.63,941.21,False,True,False,296322.6666666667,1,Mainstream Lower-Value Buyers
C0997,Individual,M,USA,California,Investment,3,Yes,Agency,73.8,3,1607877.07,535959.0233333333,578538.26,4963.42,1654.4733333333334,True,True,False,535959.0233333333,2,Higher-Value Property Buyers
C0998,Company,F,USA,Virginia,Home,4,No,Agency,54.7,4,1230552.15,307638.0375,503618.69,4213.08,1053.27,False,False,True,307638.0375,1,Mainstream Lower-Value Buyers
C0999,Individual,F,USA,California,Investment,3,No,Agency,53.5,3,661984.35,220661.45,322054.98,2259.94,753.3133333333334,True,False,False,220661.45,1,Mainstream Lower-Value Buyers
C1000,Individual,F,USA,Utah,Home,2,Yes,Website,53.5,4,1629372.23,407343.0575,574257.04,5266.620000000001,1316.6550000000002,False,True,False,407343.0575,2,Higher-Value Property Buyers
C1001,Individual,M,USA,California,Home,3,No,Website,53.5,4,1650296.94,412574.235,574884.08,5305.49,1326.3725,False,False,False,412574.235,2,Higher-Value Property Buyers
C1002,Individual,M,USA,California,Home,5,No,Website,56.6,3,1064050.72,354683.5733333333,570302.17,3156.26,1052.0866666666668,False,False,False,354683.5733333333,1,Mainstream Lower-Value Buyers
C1003,Individual,F,USA,Nevada,Home,2,No,Website,46.4,3,1164909.23,388303.07666666666,522271.82,3911.33,1303.7766666666666,False,False,False,388303.07666666666,2,Higher-Value Property Buyers
C1004,Individual,M,USA,Oregon,Home,3,Yes,Website,53.5,4,1553467.66,388366.915,554713.49,5016.18,1254.045,False,True,False,388366.915,2,Higher-Value Property Buyers
C1005,Individual,F,Germany,Hamburg,Home,3,No,Client,35.6,3,778101.6000000001,259367.20000000004,325562.57,2979.01,993.0033333333334,False,False,False,259367.20000000004,1,Mainstream Lower-Value Buyers
C1006,Individual,F,USA,Georgia,Home,1,No,Website,53.5,3,738938.8,246312.93333333332,317877.17,2485.17,828.39,False,False,False,246312.93333333332,1,Mainstream Lower-Value Buyers
C1007,Individual,F,UK,England,Home,4,No,Agency,53.5,3,813104.68,271034.89333333337,334696.9,2541.11,847.0366666666667,False,False,False,271034.89333333337,1,Mainstream Lower-Value Buyers
C1008,Company,M,USA,California,Home,2,No,Website,36.2,4,1018262.69,254565.6725,361077.2,3399.16,849.79,False,False,True,254565.6725,1,Mainstream Lower-Value Buyers
C1009,Individual,F,USA,Nevada,Investment,4,Yes,Agency,73.9,3,741160.04,247053.34666666668,306507.89,2913.57,971.19,True,True,False,247053.34666666668,1,Mainstream Lower-Value Buyers
C1010,Individual,M,Mexico,Jalisco,Home,4,No,Website,59.8,4,1331479.73,332869.9325,510151.14,4308.78,1077.195,False,False,False,332869.9325,1,Mainstream Lower-Value Buyers
C1011,Individual,F,USA,California,Investment,1,No,Website,53.5,4,1281389.39,320347.34750000003,476326.35,4302.02,1075.505,True,False,False,320347.34750000003,1,Mainstream Lower-Value Buyers
C1012,Individual,M,USA,New York,Home,4,Yes,Website,53.5,3,1690270.5,563423.5,599421.75,5208.1,1736.0333333333335,False,True,False,563423.5,2,Higher-Value Property Buyers
C1013,Individual,F,USA,Oregon,Home,1,Yes,Website,53.5,4,1627907.97,406976.9925,488639.08,5192.58,1298.145,False,True,False,406976.9925,2,Higher-Value Property Buyers
C1014,Individual,M,USA,California,Home,3,Yes,Website,55.0,3,1278106.36,426035.45333333337,495367.08,4571.08,1523.6933333333334,False,True,False,426035.45333333337,2,Higher-Value Property Buyers
C1015,Individual,M,USA,California,Home,4,Yes,Website,46.3,3,884426.51,294808.83666666667,471331.07,2919.27,973.09,False,True,False,294808.83666666667,1,Mainstream Lower-Value Buyers
C1016,Individual,F,USA,California,Home,4,Yes,Agency,47.7,4,1542774.61,385693.6525,536215.12,4858.25,1214.5625,False,True,False,385693.6525,2,Higher-Value Property Buyers
C1017,Individual,F,USA,California,Home,1,Yes,Agency,53.5,4,1116371.43,279092.8575,457871.48,3714.98,928.745,False,True,False,279092.8575,1,Mainstream Lower-Value Buyers
C1018,Individual,F,USA,Colorado,Home,5,Yes,Client,53.5,3,845680.5700000001,281893.5233333334,347722.15,3100.45,1033.4833333333331,False,True,False,281893.5233333334,1,Mainstream Lower-Value Buyers
C1019,Individual,F,USA,Nevada,Home,2,No,Client,53.5,3,1167255.18,389085.06,486688.21,3975.24,1325.0800000000002,False,False,False,389085.06,2,Higher-Value Property Buyers
C1020,Individual,F,USA,California,Home,3,No,Agency,53.5,4,1248826.86,312206.715,515392.69,3976.29,994.0725,False,False,False,312206.715,1,Mainstream Lower-Value Buyers
C1021,Individual,M,USA,California,Investment,1,No,Client,49.3,4,1554739.9,388684.975,505490.44,5363.110000000001,1340.7775,True,False,False,388684.975,2,Higher-Value Property Buyers
C1022,Individual,F,USA,Colorado,Home,1,No,Agency,53.5,4,1389709.13,347427.2825,623455.64,4488.37,1122.0925,False,False,False,347427.2825,2,Higher-Value Property Buyers
C1023,Individual,F,USA,Nevada,Home,1,Yes,Website,53.5,3,1336237.87,445412.62333333335,549773.4,4798.03,1599.3433333333332,False,True,False,445412.62333333335,2,Higher-Value Property Buyers
C1024,Individual,M,USA,Arizona,Investment,2,No,Agency,54.4,3,1351032.92,450344.3066666666,598612.25,4531.13,1510.3766666666668,True,False,False,450344.3066666666,2,Higher-Value Property Buyers
C1025,Individual,F,USA,California,Home,1,No,Client,53.5,3,738424.1799999999,246141.3933333333,276688.99,2206.07,735.3566666666667,False,False,False,246141.3933333333,1,Mainstream Lower-Value Buyers
C1026,Individual,M,USA,California,Investment,1,No,Agency,32.4,3,1440775.1,480258.3666666667,582011.89,4356.79,1452.263333333333,True,False,False,480258.3666666667,2,Higher-Value Property Buyers
C1027,Individual,M,USA,California,Investment,1,Yes,Client,47.1,3,1554407.81,518135.9366666667,532123.09,4947.78,1649.26,True,True,False,518135.9366666667,2,Higher-Value Property Buyers
C1028,Individual,M,USA,California,Home,1,Yes,Website,81.7,4,1143826.71,285956.6775,479050.0,3936.48,984.12,False,True,False,285956.6775,1,Mainstream Lower-Value Buyers
C1029,Individual,M,Australia,Victoria,Home,1,No,Agency,74.2,3,946560.97,315520.3233333333,409647.06,3148.14,1049.38,False,False,False,315520.3233333333,1,Mainstream Lower-Value Buyers
C1030,Individual,F,USA,Ohio,Home,4,No,Website,53.5,4,1353543.06,338385.765,406491.67,4281.9,1070.475,False,False,False,338385.765,1,Mainstream Lower-Value Buyers
C1031,Individual,M,UK,England,Home,1,No,Website,53.5,3,1011333.2,337111.06666666665,394120.88,3265.76,1088.5866666666668,False,False,False,337111.06666666665,1,Mainstream Lower-Value Buyers
C1032,Individual,M,USA,Nevada,Home,5,No,Website,47.0,4,1494289.73,373572.4325,566395.41,4344.91,1086.2275,False,False,False,373572.4325,2,Higher-Value Property Buyers
C1033,Individual,M,France,Ile-de-France,Home,2,No,Website,53.5,4,1496120.51,374030.1275,507541.5,5253.52,1313.38,False,False,False,374030.1275,2,Higher-Value Property Buyers
C1034,Individual,F,USA,Colorado,Home,5,No,Client,53.5,4,1200049.6,300012.4,429156.03,3881.5,970.375,False,False,False,300012.4,1,Mainstream Lower-Value Buyers
C1035,Individual,M,USA,Virginia,Home,2,No,Website,62.9,4,1528550.13,382137.5325,550601.55,4908.68,1227.17,False,False,False,382137.5325,2,Higher-Value Property Buyers
C1036,Individual,F,USA,Oregon,Home,2,No,Agency,53.5,3,1176436.08,392145.36,443662.17,4051.48,1350.493333333333,False,False,False,392145.36,2,Higher-Value Property Buyers
C1037,Company,M,Mexico,Baja California,Home,2,Yes,Website,54.0,3,1115637.13,371879.0433333333,499833.64,3570.94,1190.3133333333333,False,True,True,371879.0433333333,2,Higher-Value Property Buyers
C1038,Individual,M,USA,California,Investment,3,No,Website,53.5,3,907128.2,302376.0666666667,419687.28,2817.99,939.33,True,False,False,302376.0666666667,1,Mainstream Lower-Value Buyers
C1039,Individual,M,USA,California,Home,1,Yes,Agency,53.5,4,1428452.94,357113.235,585383.34,4842.950000000001,1210.7375000000002,False,True,False,357113.235,2,Higher-Value Property Buyers
C1040,Individual,M,USA,California,Investment,5,Yes,Website,83.7,3,901095.79,300365.26333333337,332452.89,2976.66,992.22,True,True,False,300365.26333333337,1,Mainstream Lower-Value Buyers
C1041,Individual,F,USA,Nevada,Home,5,Yes,Website,33.1,3,1150040.79,383346.93,402848.9,3911.33,1303.7766666666666,False,True,False,383346.93,2,Higher-Value Property Buyers
C1042,Individual,F,USA,Nevada,Home,2,No,Agency,78.4,4,1325783.46,331445.865,530985.4,4488.37,1122.0925,False,False,False,331445.865,2,Higher-Value Property Buyers
C1043,Individual,F,USA,Washington,Home,5,No,Website,53.5,3,1067911.86,355970.61999999994,426620.64,4071.58,1357.1933333333334,False,False,False,355970.61999999994,2,Higher-Value Property Buyers
C1044,Individual,M,USA,Nevada,Investment,5,No,Website,53.5,4,1368036.39,342009.09750000003,443365.72,4582.14,1145.535,True,False,False,342009.09750000003,1,Mainstream Lower-Value Buyers
C1045,Individual,F,USA,New York,Home,3,No,Website,81.8,3,974840.03,324946.6766666667,425602.22,3180.34,1060.1133333333337,False,False,False,324946.6766666667,1,Mainstream Lower-Value Buyers
C1046,Individual,F,Canada,Quebec,Home,4,Yes,Website,53.5,4,1301128.39,325282.0975,517811.18,4198.799999999999,1049.6999999999998,False,True,False,325282.0975,1,Mainstream Lower-Value Buyers
C1047,Individual,M,USA,Virginia,Home,3,No,Website,39.1,3,1333737.83,444579.2766666667,547111.08,4363.72,1454.5733333333335,False,False,False,444579.2766666667,2,Higher-Value Property Buyers
C1048,Individual,F,USA,Oregon,Investment,1,No,Agency,53.5,3,1349339.41,449779.8033333333,583294.59,4317.77,1439.256666666667,True,False,False,449779.8033333333,2,Higher-Value Property Buyers
C1049,Individual,F,USA,California,Investment,5,No,Website,83.2,3,1214294.16,404764.72,500013.28,4354.610000000001,1451.5366666666669,True,False,False,404764.72,2,Higher-Value Property Buyers
C1050,Individual,M,USA,Georgia,Home,4,Yes,Website,68.2,4,1274655.09,318663.7725,446439.12,4770.88,1192.72,False,True,False,318663.7725,1,Mainstream Lower-Value Buyers
C1051,Individual,F,USA,Virginia,Home,1,Yes,Agency,53.5,3,894972.26,298324.08666666667,543773.78,3050.23,1016.7433333333332,False,True,False,298324.08666666667,1,Mainstream Lower-Value Buyers
C1052,Individual,F,USA,Utah,Home,1,Yes,Agency,53.5,4,1008000.54,252000.135,296702.8,3347.77,836.9425,False,True,False,252000.135,1,Mainstream Lower-Value Buyers
C1053,Individual,M,Mexico,Nuevo Leon,Home,2,Yes,Website,49.1,3,1280976.9,426992.3,630342.5,4009.83,1336.61,False,True,False,426992.3,2,Higher-Value Property Buyers
C1054,Individual,M,USA,Arizona,Home,2,Yes,Website,34.3,3,837920.5800000001,279306.86000000004,317911.69,2638.03,879.3433333333332,False,True,False,279306.86000000004,1,Mainstream Lower-Value Buyers
C1055,Individual,M,USA,New York,Investment,2,Yes,Website,53.5,3,811498.78,270499.5933333333,373299.4,2779.19,926.3966666666666,True,True,False,270499.5933333333,1,Mainstream Lower-Value Buyers
C1056,Individual,M,USA,Colorado,Home,1,Yes,Website,53.5,3,1436352.77,478784.25666666665,499350.78,5264.81,1754.9366666666667,False,True,False,478784.25666666665,2,Higher-Value Property Buyers
C1057,Individual,M,USA,Nevada,Investment,5,No,Website,53.5,4,1430593.53,357648.3825,521044.57,5205.6,1301.4,True,False,False,357648.3825,2,Higher-Value Property Buyers
C1058,Individual,F,Germany,Bavaria,Home,3,Yes,Website,50.6,4,1526007.8199999998,381501.955,532913.83,4761.63,1190.4075,False,True,False,381501.955,2,Higher-Value Property Buyers
C1059,Individual,F,USA,California,Home,4,No,Website,53.5,3,1266979.76,422326.5866666666,580992.98,4268.91,1422.97,False,False,False,422326.5866666666,2,Higher-Value Property Buyers
C1060,Individual,M,USA,Nevada,Home,5,No,Agency,53.5,3,1167625.18,389208.3933333333,557611.23,3964.51,1321.503333333333,False,False,False,389208.3933333333,2,Higher-Value Property Buyers
C1061,Individual,F,UK,Scotland,Home,1,No,Website,63.6,4,1689767.29,422441.8225,575615.86,5691.97,1422.9925,False,False,False,422441.8225,2,Higher-Value Property Buyers
C1062,Individual,M,USA,California,Home,4,No,Agency,53.5,4,1766882.53,441720.6325,704808.48,5626.43,1406.6075,False,False,False,441720.6325,2,Higher-Value Property Buyers
C1063,Individual,F,USA,New York,Investment,5,Yes,Website,35.1,3,1315820.94,438606.98,496232.48,4062.88,1354.2933333333333,True,True,False,438606.98,2,Higher-Value Property Buyers
C1064,Individual,M,USA,California,Home,5,Yes,Website,78.4,3,695434.77,231811.59,348131.23,2651.24,883.7466666666668,False,True,False,231811.59,1,Mainstream Lower-Value Buyers
C1065,Individual,M,USA,Georgia,Home,3,Yes,Client,69.0,3,1107631.34,369210.4466666667,450186.35,3790.73,1263.5766666666666,False,True,False,369210.4466666667,2,Higher-Value Property Buyers
C1066,Individual,F,Australia,Victoria,Home,1,No,Website,53.5,4,1208868.77,302217.1925,538035.23,3963.95,990.9875,False,False,False,302217.1925,1,Mainstream Lower-Value Buyers
C1067,Individual,M,Mexico,Jalisco,Investment,4,No,Agency,53.5,3,849001.36,283000.4533333333,324856.86,2712.1400000000003,904.0466666666669,True,False,False,283000.4533333333,1,Mainstream Lower-Value Buyers
C1068,Individual,F,USA,California,Home,3,No,Agency,39.9,3,1403831.31,467943.77,524955.14,4827.1,1609.0333333333335,False,False,False,467943.77,2,Higher-Value Property Buyers
C1069,Individual,M,USA,Virginia,Home,3,Yes,Agency,53.5,3,1323760.84,441253.6133333333,580190.12,4239.18,1413.0600000000002,False,True,False,441253.6133333333,2,Higher-Value Property Buyers
C1070,Individual,F,Germany,Bavaria,Home,5,No,Agency,53.5,3,1286265.14,428755.0466666667,453127.52,4415.7,1471.9,False,False,False,428755.0466666667,2,Higher-Value Property Buyers
C1071,Individual,M,USA,Texas,Home,2,No,Agency,57.4,4,1047375.62,261843.905,393101.99,3498.51,874.6275,False,False,False,261843.905,1,Mainstream Lower-Value Buyers
C1072,Individual,F,USA,Utah,Home,3,No,Agency,61.6,3,829884.93,276628.31,335251.84,2937.26,979.0866666666668,False,False,False,276628.31,1,Mainstream Lower-Value Buyers
C1073,Individual,M,USA,California,Investment,2,No,Website,68.5,4,1197808.83,299452.2075,333845.6,3808.21,952.0525,True,False,False,299452.2075,1,Mainstream Lower-Value Buyers
C1074,Individual,M,UK,Northern Ireland,Home,1,No,Website,69.5,3,1004700.45,334900.15,467335.84,3277.6200000000003,1092.5400000000002,False,False,False,334900.15,1,Mainstream Lower-Value Buyers
C1075,Individual,F,Mexico,Baja California,Home,3,No,Website,53.5,4,1178400.08,294600.02,445987.2,3939.81,984.9525,False,False,False,294600.02,1,Mainstream Lower-Value Buyers
C1076,Individual,F,USA,Florida,Investment,3,No,Agency,53.5,3,884169.44,294723.14666666667,445754.21,2930.45,976.8166666666666,True,False,False,294723.14666666667,1,Mainstream Lower-Value Buyers
C1077,Individual,M,USA,Texas,Investment,2,No,Agency,41.8,4,1467449.24,366862.31,537661.98,4983.74,1245.935,True,False,False,366862.31,2,Higher-Value Property Buyers
C1078,Individual,M,USA,Ohio,Home,1,No,Agency,53.5,3,1247337.58,415779.19333333336,491669.54,3911.33,1303.7766666666666,False,False,False,415779.19333333336,2,Higher-Value Property Buyers
C1079,Individual,M,USA,California,Investment,4,Yes,Website,53.5,3,1151228.31,383742.77,557229.76,4009.83,1336.61,True,True,False,383742.77,2,Higher-Value Property Buyers
C1080,Individual,F,UK,England,Investment,4,No,Agency,67.2,4,1594795.52,398698.88,482594.96,5701.12,1425.28,True,False,False,398698.88,2,Higher-Value Property Buyers
C1081,Company,M,Russia,Novosibirsk,Home,4,Yes,Agency,49.3,3,1006584.7,335528.23333333334,455284.06,3610.17,1203.39,False,True,True,335528.23333333334,1,Mainstream Lower-Value Buyers
C1082,Individual,F,USA,Oregon,Investment,5,Yes,Website,30.9,3,829499.85,276499.95,388642.3,2859.34,953.1133333333332,True,True,False,276499.95,1,Mainstream Lower-Value Buyers
C1083,Individual,F,USA,Colorado,Investment,4,No,Agency,73.2,4,1145122.1,286280.525,413563.21,3757.95,939.4875,True,False,False,286280.525,1,Mainstream Lower-Value Buyers
C1084,Individual,F,France,Ile-de-France,Home,4,No,Agency,53.5,4,1357921.15,339480.2875,498074.48,4546.77,1136.6925,False,False,False,339480.2875,2,Higher-Value Property Buyers
C1085,Individual,F,Australia,Queensland,Investment,1,No,Client,53.5,3,797675.03,265891.6766666667,291083.4,2984.48,994.8266666666668,True,False,False,265891.6766666667,1,Mainstream Lower-Value Buyers
C1086,Individual,M,USA,Colorado,Home,1,Yes,Website,67.8,4,1339827.27,334956.8175,464470.15,4120.84,1030.21,False,True,False,334956.8175,1,Mainstream Lower-Value Buyers
C1087,Individual,M,USA,Colorado,Home,3,No,Website,40.0,4,1878433.21,469608.3025,602057.55,6300.43,1575.1075,False,False,False,469608.3025,2,Higher-Value Property Buyers
C1088,Individual,M,USA,Utah,Home,4,Yes,Agency,53.5,3,802271.19,267423.73,460665.54,2651.24,883.7466666666666,False,True,False,267423.73,1,Mainstream Lower-Value Buyers
C1089,Individual,F,USA,Utah,Home,1,Yes,Website,53.5,4,959344.08,239836.02,273895.07,3313.5,828.375,False,True,False,239836.02,1,Mainstream Lower-Value Buyers
C1090,Individual,F,Canada,Alberta,Home,3,Yes,Client,61.3,3,1217272.58,405757.5266666667,495437.61,4188.29,1396.0966666666666,False,True,False,405757.5266666667,2,Higher-Value Property Buyers
C1091,Individual,M,USA,Nevada,Home,1,Yes,Agency,53.5,3,741797.49,247265.83,356627.2,2560.9700000000003,853.6566666666668,False,True,False,247265.83,1,Mainstream Lower-Value Buyers
C1092,Individual,M,USA,Oregon,Investment,2,No,Website,53.5,3,1213248.05,404416.01666666666,492551.34,4356.79,1452.263333333333,True,False,False,404416.01666666666,2,Higher-Value Property Buyers
C1093,Individual,M,USA,Oregon,Home,1,Yes,Website,53.5,3,805402.8300000001,268467.61000000004,334313.56,2701.38,900.46,False,True,False,268467.61000000004,1,Mainstream Lower-Value Buyers
C1094,Individual,F,USA,Washington,Home,2,Yes,Website,63.9,4,1631407.56,407851.89,606086.6,5094.1900000000005,1273.5475,False,True,False,407851.89,2,Higher-Value Property Buyers
C1095,Individual,F,USA,California,Home,3,No,Agency,53.5,4,1454366.24,363591.56,566261.62,5056.05,1264.0125,False,False,False,363591.56,2,Higher-Value Property Buyers
C1096,Individual,F,USA,New York,Home,2,No,Client,53.5,4,1756661.91,439165.4775,561232.25,5358.78,1339.695,False,False,False,439165.4775,2,Higher-Value Property Buyers
C1097,Individual,F,Canada,Alberta,Home,3,Yes,Agency,53.5,3,1064342.81,354780.9366666667,453949.46,3487.85,1162.6166666666666,False,True,False,354780.9366666667,1,Mainstream Lower-Value Buyers
C1098,Individual,M,USA,California,Investment,3,No,Client,53.5,3,1187774.23,395924.74333333335,443496.6,3870.26,1290.0866666666668,True,False,False,395924.74333333335,2,Higher-Value Property Buyers
C1099,Individual,F,USA,Colorado,Home,3,No,Agency,53.5,4,1426501.12,356625.28,444521.07,4612.33,1153.0825,False,False,False,356625.28,2,Higher-Value Property Buyers
C1100,Individual,M,Russia,Novosibirsk,Home,1,No,Website,53.5,4,1314225.59,328556.3975,548635.7,4168.6900000000005,1042.1725,False,False,False,328556.3975,1,Mainstream Lower-Value Buyers
C1101,Individual,M,Belgium,Flanders,Home,5,No,Website,60.0,4,1037914.43,259478.6075,325612.79,3474.29,868.5725,False,False,False,259478.6075,1,Mainstream Lower-Value Buyers
C1102,Company,M,Germany,Berlin,Home,2,No,Agency,63.7,4,1248456.03,312114.0075,516162.59,3972.25,993.0625,False,False,True,312114.0075,1,Mainstream Lower-Value Buyers
C1103,Individual,M,Belgium,Wallonia,Home,4,No,Agency,53.5,4,1206840.81,301710.2025,496697.45,3989.66,997.415,False,False,False,301710.2025,1,Mainstream Lower-Value Buyers
C1104,Individual,M,USA,Utah,Investment,5,Yes,Website,53.5,3,893996.19,297998.73,381470.55,3075.04,1025.013333333333,True,True,False,297998.73,1,Mainstream Lower-Value Buyers
C1105,Individual,M,USA,Nevada,Home,3,Yes,Website,53.5,4,1623510.31,405877.5775,550595.85,5463.780000000001,1365.9450000000002,False,True,False,405877.5775,2,Higher-Value Property Buyers
C1106,Individual,M,USA,California,Home,1,No,Agency,53.5,3,773499.85,257833.28333333333,329442.1,2528.04,842.68,False,False,False,257833.28333333333,1,Mainstream Lower-Value Buyers
C1107,Individual,M,Canada,British Columbia,Home,1,No,Website,53.5,3,1156527.59,385509.1966666667,540584.92,3804.14,1268.0466666666669,False,False,False,385509.1966666667,2,Higher-Value Property Buyers
C1108,Individual,F,Australia,South Australia,Home,4,No,Website,30.0,3,1069904.1,356634.7,516476.18,3715.08,1238.36,False,False,False,356634.7,2,Higher-Value Property Buyers
C1109,Individual,F,USA,California,Home,1,Yes,Client,56.3,4,1756965.37,439241.3425,531593.91,5835.72,1458.93,False,True,False,439241.3425,2,Higher-Value Property Buyers
C1110,Individual,M,USA,New York,Home,5,Yes,Website,46.6,4,1445458.33,361364.5825,441268.43,4611.639999999999,1152.91,False,True,False,361364.5825,2,Higher-Value Property Buyers
C1111,Company,M,USA,California,Home,4,Yes,Website,53.5,3,885146.14,295048.7133333333,435943.19,2691.9300000000003,897.3100000000001,False,True,True,295048.7133333333,1,Mainstream Lower-Value Buyers
C1112,Individual,M,USA,Nevada,Investment,3,Yes,Website,42.0,3,961599.42,320533.14,388182.22,2927.83,975.9433333333332,True,True,False,320533.14,1,Mainstream Lower-Value Buyers
C1113,Individual,F,USA,Texas,Investment,2,No,Client,53.5,4,1162770.88,290692.72,523652.47,3768.14,942.035,True,False,False,290692.72,1,Mainstream Lower-Value Buyers
C1114,Individual,F,USA,California,Home,3,No,Website,31.9,3,872825.73,290941.91,367529.08,3218.1800000000003,1072.7266666666667,False,False,False,290941.91,1,Mainstream Lower-Value Buyers
C1115,Individual,M,USA,Colorado,Home,3,Yes,Agency,53.5,3,1054599.19,351533.0633333333,472546.53,3326.99,1108.996666666667,False,True,False,351533.0633333333,1,Mainstream Lower-Value Buyers
C1116,Individual,F,USA,California,Home,1,Yes,Agency,53.5,3,766951.9500000001,255650.65,294707.51,2638.03,879.3433333333332,False,True,False,255650.65,1,Mainstream Lower-Value Buyers
C1117,Individual,F,Mexico,Mexico City,Home,5,Yes,Website,53.5,4,1149629.49,287407.3725,410756.82,4191.96,1047.99,False,True,False,287407.3725,1,Mainstream Lower-Value Buyers
C1118,Company,M,UK,Scotland,Investment,2,Yes,Website,53.5,3,859368.99,286456.33,401356.84,2949.95,983.3166666666666,True,True,True,286456.33,1,Mainstream Lower-Value Buyers
C1119,Individual,M,USA,Oregon,Home,1,Yes,Website,53.5,3,938703.66,312901.22,394144.56,2849.71,949.9033333333332,False,True,False,312901.22,1,Mainstream Lower-Value Buyers
C1120,Individual,F,USA,Arizona,Home,1,No,Website,53.5,4,1371211.29,342802.8225,436572.8,4494.469999999999,1123.6174999999998,False,False,False,342802.8225,1,Mainstream Lower-Value Buyers
C1121,Individual,F,USA,California,Home,1,No,Client,38.6,3,1014661.78,338220.5933333333,568008.79,3373.5,1124.5,False,False,False,338220.5933333333,1,Mainstream Lower-Value Buyers
C1122,Individual,F,USA,California,Home,4,No,Website,81.2,4,1558949.2,389737.3,625903.82,4835.51,1208.8775,False,False,False,389737.3,2,Higher-Value Property Buyers
C1123,Individual,M,USA,Virginia,Home,5,No,Agency,72.8,3,1241771.44,413923.8133333333,581087.19,3851.12,1283.7066666666667,False,False,False,413923.8133333333,2,Higher-Value Property Buyers
C1124,Individual,F,USA,Oregon,Investment,5,Yes,Website,47.9,4,1272190.01,318047.5025,531100.09,4163.56,1040.89,True,True,False,318047.5025,1,Mainstream Lower-Value Buyers
C1125,Individual,M,USA,Oregon,Home,3,No,Agency,82.9,3,1186907.08,395635.69333333336,440465.95,3997.02,1332.34,False,False,False,395635.69333333336,2,Higher-Value Property Buyers
C1126,Company,M,USA,Virginia,Home,1,Yes,Website,53.5,3,893488.2,297829.4,440625.12,3047.82,1015.94,False,True,True,297829.4,1,Mainstream Lower-Value Buyers
C1127,Individual,F,UK,England,Investment,1,No,Website,53.5,3,838728.4,279576.13333333336,309658.36,2797.11,932.37,True,False,False,279576.13333333336,1,Mainstream Lower-Value Buyers
C1128,Individual,M,USA,California,Investment,1,No,Website,40.1,3,1186634.53,395544.8433333333,467492.04,3992.56,1330.8533333333332,True,False,False,395544.8433333333,2,Higher-Value Property Buyers
C1129,Individual,F,USA,Colorado,Investment,5,No,Agency,78.3,4,1463125.26,365781.315,507394.76,4877.75,1219.4375,True,False,False,365781.315,2,Higher-Value Property Buyers
C1130,Individual,F,USA,Arizona,Home,5,No,Website,36.8,4,1326217.01,331554.2525,678504.41,4036.92,1009.23,False,False,False,331554.2525,2,Higher-Value Property Buyers
C1131,Individual,F,USA,California,Investment,3,No,Website,53.5,3,1210500.79,403500.26333333337,581631.78,3953.2,1317.7333333333331,True,False,False,403500.26333333337,2,Higher-Value Property Buyers
C1132,Individual,M,USA,New York,Home,2,Yes,Website,53.5,3,1383901.27,461300.4233333333,574927.34,4346.46,1448.82,False,True,False,461300.4233333333,2,Higher-Value Property Buyers
C1133,Individual,M,USA,Oregon,Investment,3,No,Website,53.5,4,1427019.92,356754.98,502325.67,4842.950000000001,1210.7375000000002,True,False,False,356754.98,2,Higher-Value Property Buyers
C1134,Individual,F,USA,California,Investment,1,No,Website,80.2,4,1088583.78,272145.945,453416.1,3620.15,905.0375,True,False,False,272145.945,1,Mainstream Lower-Value Buyers
C1135,Individual,F,Russia,Moscow Oblast,Investment,5,Yes,Client,53.5,3,1186082.75,395360.9166666667,484226.87,3910.42,1303.4733333333334,True,True,False,395360.9166666667,2,Higher-Value Property Buyers
C1136,Individual,F,USA,California,Home,3,Yes,Agency,53.5,3,1016844.64,338948.2133333333,430426.11,3071.6400000000003,1023.88,False,True,False,338948.2133333333,1,Mainstream Lower-Value Buyers
C1137,Individual,F,USA,Nevada,Home,4,Yes,Agency,53.5,3,1114902.43,371634.1433333333,554352.77,3420.52,1140.1733333333334,False,True,False,371634.1433333333,2,Higher-Value Property Buyers
C1138,Individual,M,USA,Oregon,Home,1,No,Website,53.5,3,840602.9199999999,280200.9733333333,348889.77,2856.2200000000003,952.0733333333334,False,False,False,280200.9733333333,1,Mainstream Lower-Value Buyers
C1139,Individual,F,USA,California,Home,4,Yes,Client,27.8,3,1297382.59,432460.8633333333,568773.25,4317.77,1439.256666666667,False,True,False,432460.8633333333,2,Higher-Value Property Buyers
C1140,Individual,M,USA,Florida,Home,1,Yes,Website,47.5,3,1275809.71,425269.9033333333,551828.54,3831.82,1277.2733333333333,False,True,False,425269.9033333333,2,Higher-Value Property Buyers
C1141,Individual,F,USA,Arizona,Investment,3,No,Website,53.5,3,990242.33,330080.7766666667,436787.87,3304.65,1101.55,True,False,False,330080.7766666667,1,Mainstream Lower-Value Buyers
C1142,Individual,F,USA,Colorado,Home,2,Yes,Agency,75.8,4,1492680.13,373170.0325,492869.13,4889.48,1222.37,False,True,False,373170.0325,2,Higher-Value Property Buyers
C1143,Individual,M,USA,Arizona,Home,2,Yes,Website,29.3,3,1108329.67,369443.2233333333,404667.67,4031.45,1343.8166666666666,False,True,False,369443.2233333333,2,Higher-Value Property Buyers
C1144,Individual,F,USA,Georgia,Investment,4,No,Client,45.1,4,1244666.12,311166.53,494178.87,4108.29,1027.0725,True,False,False,311166.53,1,Mainstream Lower-Value Buyers
C1145,Individual,M,USA,Nevada,Home,5,No,Website,30.7,3,1118850.31,372950.1033333333,568314.74,3802.22,1267.4066666666668,False,False,False,372950.1033333333,2,Higher-Value Property Buyers
C1146,Individual,M,USA,California,Investment,2,No,Website,53.5,3,1037824.43,345941.4766666667,565819.26,3408.26,1136.0866666666668,True,False,False,345941.4766666667,1,Mainstream Lower-Value Buyers
C1147,Individual,F,USA,Utah,Home,3,No,Website,45.9,3,905314.84,301771.61333333334,555067.12,3031.59,1010.53,False,False,False,301771.61333333334,1,Mainstream Lower-Value Buyers
C1148,Individual,M,Australia,New South Wales,Home,1,Yes,Agency,53.5,3,1083677.57,361225.8566666667,523867.62,3664.15,1221.3833333333334,False,True,False,361225.8566666667,2,Higher-Value Property Buyers
C1149,Individual,F,Russia,Tatarstan,Home,3,No,Agency,43.8,4,1277449.99,319362.4975,484921.76,4213.08,1053.27,False,False,False,319362.4975,1,Mainstream Lower-Value Buyers
C1150,Individual,F,USA,Nevada,Investment,4,No,Agency,31.1,3,1476970.3,492323.43333333335,523968.19,4650.38,1550.1266666666668,True,False,False,492323.43333333335,2,Higher-Value Property Buyers
C1151,Individual,M,USA,Arizona,Investment,2,No,Website,53.5,4,1760000.34,440000.085,545707.37,5400.87,1350.2175,True,False,False,440000.085,2,Higher-Value Property Buyers
C1152,Individual,M,USA,Georgia,Home,1,No,Website,53.5,4,1654928.32,413732.08,585559.25,5498.34,1374.585,False,False,False,413732.08,2,Higher-Value Property Buyers
C1153,Individual,M,USA,California,Home,1,No,Website,53.5,3,1007630.0,335876.6666666667,492913.41,3511.06,1170.3533333333332,False,False,False,335876.6666666667,1,Mainstream Lower-Value Buyers
C1154,Individual,M,USA,Utah,Home,5,Yes,Agency,67.5,4,1373889.96,343472.49,518104.03,4541.3,1135.325,False,True,False,343472.49,2,Higher-Value Property Buyers
C1155,Individual,M,USA,California,Home,5,No,Website,46.8,3,1577625.0,525875.0,589821.06,5037.32,1679.1066666666666,False,False,False,525875.0,2,Higher-Value Property Buyers
C1156,Individual,F,USA,Virginia,Home,4,No,Agency,53.5,3,859956.66,286652.22000000003,441602.33,3024.39,1008.13,False,False,False,286652.22000000003,1,Mainstream Lower-Value Buyers
C1157,Individual,M,Canada,Alberta,Investment,2,No,Website,79.2,4,894080.38,223520.095,329573.31,2865.81,716.4525,True,False,False,223520.095,1,Mainstream Lower-Value Buyers
C1158,Individual,F,USA,California,Investment,2,No,Website,53.5,3,941360.29,313786.76333333337,596516.36,2916.16,972.0533333333332,True,False,False,313786.76333333337,1,Mainstream Lower-Value Buyers
C1159,Individual,M,USA,Nevada,Investment,1,Yes,Website,53.5,3,1170550.92,390183.64,558548.42,3527.05,1175.6833333333334,True,True,False,390183.64,2,Higher-Value Property Buyers
C1160,Individual,M,USA,Florida,Home,2,Yes,Website,53.5,4,1359425.86,339856.465,510079.55,4407.95,1101.9875,False,True,False,339856.465,2,Higher-Value Property Buyers
C1161,Individual,M,Canada,Alberta,Investment,3,Yes,Website,29.9,4,2022416.31,505604.0775,724345.49,5945.31,1486.3275,True,True,False,505604.0775,2,Higher-Value Property Buyers
C1162,Individual,M,USA,California,Investment,2,No,Website,53.5,4,1116223.63,279055.9075,446838.6,3490.7200000000003,872.6800000000001,True,False,False,279055.9075,1,Mainstream Lower-Value Buyers
C1163,Individual,M,USA,California,Home,3,Yes,Website,53.5,4,1202709.18,300677.295,498755.52,4239.35,1059.8375,False,True,False,300677.295,1,Mainstream Lower-Value Buyers
C1164,Individual,F,Belgium,Wallonia,Home,3,Yes,Agency,55.7,4,1315287.03,328821.7575,411818.69,4678.46,1169.615,False,True,False,328821.7575,1,Mainstream Lower-Value Buyers
C1165,Individual,F,Russia,Moscow Oblast,Home,1,No,Website,53.5,3,970705.4,323568.4666666666,509155.44,3239.78,1079.9266666666665,False,False,False,323568.4666666666,1,Mainstream Lower-Value Buyers
C1166,Individual,M,USA,New York,Investment,1,No,Website,53.5,4,1163601.79,290900.4475,408434.17,3757.95,939.4875,True,False,False,290900.4475,1,Mainstream Lower-Value Buyers
C1167,Individual,M,UK,Scotland,Home,3,No,Website,53.5,3,1163104.83,387701.61,662126.19,3581.32,1193.7733333333333,False,False,False,387701.61,2,Higher-Value Property Buyers
C1168,Individual,F,Germany,Hamburg,Home,2,Yes,Agency,53.5,4,1081069.19,270267.2975,382048.18,3604.98,901.245,False,True,False,270267.2975,1,Mainstream Lower-Value Buyers
C1169,Individual,M,Russia,Saint Petersburg,Home,5,Yes,Agency,30.0,4,900300.22,225075.055,269707.97,3330.46,832.615,False,True,False,225075.055,1,Mainstream Lower-Value Buyers
C1170,Individual,F,USA,Nevada,Home,1,Yes,Website,33.9,4,1165955.62,291488.905,366328.69,4039.73,1009.9325,False,True,False,291488.905,1,Mainstream Lower-Value Buyers
C1171,Individual,F,USA,California,Investment,4,Yes,Website,53.5,4,1561809.25,390452.3125,527403.68,5107.95,1276.9875,True,True,False,390452.3125,2,Higher-Value Property Buyers
C1172,Individual,F,USA,Nevada,Home,5,No,Website,81.2,4,1240274.79,310068.6975,454693.74,3961.79,990.4475,False,False,False,310068.6975,1,Mainstream Lower-Value Buyers
C1173,Individual,F,Canada,Manitoba,Investment,1,No,Website,39.2,4,1261072.17,315268.0425,468922.65,4059.93,1014.9825,True,False,False,315268.0425,1,Mainstream Lower-Value Buyers
C1174,Individual,M,USA,Nevada,Home,2,No,Agency,41.5,4,1414798.99,353699.7475,446099.24,4979.219999999999,1244.8049999999998,False,False,False,353699.7475,2,Higher-Value Property Buyers
C1175,Individual,F,USA,California,Home,2,No,Website,53.5,4,1766232.62,441558.155,675388.05,5797.51,1449.3775,False,False,False,441558.155,2,Higher-Value Property Buyers
C1176,Individual,F,USA,California,Investment,4,Yes,Agency,48.6,3,1003328.89,334442.9633333333,441387.41,3511.06,1170.3533333333332,True,True,False,334442.9633333333,1,Mainstream Lower-Value Buyers
C1177,Individual,M,USA,California,Investment,2,No,Agency,25.3,4,1047224.27,261806.0675,321100.73,3264.6400000000003,816.1600000000001,True,False,False,261806.0675,1,Mainstream Lower-Value Buyers
C1178,Individual,F,USA,California,Home,1,No,Agency,53.5,3,744651.07,248217.0233333333,390678.42,2404.38,801.46,False,False,False,248217.0233333333,1,Mainstream Lower-Value Buyers
C1179,Individual,F,USA,California,Home,4,No,Agency,32.9,3,848152.02,282717.34,361461.89,3137.6000000000004,1045.8666666666668,False,False,False,282717.34,1,Mainstream Lower-Value Buyers
C1180,Individual,F,Belgium,Brussels,Home,2,Yes,Website,28.5,4,1111089.24,277772.31,413510.38,4202.29,1050.5725,False,True,False,277772.31,1,Mainstream Lower-Value Buyers
C1181,Individual,F,USA,Nevada,Investment,5,No,Website,53.5,3,743723.3099999999,247907.77,352725.16,2817.99,939.33,True,False,False,247907.77,1,Mainstream Lower-Value Buyers
C1182,Individual,M,Germany,Bavaria,Investment,3,Yes,Website,62.8,4,1522183.38,380545.845,539392.07,5076.26,1269.065,True,True,False,380545.845,2,Higher-Value Property Buyers
C1183,Individual,M,USA,Arizona,Investment,1,No,Website,53.5,4,1364593.88,341148.47,546764.12,4353.53,1088.3825,True,False,False,341148.47,2,Higher-Value Property Buyers
C1184,Individual,M,France,Ile-de-France,Home,2,No,Website,53.5,3,500255.63,166751.87666666668,202634.18,1872.71,624.2366666666667,False,False,False,166751.87666666668,1,Mainstream Lower-Value Buyers
C1185,Individual,M,USA,California,Home,3,No,Website,53.5,4,1218570.99,304642.7475,388613.55,4119.65,1029.9125,False,False,False,304642.7475,1,Mainstream Lower-Value Buyers
C1186,Individual,F,USA,Nevada,Home,3,Yes,Website,53.5,3,1141153.96,380384.6533333333,585004.16,3665.03,1221.6766666666665,False,True,False,380384.6533333333,2,Higher-Value Property Buyers
C1187,Individual,F,USA,Nevada,Home,4,No,Website,53.5,3,1097539.23,365846.41,564972.81,3277.52,1092.506666666667,False,False,False,365846.41,2,Higher-Value Property Buyers
C1188,Individual,M,Canada,Alberta,Home,1,No,Client,28.2,4,1437535.25,359383.8125,581530.71,4761.63,1190.4075,False,False,False,359383.8125,2,Higher-Value Property Buyers
C1189,Individual,M,USA,Florida,Home,2,Yes,Client,53.5,4,1180295.09,295073.7725,382331.32,3956.87,989.2175,False,True,False,295073.7725,1,Mainstream Lower-Value Buyers
C1190,Individual,F,USA,Texas,Home,4,No,Client,77.4,4,1358669.02,339667.255,495056.58,4462.44,1115.61,False,False,False,339667.255,2,Higher-Value Property Buyers
C1191,Individual,F,USA,California,Investment,3,No,Website,53.5,3,1095538.81,365179.6033333333,409260.76,4071.58,1357.1933333333334,True,False,False,365179.6033333333,2,Higher-Value Property Buyers
C1192,Individual,M,USA,Florida,Home,5,No,Website,24.0,4,1111237.94,277809.485,462493.65,3764.54,941.135,False,False,False,277809.485,1,Mainstream Lower-Value Buyers
C1193,Individual,F,UK,England,Home,1,No,Website,53.5,4,946796.24,236699.06,360341.5,2865.81,716.4525,False,False,False,236699.06,1,Mainstream Lower-Value Buyers
C1194,Individual,F,USA,Colorado,Home,1,No,Website,53.5,3,1084957.53,361652.51,431485.71,3791.59,1263.8633333333337,False,False,False,361652.51,1,Mainstream Lower-Value Buyers
C1195,Individual,F,USA,California,Home,4,Yes,Agency,33.6,4,1118238.91,279559.7275,475030.73,3643.7,910.925,False,True,False,279559.7275,1,Mainstream Lower-Value Buyers
C1196,Individual,M,USA,Nevada,Home,2,No,Agency,68.3,4,1731153.76,432788.44,588124.15,5425.28,1356.32,False,False,False,432788.44,2,Higher-Value Property Buyers
C1197,Individual,F,USA,Arizona,Home,4,No,Website,64.7,3,1439595.57,479865.19,584272.04,4414.34,1471.4466666666667,False,False,False,479865.19,2,Higher-Value Property Buyers
C1198,Individual,F,USA,New York,Home,1,No,Agency,53.5,3,1415391.59,471797.1966666666,674268.09,4479.73,1493.243333333333,False,False,False,471797.1966666666,2,Higher-Value Property Buyers
C1199,Individual,M,USA,Colorado,Home,2,No,Website,80.8,4,1013002.89,253250.7225,367400.47,3641.17,910.2925,False,False,False,253250.7225,1,Mainstream Lower-Value Buyers
C1200,Individual,M,USA,Utah,Home,4,No,Agency,54.2,4,1789601.3299999998,447400.3325,635580.39,5691.97,1422.9925,False,False,False,447400.3325,2,Higher-Value Property Buyers
C1201,Individual,M,USA,Oregon,Investment,1,Yes,Website,53.5,4,1063833.91,265958.4775,353358.62,3585.01,896.2525,True,True,False,265958.4775,1,Mainstream Lower-Value Buyers
C1202,Company,M,Canada,Quebec,Investment,5,Yes,Website,38.6,4,1527115.16,381778.79,581236.54,5055.1,1263.775,True,True,True,381778.79,2,Higher-Value Property Buyers
C1203,Individual,F,USA,Arizona,Home,2,Yes,Website,53.5,3,1083378.55,361126.18333333335,437211.33,3988.71,1329.57,False,True,False,361126.18333333335,2,Higher-Value Property Buyers
C1204,Individual,M,Mexico,Puebla,Investment,2,Yes,Website,31.7,3,1231356.24,410452.08,603910.96,3840.84,1280.28,True,True,False,410452.08,2,Higher-Value Property Buyers
C1205,Individual,M,Belgium,Flanders,Home,4,No,Website,53.5,3,968123.38,322707.79333333333,498260.56,3230.07,1076.69,False,False,False,322707.79333333333,1,Mainstream Lower-Value Buyers
C1206,Individual,F,USA,California,Investment,5,No,Website,66.1,3,941726.19,313908.73,396440.12,3421.2,1140.4,True,False,False,313908.73,1,Mainstream Lower-Value Buyers
C1207,Individual,F,USA,Texas,Home,5,Yes,Agency,53.5,4,1084392.98,271098.245,328706.37,4040.38,1010.095,False,True,False,271098.245,1,Mainstream Lower-Value Buyers
C1208,Individual,M,USA,Colorado,Home,1,No,Website,53.5,3,1277019.82,425673.2733333334,561711.27,4431.09,1477.03,False,False,False,425673.2733333334,2,Higher-Value Property Buyers
C1209,Individual,F,USA,California,Home,4,Yes,Website,45.5,4,1201633.01,300408.2525,401888.63,4493.27,1123.3175,False,True,False,300408.2525,1,Mainstream Lower-Value Buyers
C1210,Individual,M,USA,California,Investment,1,No,Website,32.6,4,1146800.83,286700.2075,409323.23,3589.88,897.47,True,False,False,286700.2075,1,Mainstream Lower-Value Buyers
C1211,Individual,F,Canada,British Columbia,Home,5,Yes,Website,27.5,4,1447927.02,361981.755,457810.49,4668.42,1167.105,False,True,False,361981.755,2,Higher-Value Property Buyers
C1212,Individual,M,USA,California,Home,1,No,Agency,66.5,4,1052290.76,263072.69,396779.8,3616.04,904.01,False,False,False,263072.69,1,Mainstream Lower-Value Buyers
C1213,Individual,F,Canada,Manitoba,Home,5,No,Website,30.4,3,829461.56,276487.1866666667,351625.35,2699.97,899.9899999999999,False,False,False,276487.1866666667,1,Mainstream Lower-Value Buyers
C1214,Individual,F,USA,Florida,Home,1,No,Agency,23.4,4,1725018.41,431254.6025,563581.06,5784.45,1446.1125,False,False,False,431254.6025,2,Higher-Value Property Buyers
C1215,Individual,M,USA,California,Home,3,No,Website,53.5,3,1140423.38,380141.1266666667,664530.42,3313.53,1104.51,False,False,False,380141.1266666667,2,Higher-Value Property Buyers
C1216,Individual,F,France,Normandy,Home,4,No,Website,26.5,3,1191384.37,397128.12333333335,551096.05,4394.54,1464.8466666666666,False,False,False,397128.12333333335,2,Higher-Value Property Buyers
C1217,Individual,M,USA,California,Investment,4,Yes,Website,27.0,3,1007204.78,335734.9266666667,461132.81,3559.31,1186.4366666666667,True,True,False,335734.9266666667,1,Mainstream Lower-Value Buyers
C1218,Individual,F,USA,California,Home,1,Yes,Website,53.5,4,1308613.5699999998,327153.3925,449085.55,4486.1,1121.525,False,True,False,327153.3925,1,Mainstream Lower-Value Buyers
C1219,Individual,F,USA,Arizona,Home,1,Yes,Website,40.1,3,867409.27,289136.42333333334,430666.39,3223.87,1074.6233333333332,False,True,False,289136.42333333334,1,Mainstream Lower-Value Buyers
C1220,Individual,F,USA,Colorado,Investment,4,Yes,Website,56.3,4,1471199.75,367799.9375,508492.43,5016.18,1254.045,True,True,False,367799.9375,2,Higher-Value Property Buyers
C1221,Individual,F,USA,Nevada,Investment,2,No,Agency,53.5,3,1354868.93,451622.9766666666,506860.65,4695.97,1565.3233333333335,True,False,False,451622.9766666666,2,Higher-Value Property Buyers
C1222,Individual,M,USA,Utah,Home,4,No,Website,55.0,3,1319349.86,439783.2866666666,626423.06,4087.15,1362.3833333333334,False,False,False,439783.2866666666,2,Higher-Value Property Buyers
C1223,Individual,F,USA,Washington,Home,4,No,Website,53.5,3,1072582.78,357527.5933333333,403699.08,4109.1900000000005,1369.7300000000002,False,False,False,357527.5933333333,2,Higher-Value Property Buyers
C1224,Individual,M,USA,New York,Investment,5,Yes,Client,53.5,3,827238.27,275746.09,432388.36,2892.8,964.2666666666664,True,True,False,275746.09,1,Mainstream Lower-Value Buyers
C1225,Individual,M,USA,Oregon,Home,2,No,Website,33.1,3,1122587.7,374195.9,606790.94,3505.01,1168.3366666666668,False,False,False,374195.9,2,Higher-Value Property Buyers
C1226,Individual,M,USA,Utah,Home,4,No,Website,34.7,3,972596.13,324198.71,413286.53,3248.69,1082.8966666666668,False,False,False,324198.71,1,Mainstream Lower-Value Buyers
C1227,Individual,M,USA,Colorado,Home,3,Yes,Agency,53.5,4,2151534.73,537883.6825,627385.67,6705.53,1676.3825,False,True,False,537883.6825,2,Higher-Value Property Buyers
C1228,Individual,M,USA,California,Home,2,No,Website,69.5,3,1058718.77,352906.25666666665,508674.8,3373.5,1124.5,False,False,False,352906.25666666665,1,Mainstream Lower-Value Buyers
C1229,Individual,F,UK,Scotland,Home,1,Yes,Website,29.2,3,1185126.78,395042.26,556269.12,3910.42,1303.4733333333334,False,True,False,395042.26,2,Higher-Value Property Buyers
C1230,Individual,M,USA,California,Home,5,No,Client,53.5,3,759973.15,253324.38333333333,341233.68,2404.38,801.46,False,False,False,253324.38333333333,1,Mainstream Lower-Value Buyers
C1231,Individual,F,USA,California,Home,2,No,Agency,69.1,3,859705.1699999999,286568.39,372010.36,2768.0,922.6666666666666,False,False,False,286568.39,1,Mainstream Lower-Value Buyers
C1232,Individual,F,Canada,British Columbia,Home,3,No,Website,53.5,4,1527373.03,381843.2575,516863.32,4695.25,1173.8125,False,False,False,381843.2575,2,Higher-Value Property Buyers
C1233,Individual,M,USA,Utah,Home,4,No,Website,44.4,3,936287.8,312095.93333333335,421407.86,3236.36,1078.7866666666666,False,False,False,312095.93333333335,1,Mainstream Lower-Value Buyers
C1234,Individual,F,USA,Colorado,Investment,1,No,Website,53.5,4,1463190.28,365797.57,539693.29,5112.18,1278.045,True,False,False,365797.57,2,Higher-Value Property Buyers
C1235,Individual,M,USA,Arizona,Home,2,No,Website,53.5,4,1271344.11,317836.0275,611112.1,4101.29,1025.3225,False,False,False,317836.0275,1,Mainstream Lower-Value Buyers
C1236,Individual,M,USA,Arizona,Home,4,Yes,Website,53.5,4,1747766.02,436941.505,560683.85,5661.93,1415.4825,False,True,False,436941.505,2,Higher-Value Property Buyers
C1237,Individual,F,UK,Wales,Investment,4,Yes,Website,53.5,3,688233.74,229411.24666666667,340807.81,2326.7,775.5666666666666,True,True,False,229411.24666666667,1,Mainstream Lower-Value Buyers
C1238,Individual,M,USA,Nevada,Home,1,Yes,Agency,53.5,4,1648873.57,412218.3925,524988.7,5374.63,1343.6575,False,True,False,412218.3925,2,Higher-Value Property Buyers
C1239,Individual,F,USA,Oregon,Home,3,No,Agency,70.9,4,1457041.08,364260.27,555539.4,4456.85,1114.2125,False,False,False,364260.27,2,Higher-Value Property Buyers
C1240,Individual,F,USA,Nevada,Investment,4,Yes,Website,39.1,3,1018594.44,339531.48000000004,534650.14,3313.53,1104.51,True,True,False,339531.48000000004,1,Mainstream Lower-Value Buyers
C1241,Individual,F,USA,California,Home,1,No,Agency,53.5,4,1157084.59,289271.1475,410171.8,3795.34,948.835,False,False,False,289271.1475,1,Mainstream Lower-Value Buyers
C1242,Individual,M,USA,California,Home,3,Yes,Website,53.5,3,1055842.78,351947.5933333333,424910.39,3415.27,1138.4233333333334,False,True,False,351947.5933333333,1,Mainstream Lower-Value Buyers
C1243,Individual,M,USA,Colorado,Home,1,No,Website,75.2,4,1419502.04,354875.51,541890.18,4986.47,1246.6175,False,False,False,354875.51,2,Higher-Value Property Buyers
C1244,Individual,M,USA,Utah,Investment,5,Yes,Website,31.6,3,1438309.93,479436.6433333333,598240.7,4539.51,1513.17,True,True,False,479436.6433333333,2,Higher-Value Property Buyers
C1245,Individual,M,USA,California,Home,3,Yes,Agency,60.9,3,1422519.51,474173.17,500160.52,4588.39,1529.4633333333334,False,True,False,474173.17,2,Higher-Value Property Buyers
C1246,Individual,F,Canada,Alberta,Home,2,No,Agency,80.6,3,859984.47,286661.49,360318.53,2942.61,980.87,False,False,False,286661.49,1,Mainstream Lower-Value Buyers
C1247,Individual,F,USA,Nevada,Investment,2,No,Website,66.7,4,1774416.3199999998,443604.08,544990.2,5958.92,1489.73,True,False,False,443604.08,2,Higher-Value Property Buyers
C1248,Individual,F,USA,Arizona,Home,3,No,Agency,47.5,3,786895.89,262298.63,371938.81,2698.86,899.62,False,False,False,262298.63,1,Mainstream Lower-Value Buyers
C1249,Individual,F,USA,California,Investment,1,No,Website,53.5,4,1289938.64,322484.66000000003,465116.85,4584.06,1146.015,True,False,False,322484.66000000003,1,Mainstream Lower-Value Buyers
C1250,Individual,M,USA,Nevada,Home,5,No,Agency,53.5,3,1582661.61,527553.87,554882.17,5023.62,1674.54,False,False,False,527553.87,2,Higher-Value Property Buyers
C1251,Individual,M,USA,Texas,Investment,5,No,Website,48.2,4,1246714.37,311678.5925,448815.67,3868.0,967.0,True,False,False,311678.5925,1,Mainstream Lower-Value Buyers
C1252,Individual,F,USA,Arizona,Home,3,Yes,Website,53.5,3,1137673.55,379224.51666666666,513716.25,3665.03,1221.6766666666665,False,True,False,379224.51666666666,2,Higher-Value Property Buyers
C1253,Individual,M,USA,California,Home,2,No,Agency,53.5,3,767162.2200000001,255720.74,378213.4,2443.06,814.3533333333334,False,False,False,255720.74,1,Mainstream Lower-Value Buyers
C1254,Individual,M,USA,California,Home,5,Yes,Agency,67.7,4,1604050.88,401012.72,471923.26,5119.6,1279.9,False,True,False,401012.72,2,Higher-Value Property Buyers
C1255,Individual,M,USA,California,Home,3,No,Agency,53.5,4,1105130.19,276282.5475,469476.95,3768.14,942.035,False,False,False,276282.5475,1,Mainstream Lower-Value Buyers
C1256,Company,F,USA,California,Investment,4,No,Agency,53.5,3,1227293.02,409097.6733333333,483098.81,4071.58,1357.1933333333334,True,False,True,409097.6733333333,2,Higher-Value Property Buyers
C1257,Individual,M,USA,California,Home,5,Yes,Agency,53.5,3,850550.13,283516.71,426820.06,2680.13,893.3766666666667,False,True,False,283516.71,1,Mainstream Lower-Value Buyers
C1258,Individual,F,USA,Nevada,Home,1,No,Website,53.5,4,1015636.19,253909.0475,364302.2,3285.42,821.355,False,False,False,253909.0475,1,Mainstream Lower-Value Buyers
C1259,Individual,M,USA,California,Investment,3,Yes,Agency,53.5,4,1256766.51,314191.6275,464754.23,4016.63,1004.1575,True,True,False,314191.6275,1,Mainstream Lower-Value Buyers
C1260,Individual,F,USA,California,Home,2,No,Agency,53.5,4,1633449.34,408362.335,541416.84,5692.69,1423.1725,False,False,False,408362.335,2,Higher-Value Property Buyers
C1261,Individual,M,USA,Utah,Home,3,No,Client,47.3,3,1491163.72,497054.5733333333,596435.43,4512.84,1504.28,False,False,False,497054.5733333333,2,Higher-Value Property Buyers
C1262,Individual,F,USA,California,Investment,4,No,Agency,73.1,3,961425.37,320475.1233333333,443089.55,3231.9700000000003,1077.3233333333335,True,False,False,320475.1233333333,1,Mainstream Lower-Value Buyers
C1263,Individual,M,USA,California,Investment,3,No,Agency,53.5,4,1975384.2,493846.0500000001,599817.91,6410.68,1602.67,True,False,False,493846.0500000001,2,Higher-Value Property Buyers
C1264,Individual,F,USA,California,Investment,1,No,Agency,24.1,3,1287173.46,429057.82,564663.44,4356.79,1452.263333333333,True,False,False,429057.82,2,Higher-Value Property Buyers
C1265,Individual,M,USA,Washington,Home,1,Yes,Agency,53.5,3,1070432.96,356810.98666666663,421254.04,3977.13,1325.71,False,True,False,356810.98666666663,1,Mainstream Lower-Value Buyers
C1266,Individual,M,UK,England,Home,2,No,Website,53.5,4,1204291.73,301072.9325,444502.63,4407.95,1101.9875,False,False,False,301072.9325,1,Mainstream Lower-Value Buyers
C1267,Individual,F,USA,Colorado,Home,3,Yes,Website,58.7,3,1399933.88,466644.6266666667,555003.81,4588.39,1529.4633333333334,False,True,False,466644.6266666667,2,Higher-Value Property Buyers
C1268,Individual,F,UK,Northern Ireland,Investment,1,Yes,Website,28.3,3,968928.25,322976.0833333333,396573.07,3009.94,1003.3133333333334,True,True,False,322976.0833333333,1,Mainstream Lower-Value Buyers
C1269,Individual,M,USA,California,Home,5,No,Website,53.5,3,1046535.0,348845.0,535553.54,3507.1400000000003,1169.0466666666669,False,False,False,348845.0,1,Mainstream Lower-Value Buyers
C1270,Individual,F,USA,Texas,Home,4,No,Agency,53.5,3,1310435.53,436811.8433333333,556733.5,4397.76,1465.92,False,False,False,436811.8433333333,2,Higher-Value Property Buyers
C1271,Individual,M,USA,California,Home,2,Yes,Agency,31.3,4,1296911.85,324227.9625,477444.0,4162.07,1040.5175,False,True,False,324227.9625,1,Mainstream Lower-Value Buyers
C1272,Individual,M,France,Occitanie,Home,1,Yes,Website,53.5,3,778830.7999999999,259610.26666666663,361880.91,2698.86,899.62,False,True,False,259610.26666666663,1,Mainstream Lower-Value Buyers
C1273,Individual,M,Canada,Alberta,Home,5,No,Website,53.5,3,1462080.32,487360.1066666667,584971.87,4776.37,1592.1233333333332,False,False,False,487360.1066666667,2,Higher-Value Property Buyers
C1274,Individual,F,USA,California,Investment,1,Yes,Website,44.5,3,1038831.85,346277.2833333334,514067.14,3581.32,1193.7733333333333,True,True,False,346277.2833333334,1,Mainstream Lower-Value Buyers
C1275,Individual,F,USA,Georgia,Investment,1,No,Website,53.5,4,1737593.0,434398.25,567459.84,5251.29,1312.8225,True,False,False,434398.25,2,Higher-Value Property Buyers
C1276,Individual,M,Australia,Victoria,Home,1,Yes,Agency,83.8,3,1635917.97,545305.99,569679.58,5264.81,1754.9366666666667,False,True,False,545305.99,2,Higher-Value Property Buyers
C1277,Individual,F,USA,California,Investment,2,No,Agency,42.8,3,1270250.68,423416.8933333333,534790.76,3802.22,1267.4066666666668,True,False,False,423416.8933333333,2,Higher-Value Property Buyers
C1278,Individual,M,USA,Utah,Home,4,No,Website,53.5,3,685587.81,228529.27,366304.94,2373.1200000000003,791.0400000000001,False,False,False,228529.27,1,Mainstream Lower-Value Buyers
C1279,Individual,M,USA,California,Home,4,Yes,Website,80.2,3,1278123.59,426041.1966666667,498957.88,4099.6900000000005,1366.5633333333335,False,True,False,426041.1966666667,2,Higher-Value Property Buyers
C1280,Individual,M,USA,Texas,Home,2,Yes,Website,53.5,3,1295836.68,431945.56,522661.73,4335.88,1445.2933333333333,False,True,False,431945.56,2,Higher-Value Property Buyers
C1281,Individual,F,Canada,Manitoba,Investment,2,Yes,Website,25.6,3,889312.14,296437.38,372974.76,2699.97,899.9899999999999,True,True,False,296437.38,1,Mainstream Lower-Value Buyers
C1282,Individual,F,USA,Colorado,Investment,3,Yes,Agency,53.5,4,1302998.6,325749.65,387508.03,4621.88,1155.47,True,True,False,325749.65,1,Mainstream Lower-Value Buyers
C1283,Individual,F,USA,New York,Home,3,No,Agency,78.1,4,1479050.94,369762.735,705490.95,4742.36,1185.59,False,False,False,369762.735,2,Higher-Value Property Buyers
C1284,Individual,M,USA,California,Home,2,No,Website,53.5,4,1443865.51,360966.3775,575967.88,4446.59,1111.6475,False,False,False,360966.3775,2,Higher-Value Property Buyers
C1285,Individual,M,USA,Utah,Home,4,Yes,Website,69.8,3,1609592.58,536530.86,634786.2,5041.58,1680.5266666666666,False,True,False,536530.86,2,Higher-Value Property Buyers
C1286,Individual,M,USA,California,Home,5,No,Agency,60.5,3,1203306.91,401102.3033333333,558250.19,3577.78,1192.5933333333332,False,False,False,401102.3033333333,2,Higher-Value Property Buyers
C1287,Individual,F,USA,California,Investment,4,No,Website,25.7,3,843581.37,281193.79,473066.31,2704.88,901.6266666666668,True,False,False,281193.79,1,Mainstream Lower-Value Buyers
C1288,Individual,M,Belgium,Wallonia,Home,3,No,Agency,53.5,3,971136.69,323712.23000000004,408970.7,3466.39,1155.4633333333334,False,False,False,323712.23000000004,1,Mainstream Lower-Value Buyers
C1289,Individual,M,Mexico,Jalisco,Investment,1,Yes,Agency,53.5,4,1076161.86,269040.465,501437.39,3418.32,854.58,True,True,False,269040.465,1,Mainstream Lower-Value Buyers
C1290,Individual,F,USA,Washington,Home,3,Yes,Website,53.5,4,1332432.91,333108.22750000004,498675.17,4780.75,1195.1875,False,True,False,333108.22750000004,2,Higher-Value Property Buyers
C1291,Individual,M,USA,California,Investment,5,Yes,Website,40.1,3,1123403.46,374467.82,493844.01,3721.82,1240.6066666666666,True,True,False,374467.82,2,Higher-Value Property Buyers
C1292,Individual,M,USA,Texas,Investment,5,Yes,Website,53.5,4,1099365.94,274841.485,398499.79,4001.66,1000.415,True,True,False,274841.485,1,Mainstream Lower-Value Buyers
C1293,Individual,F,USA,California,Home,1,No,Agency,51.4,4,1853570.08,463392.52,545279.84,6208.6,1552.15,False,False,False,463392.52,2,Higher-Value Property Buyers
C1294,Individual,M,Canada,Ontario,Investment,3,Yes,Agency,60.9,3,1220533.28,406844.4266666667,466941.91,4114.84,1371.6133333333337,True,True,False,406844.4266666667,2,Higher-Value Property Buyers
C1295,Individual,F,USA,California,Investment,1,Yes,Website,53.5,4,1478836.57,369709.1425,555296.53,4809.06,1202.265,True,True,False,369709.1425,2,Higher-Value Property Buyers
C1296,Individual,M,USA,Virginia,Home,1,No,Website,60.6,3,1025127.71,341709.23666666663,398516.06,3268.38,1089.46,False,False,False,341709.23666666663,1,Mainstream Lower-Value Buyers
C1297,Company,M,Germany,Berlin,Home,5,No,Website,40.3,3,1169866.19,389955.39666666667,475302.44,3802.22,1267.4066666666668,False,False,True,389955.39666666667,2,Higher-Value Property Buyers
C1298,Individual,F,USA,California,Home,2,No,Agency,55.4,4,1571360.11,392840.0275,531754.05,5107.29,1276.8225,False,False,False,392840.0275,2,Higher-Value Property Buyers
C1299,Individual,F,USA,California,Investment,3,No,Website,79.7,3,1296600.42,432200.14,592203.73,4320.58,1440.1933333333334,True,False,False,432200.14,2,Higher-Value Property Buyers
C1300,Individual,F,USA,California,Home,2,No,Website,63.0,3,1428770.88,476256.96,608055.99,4354.610000000001,1451.5366666666669,False,False,False,476256.96,2,Higher-Value Property Buyers
C1301,Individual,M,USA,Virginia,Home,2,No,Agency,53.5,3,742139.88,247379.96,361857.17,2555.61,851.8699999999999,False,False,False,247379.96,1,Mainstream Lower-Value Buyers
C1302,Individual,M,USA,Arizona,Investment,5,No,Website,53.5,4,1709532.6,427383.15,562560.39,5945.31,1486.3275,True,False,False,427383.15,2,Higher-Value Property Buyers
C1303,Individual,M,USA,Arizona,Home,3,Yes,Website,53.5,3,979418.98,326472.99333333335,461029.16,3319.06,1106.3533333333332,False,True,False,326472.99333333335,1,Mainstream Lower-Value Buyers
C1304,Individual,F,USA,California,Investment,1,No,Website,38.6,3,965747.81,321915.9366666667,399943.02,3148.14,1049.38,True,False,False,321915.9366666667,1,Mainstream Lower-Value Buyers
C1305,Individual,F,USA,Georgia,Home,4,No,Website,53.5,4,1034190.9,258547.725,354247.08,3412.28,853.07,False,False,False,258547.725,1,Mainstream Lower-Value Buyers
C1306,Individual,F,USA,Washington,Home,5,No,Website,53.5,3,967094.76,322364.92,448817.69,3272.32,1090.7733333333333,False,False,False,322364.92,1,Mainstream Lower-Value Buyers
C1307,Individual,F,USA,Colorado,Home,5,No,Agency,53.5,3,920439.02,306813.00666666665,357710.2,3038.88,1012.96,False,False,False,306813.00666666665,1,Mainstream Lower-Value Buyers
C1308,Individual,M,USA,California,Investment,5,No,Agency,23.8,4,1363559.13,340889.7825,599958.23,4168.79,1042.1975,True,False,False,340889.7825,2,Higher-Value Property Buyers
C1309,Individual,M,USA,California,Home,5,No,Website,24.1,3,1460171.41,486723.8033333334,541188.53,5023.62,1674.54,False,False,False,486723.8033333334,2,Higher-Value Property Buyers
C1310,Individual,F,USA,New York,Home,5,No,Agency,68.7,4,1244334.14,311083.53500000003,411257.15,4308.78,1077.195,False,False,False,311083.53500000003,1,Mainstream Lower-Value Buyers
C1311,Individual,M,UK,England,Home,4,Yes,Client,53.5,3,1352275.64,450758.5466666667,660723.3,3990.65,1330.2166666666667,False,True,False,450758.5466666667,2,Higher-Value Property Buyers
C1312,Individual,M,USA,New York,Home,5,No,Website,81.3,3,786877.06,262292.35333333333,375142.73,2404.38,801.46,False,False,False,262292.35333333333,1,Mainstream Lower-Value Buyers
C1313,Individual,F,Australia,Western Australia,Investment,3,No,Website,53.5,3,997579.61,332526.5366666667,408030.78,3415.27,1138.4233333333334,True,False,False,332526.5366666667,1,Mainstream Lower-Value Buyers
C1314,Individual,F,USA,Arizona,Home,3,No,Website,53.5,3,803329.23,267776.41,446138.39,3111.33,1037.11,False,False,False,267776.41,1,Mainstream Lower-Value Buyers
C1315,Individual,M,USA,Colorado,Home,3,No,Agency,53.5,3,1066308.48,355436.16,500985.77,3408.63,1136.21,False,False,False,355436.16,1,Mainstream Lower-Value Buyers
C1316,Individual,F,USA,Colorado,Home,2,Yes,Website,30.6,4,1238162.97,309540.7425,476167.41,4211.33,1052.8325,False,True,False,309540.7425,1,Mainstream Lower-Value Buyers
C1317,Company,M,USA,Utah,Home,2,Yes,Website,53.5,3,1315200.12,438400.04,510290.62,4381.48,1460.493333333333,False,True,True,438400.04,2,Higher-Value Property Buyers
C1318,Individual,M,USA,Texas,Home,1,No,Website,53.5,4,1423923.98,355980.995,453584.44,4678.46,1169.615,False,False,False,355980.995,2,Higher-Value Property Buyers
C1319,Individual,F,USA,Florida,Home,3,Yes,Client,53.5,4,1424704.13,356176.0325,477046.12,4910.58,1227.645,False,True,False,356176.0325,2,Higher-Value Property Buyers
C1320,Individual,M,USA,California,Investment,1,No,Website,54.7,3,1077693.04,359231.01333333337,429318.55,3387.53,1129.1766666666665,True,False,False,359231.01333333337,1,Mainstream Lower-Value Buyers
C1321,Individual,M,USA,Colorado,Investment,5,No,Client,33.3,3,787847.37,262615.79,334266.66,2561.44,853.8133333333334,True,False,False,262615.79,1,Mainstream Lower-Value Buyers
C1322,Individual,F,USA,California,Home,5,No,Agency,53.5,3,1094026.34,364675.4466666666,461651.6,3765.36,1255.12,False,False,False,364675.4466666666,2,Higher-Value Property Buyers
C1323,Individual,M,USA,Utah,Home,3,No,Website,53.5,4,1180654.6,295163.65,496038.87,3901.69,975.4225,False,False,False,295163.65,1,Mainstream Lower-Value Buyers
C1324,Individual,M,USA,Arizona,Investment,2,Yes,Agency,53.5,3,1323306.51,441102.17,487388.83,4414.860000000001,1471.62,True,True,False,441102.17,2,Higher-Value Property Buyers
C1325,Individual,M,Canada,Alberta,Home,5,Yes,Agency,49.1,4,1380292.56,345073.14,448348.86,4392.67,1098.1675,False,True,False,345073.14,1,Mainstream Lower-Value Buyers
C1326,Individual,M,USA,Colorado,Investment,4,No,Website,53.5,4,1489578.01,372394.5025,578726.68,4956.58,1239.145,True,False,False,372394.5025,2,Higher-Value Property Buyers
C1327,Individual,F,USA,California,Home,4,Yes,Website,53.5,3,664017.81,221339.27,294967.99,2326.7,775.5666666666666,False,True,False,221339.27,1,Mainstream Lower-Value Buyers
C1328,Individual,F,USA,Washington,Home,4,No,Website,53.5,4,1337283.29,334320.8225,477048.94,4695.25,1173.8125,False,False,False,334320.8225,2,Higher-Value Property Buyers
C1329,Individual,M,USA,California,Investment,3,Yes,Agency,53.5,3,1041797.56,347265.85333333333,457406.52,3381.45,1127.15,True,True,False,347265.85333333333,1,Mainstream Lower-Value Buyers
C1330,Individual,F,USA,Colorado,Investment,2,No,Agency,48.7,4,835096.87,208774.2175,237035.97,2798.18,699.545,True,False,False,208774.2175,1,Mainstream Lower-Value Buyers
C1331,Individual,F,USA,California,Investment,1,No,Agency,37.2,3,1047958.11,349319.37,512206.73,3339.87,1113.29,True,False,False,349319.37,1,Mainstream Lower-Value Buyers
C1332,Individual,M,USA,Washington,Investment,5,Yes,Agency,28.1,3,1227353.63,409117.87666666665,463019.11,4051.48,1350.493333333333,True,True,False,409117.87666666665,2,Higher-Value Property Buyers
C1333,Individual,M,USA,Nevada,Investment,2,Yes,Website,53.5,4,1364310.45,341077.6125,521531.29,4587.97,1146.9925,True,True,False,341077.6125,2,Higher-Value Property Buyers
C1334,Individual,F,USA,California,Home,5,Yes,Agency,58.1,4,1906641.78,476660.445,586460.03,6208.6,1552.15,False,True,False,476660.445,2,Higher-Value Property Buyers
C1335,Individual,F,USA,Oregon,Investment,2,Yes,Website,41.7,3,1001510.58,333836.86000000004,565457.28,3210.58,1070.1933333333334,True,True,False,333836.86000000004,1,Mainstream Lower-Value Buyers
C1336,Individual,F,USA,California,Home,5,No,Client,75.1,4,1371591.4,342897.85,469331.42,4729.49,1182.3725,False,False,False,342897.85,2,Higher-Value Property Buyers
C1337,Individual,F,USA,California,Investment,5,No,Website,53.5,4,1310989.71,327747.4275,472750.27,4295.62,1073.905,True,False,False,327747.4275,1,Mainstream Lower-Value Buyers
C1338,Individual,F,USA,California,Home,2,Yes,Website,55.1,3,1096818.64,365606.2133333333,596755.57,3507.1400000000003,1169.0466666666669,False,True,False,365606.2133333333,2,Higher-Value Property Buyers
C1339,Company,M,USA,Nevada,Home,4,Yes,Website,53.5,4,1532340.63,383085.1575,480760.06,5355.6,1338.9,False,True,True,383085.1575,2,Higher-Value Property Buyers
C1340,Company,M,USA,Colorado,Home,5,No,Website,35.1,4,1746049.93,436512.4825,528732.35,5685.860000000001,1421.465,False,False,True,436512.4825,2,Higher-Value Property Buyers
C1341,Individual,F,USA,Colorado,Home,5,Yes,Website,53.5,3,756694.8300000001,252231.61,432814.05,2856.79,952.2633333333332,False,True,False,252231.61,1,Mainstream Lower-Value Buyers
C1342,Individual,F,USA,California,Home,1,Yes,Agency,53.5,3,922722.19,307574.0633333333,392025.92,3009.94,1003.3133333333334,False,True,False,307574.0633333333,1,Mainstream Lower-Value Buyers
C1343,Individual,F,Canada,Ontario,Home,5,No,Agency,53.5,3,1005148.64,335049.54666666663,503297.17,3484.63,1161.5433333333333,False,False,False,335049.54666666663,1,Mainstream Lower-Value Buyers
C1344,Individual,M,USA,Florida,Home,1,No,Agency,53.5,4,1319490.92,329872.73,531318.81,4557.87,1139.4675,False,False,False,329872.73,2,Higher-Value Property Buyers
C1345,Individual,F,USA,Texas,Home,5,No,Website,53.5,3,942467.41,314155.80333333334,476279.51,3147.92,1049.3066666666666,False,False,False,314155.80333333334,1,Mainstream Lower-Value Buyers
C1346,Company,F,USA,Colorado,Investment,4,No,Agency,53.5,3,1037623.39,345874.4633333334,402065.13,3265.76,1088.5866666666668,True,False,True,345874.4633333334,1,Mainstream Lower-Value Buyers
C1347,Individual,M,USA,Washington,Home,2,No,Client,53.5,3,1001705.48,333901.82666666666,375916.09,3272.84,1090.9466666666667,False,False,False,333901.82666666666,1,Mainstream Lower-Value Buyers
C1348,Individual,M,USA,Oregon,Home,4,Yes,Client,53.5,3,1021309.93,340436.6433333333,398340.41,3558.15,1186.05,False,True,False,340436.6433333333,1,Mainstream Lower-Value Buyers
C1349,Individual,F,USA,Virginia,Investment,3,No,Website,53.5,3,773186.34,257728.78,313612.06,2856.2200000000003,952.0733333333334,True,False,False,257728.78,1,Mainstream Lower-Value Buyers
C1350,Individual,F,Germany,Hamburg,Home,5,No,Website,53.5,4,743296.88,185824.22,213732.45,2528.86,632.215,False,False,False,185824.22,1,Mainstream Lower-Value Buyers
C1351,Individual,F,Australia,South Australia,Home,2,No,Client,53.5,4,1400457.41,350114.3525,482951.02,4939.2300000000005,1234.8075,False,False,False,350114.3525,2,Higher-Value Property Buyers
C1352,Individual,M,USA,California,Home,2,Yes,Agency,53.5,3,1535963.18,511987.7266666666,629513.2,4906.87,1635.6233333333332,False,True,False,511987.7266666666,2,Higher-Value Property Buyers
C1353,Individual,F,Canada,Alberta,Home,1,No,Agency,53.5,3,532598.24,177532.74666666667,256968.41,1692.03,564.01,False,False,False,177532.74666666667,1,Mainstream Lower-Value Buyers
C1354,Individual,M,USA,Florida,Home,5,No,Website,82.7,3,1545799.94,515266.64666666667,693830.82,5055.83,1685.2766666666666,False,False,False,515266.64666666667,2,Higher-Value Property Buyers
C1355,Individual,F,USA,California,Investment,2,Yes,Client,53.5,3,1245446.7799999998,415148.9266666666,565996.94,4571.08,1523.6933333333334,True,True,False,415148.9266666666,2,Higher-Value Property Buyers
C1356,Individual,M,USA,Oregon,Investment,4,No,Agency,53.5,3,1490237.62,496745.87333333335,615554.68,4945.79,1648.5966666666666,True,False,False,496745.87333333335,2,Higher-Value Property Buyers
C1357,Individual,F,USA,California,Home,5,Yes,Website,36.8,3,1077383.54,359127.8466666667,617600.77,3313.53,1104.51,False,True,False,359127.8466666667,2,Higher-Value Property Buyers
C1358,Individual,M,USA,Texas,Home,4,No,Agency,81.0,3,965180.83,321726.9433333333,442609.68,3236.36,1078.7866666666666,False,False,False,321726.9433333333,1,Mainstream Lower-Value Buyers
C1359,Individual,M,USA,Virginia,Home,3,No,Agency,53.5,4,1381335.3,345333.825,558406.39,4372.2,1093.05,False,False,False,345333.825,2,Higher-Value Property Buyers
C1360,Individual,M,USA,Virginia,Home,4,No,Agency,53.5,3,1001006.54,333668.8466666667,490050.27,3333.89,1111.2966666666666,False,False,False,333668.8466666667,1,Mainstream Lower-Value Buyers
C1361,Individual,F,USA,California,Home,3,No,Client,53.5,4,1529260.3,382315.075,425691.8,5186.25,1296.5625,False,False,False,382315.075,2,Higher-Value Property Buyers
C1362,Individual,F,USA,California,Investment,1,Yes,Agency,53.5,4,993131.84,248282.96,443196.31,3579.62,894.905,True,True,False,248282.96,1,Mainstream Lower-Value Buyers
C1363,Individual,M,USA,Georgia,Home,5,Yes,Agency,42.6,4,1109919.36,277479.84,468875.36,3768.14,942.035,False,True,False,277479.84,1,Mainstream Lower-Value Buyers
C1364,Individual,F,USA,California,Investment,1,No,Website,53.5,4,1201578.93,300394.7325,375792.14,4482.48,1120.62,True,False,False,300394.7325,1,Mainstream Lower-Value Buyers
C1365,Individual,F,Belgium,Brussels,Investment,5,Yes,Website,53.5,4,1443894.02,360973.505,549656.89,5040.25,1260.0625,True,True,False,360973.505,2,Higher-Value Property Buyers
C1366,Individual,M,USA,California,Home,1,No,Website,53.5,3,1488525.13,496175.0433333333,568157.47,5035.84,1678.6133333333337,False,False,False,496175.0433333333,2,Higher-Value Property Buyers
C1367,Individual,F,Germany,Berlin,Home,2,No,Client,71.0,3,1035889.5,345296.5,511596.53,3373.5,1124.5,False,False,False,345296.5,1,Mainstream Lower-Value Buyers
C1368,Individual,M,USA,California,Home,5,Yes,Client,53.5,4,1378979.49,344744.8725,508149.11,4170.65,1042.6625,False,True,False,344744.8725,1,Mainstream Lower-Value Buyers
C1369,Individual,M,France,Brittany,Home,4,Yes,Agency,40.2,4,1615394.12,403848.53,581627.97,5355.6,1338.9,False,True,False,403848.53,2,Higher-Value Property Buyers
C1370,Individual,M,USA,Colorado,Investment,1,No,Agency,58.6,4,834659.23,208664.8075,234080.49,2803.13,700.7825,True,False,False,208664.8075,1,Mainstream Lower-Value Buyers
C1371,Individual,M,UK,England,Home,2,Yes,Website,53.5,4,1036681.19,259170.2975,312372.65,3795.34,948.835,False,True,False,259170.2975,1,Mainstream Lower-Value Buyers
C1372,Individual,F,USA,Washington,Investment,2,No,Website,53.5,3,874872.8,291624.26666666666,394401.98,3147.92,1049.3066666666666,True,False,False,291624.26666666666,1,Mainstream Lower-Value Buyers
C1373,Individual,F,USA,California,Home,3,Yes,Website,31.2,3,1275663.27,425221.09,609943.05,3665.03,1221.6766666666665,False,True,False,425221.09,2,Higher-Value Property Buyers
C1374,Company,M,France,Ile-de-France,Home,3,Yes,Agency,53.5,3,1230590.28,410196.76,525078.29,3964.57,1321.5233333333333,False,True,True,410196.76,2,Higher-Value Property Buyers
C1375,Individual,F,USA,California,Investment,4,Yes,Agency,53.5,4,1097182.39,274295.59750000003,385581.71,3950.02,987.505,True,True,False,274295.59750000003,1,Mainstream Lower-Value Buyers
C1376,Individual,F,USA,Arizona,Investment,3,Yes,Agency,53.5,3,1272387.2999999998,424129.0999999999,540188.44,4479.73,1493.243333333333,True,True,False,424129.0999999999,2,Higher-Value Property Buyers
C1377,Individual,F,USA,Utah,Investment,2,No,Website,40.0,3,828441.4099999999,276147.13666666666,333823.75,2586.32,862.1066666666666,True,False,False,276147.13666666666,1,Mainstream Lower-Value Buyers
C1378,Individual,F,USA,California,Investment,1,No,Website,53.5,3,1399739.87,466579.9566666667,657622.51,4394.54,1464.8466666666666,True,False,False,466579.9566666667,2,Higher-Value Property Buyers
C1379,Individual,M,UK,Scotland,Home,2,No,Website,53.6,3,827767.69,275922.5633333333,353529.48,3231.9700000000003,1077.3233333333335,False,False,False,275922.5633333333,1,Mainstream Lower-Value Buyers
C1380,Individual,M,Canada,Alberta,Investment,4,No,Website,53.5,3,1012542.18,337514.06,349143.67,3157.36,1052.4533333333334,True,False,False,337514.06,1,Mainstream Lower-Value Buyers
C1381,Individual,M,Germany,Hesse,Home,3,Yes,Website,53.5,3,1082639.91,360879.97,537510.16,3393.29,1131.0966666666666,False,True,False,360879.97,1,Mainstream Lower-Value Buyers
C1382,Individual,M,USA,Oregon,Home,2,No,Website,53.5,4,1176910.13,294227.5325,348186.07,4097.35,1024.3375,False,False,False,294227.5325,1,Mainstream Lower-Value Buyers
C1383,Individual,M,USA,California,Home,2,No,Agency,31.1,3,864768.8300000001,288256.2766666667,340376.82,2699.97,899.9899999999999,False,False,False,288256.2766666667,1,Mainstream Lower-Value Buyers
C1384,Individual,F,USA,California,Home,2,Yes,Agency,35.8,3,905480.04,301826.68,344081.34,3050.29,1016.7633333333332,False,True,False,301826.68,1,Mainstream Lower-Value Buyers
C1385,Individual,M,USA,California,Home,1,No,Agency,77.6,3,1182983.03,394327.6766666667,666248.73,3559.31,1186.4366666666667,False,False,False,394327.6766666667,2,Higher-Value Property Buyers
C1386,Individual,M,USA,Washington,Home,4,Yes,Website,53.5,3,1284366.78,428122.26,551266.41,4295.37,1431.79,False,True,False,428122.26,2,Higher-Value Property Buyers
C1387,Individual,M,Germany,Hamburg,Investment,4,No,Website,53.5,3,804550.47,268183.49,463001.84,2704.88,901.6266666666668,True,False,False,268183.49,1,Mainstream Lower-Value Buyers
C1388,Individual,F,USA,Washington,Home,3,No,Website,53.5,3,1183031.06,394343.6866666667,567781.4,3850.38,1283.46,False,False,False,394343.6866666667,2,Higher-Value Property Buyers
C1389,Individual,M,UK,Scotland,Home,2,No,Website,71.5,4,1742522.83,435630.7075,705388.85,5131.16,1282.79,False,False,False,435630.7075,2,Higher-Value Property Buyers
C1390,Individual,F,USA,Nevada,Home,3,No,Website,53.5,3,906492.19,302164.0633333333,378139.97,2913.57,971.19,False,False,False,302164.0633333333,1,Mainstream Lower-Value Buyers
C1391,Individual,F,USA,Utah,Home,1,No,Website,49.8,4,1579627.98,394906.995,578903.12,5374.63,1343.6575,False,False,False,394906.995,2,Higher-Value Property Buyers
C1392,Individual,M,USA,Colorado,Home,4,Yes,Agency,33.6,4,1434978.2000000002,358744.55000000005,520703.06,4502.06,1125.515,False,True,False,358744.55000000005,2,Higher-Value Property Buyers
C1393,Individual,F,Mexico,Baja California,Investment,1,No,Agency,42.5,4,1187799.99,296949.9975,459972.28,4109.3,1027.325,True,False,False,296949.9975,1,Mainstream Lower-Value Buyers
C1394,Individual,F,USA,Nevada,Home,4,No,Website,53.5,4,1325404.6,331351.15,439396.11,3868.0,967.0,False,False,False,331351.15,1,Mainstream Lower-Value Buyers
C1395,Individual,F,Canada,Alberta,Investment,4,No,Website,53.5,4,1497964.92,374491.23,548965.53,5112.18,1278.045,True,False,False,374491.23,2,Higher-Value Property Buyers
C1396,Individual,M,Canada,Manitoba,Investment,3,Yes,Website,52.6,3,977070.12,325690.04,451060.97,3227.5,1075.8333333333333,True,True,False,325690.04,1,Mainstream Lower-Value Buyers
C1397,Individual,F,USA,Nevada,Home,4,No,Website,40.8,4,1551369.83,387842.4575,583905.11,4700.94,1175.235,False,False,False,387842.4575,2,Higher-Value Property Buyers
C1398,Individual,M,USA,California,Home,5,Yes,Website,53.5,3,926545.71,308848.57,338606.44,3546.24,1182.08,False,True,False,308848.57,1,Mainstream Lower-Value Buyers
C1399,Individual,F,Canada,British Columbia,Home,5,No,Agency,53.5,4,1259614.96,314903.74,619157.65,4244.53,1061.1325,False,False,False,314903.74,1,Mainstream Lower-Value Buyers
C1400,Individual,F,UK,Northern Ireland,Home,4,No,Client,53.5,4,1146194.54,286548.635,426811.39,3757.95,939.4875,False,False,False,286548.635,1,Mainstream Lower-Value Buyers
C1401,Individual,F,USA,Virginia,Investment,1,No,Website,53.5,4,1223523.71,305880.9275,368829.15,4022.25,1005.5625,True,False,False,305880.9275,1,Mainstream Lower-Value Buyers
C1402,Individual,F,USA,Utah,Home,3,No,Agency,53.5,4,1394159.93,348539.9825,491592.98,4530.95,1132.7375,False,False,False,348539.9825,2,Higher-Value Property Buyers
C1403,Individual,F,USA,Oregon,Home,2,No,Website,53.5,4,1463350.69,365837.6725,607483.38,4842.950000000001,1210.7375000000002,False,False,False,365837.6725,2,Higher-Value Property Buyers
C1404,Individual,F,USA,California,Home,4,No,Agency,53.5,4,1193678.04,298419.51,368901.23,4097.35,1024.3375,False,False,False,298419.51,1,Mainstream Lower-Value Buyers
C1405,Individual,M,USA,Oregon,Home,5,No,Agency,68.6,3,1306722.36,435574.12,556748.94,4314.88,1438.2933333333333,False,False,False,435574.12,2,Higher-Value Property Buyers
C1406,Individual,F,USA,California,Home,3,No,Website,53.3,4,1364413.45,341103.3625,474806.32,4606.4400000000005,1151.61,False,False,False,341103.3625,2,Higher-Value Property Buyers
C1407,Individual,F,USA,California,Home,1,No,Agency,53.5,4,1429717.09,357429.2725,517271.54,4493.27,1123.3175,False,False,False,357429.2725,2,Higher-Value Property Buyers
C1408,Company,F,USA,California,Home,2,No,Agency,53.5,4,1345035.74,336258.935,595268.86,4413.21,1103.3025,False,False,True,336258.935,2,Higher-Value Property Buyers
C1409,Individual,F,USA,Oregon,Investment,2,No,Website,66.4,3,1072801.12,357600.3733333333,395005.44,3353.82,1117.9399999999998,True,False,False,357600.3733333333,1,Mainstream Lower-Value Buyers
C1410,Individual,F,USA,Nevada,Home,2,No,Agency,53.5,4,1439196.49,359799.1225,577676.3,4656.06,1164.015,False,False,False,359799.1225,2,Higher-Value Property Buyers
C1411,Individual,M,USA,California,Home,2,No,Client,36.7,4,1318823.16,329705.79000000004,461367.86,4397.97,1099.4925,False,False,False,329705.79000000004,1,Mainstream Lower-Value Buyers
C1412,Company,F,USA,Nevada,Home,2,No,Agency,53.5,4,1498125.2,374531.3,573336.74,4634.91,1158.7275,False,False,True,374531.3,2,Higher-Value Property Buyers
C1413,Individual,F,USA,California,Home,4,No,Agency,53.5,4,1489065.16,372266.29,530069.18,5703.07,1425.7675,False,False,False,372266.29,2,Higher-Value Property Buyers
C1414,Individual,F,USA,Florida,Home,4,No,Website,48.7,4,1188718.7,297179.675,479065.61,3889.34,972.335,False,False,False,297179.675,1,Mainstream Lower-Value Buyers
C1415,Individual,M,USA,California,Investment,1,No,Website,53.5,3,748797.26,249599.08666666667,318935.71,2638.03,879.3433333333332,True,False,False,249599.08666666667,1,Mainstream Lower-Value Buyers
C1416,Individual,M,USA,Oregon,Home,2,No,Agency,69.5,3,1418066.39,472688.7966666667,606381.67,4356.79,1452.263333333333,False,False,False,472688.7966666667,2,Higher-Value Property Buyers
C1417,Individual,M,UK,Scotland,Home,5,No,Website,53.5,3,1023021.48,341007.16,575664.65,3199.77,1066.59,False,False,False,341007.16,1,Mainstream Lower-Value Buyers
C1418,Individual,M,USA,Ohio,Investment,2,No,Website,69.7,3,1443234.89,481078.2966666667,542134.93,4588.39,1529.4633333333334,True,False,False,481078.2966666667,2,Higher-Value Property Buyers
C1419,Individual,M,Germany,Hamburg,Investment,4,Yes,Website,52.4,4,1143605.72,285901.43,451642.29,3714.98,928.745,True,True,False,285901.43,1,Mainstream Lower-Value Buyers
C1420,Company,M,UK,Wales,Home,5,No,Website,53.5,4,1196856.69,299214.1725,431727.12,3718.79,929.6975,False,False,True,299214.1725,1,Mainstream Lower-Value Buyers
C1421,Individual,M,USA,Colorado,Home,1,No,Website,53.5,3,938557.19,312852.39666666667,396446.03,3294.2,1098.0666666666666,False,False,False,312852.39666666667,1,Mainstream Lower-Value Buyers
C1422,Individual,M,USA,Florida,Investment,1,Yes,Website,53.5,4,2032565.11,508141.2775,649524.31,6221.1900000000005,1555.2975,True,True,False,508141.2775,2,Higher-Value Property Buyers
C1423,Individual,M,UK,Northern Ireland,Home,4,Yes,Website,53.5,4,1822778.36,455694.59,588224.19,6016.389999999999,1504.0975,False,True,False,455694.59,2,Higher-Value Property Buyers
C1424,Individual,F,USA,Utah,Home,2,Yes,Agency,69.8,3,1382756.57,460918.8566666667,602654.49,4395.44,1465.1466666666663,False,True,False,460918.8566666667,2,Higher-Value Property Buyers
C1425,Individual,M,Belgium,Flanders,Home,3,No,Website,53.5,3,1449563.3199999998,483187.77333333326,576814.21,4564.92,1521.64,False,False,False,483187.77333333326,2,Higher-Value Property Buyers
C1426,Individual,F,USA,Washington,Home,2,No,Website,53.5,4,1709098.18,427274.545,507717.69,6042.6,1510.65,False,False,False,427274.545,2,Higher-Value Property Buyers
C1427,Individual,F,Australia,Victoria,Home,5,No,Website,68.6,4,1378636.21,344659.0525,487252.76,4739.79,1184.9475,False,False,False,344659.0525,2,Higher-Value Property Buyers
C1428,Individual,F,USA,Oregon,Home,4,Yes,Agency,70.1,4,1136052.54,284013.135,474549.83,3786.61,946.6525,False,True,False,284013.135,1,Mainstream Lower-Value Buyers
C1429,Individual,M,USA,Nevada,Investment,5,No,Agency,32.3,4,1697550.01,424387.5025,499234.71,5685.860000000001,1421.465,True,False,False,424387.5025,2,Higher-Value Property Buyers
C1430,Individual,M,USA,Nevada,Home,4,No,Website,60.3,3,928463.2,309487.73333333334,438596.72,3068.01,1022.67,False,False,False,309487.73333333334,1,Mainstream Lower-Value Buyers
C1431,Individual,F,Germany,Hesse,Home,3,Yes,Website,80.5,4,1620159.73,405039.9325,567788.73,5463.780000000001,1365.9450000000002,False,True,False,405039.9325,2,Higher-Value Property Buyers
C1432,Individual,M,USA,Utah,Home,3,No,Agency,53.5,3,863383.74,287794.58,301035.57,3100.86,1033.62,False,False,False,287794.58,1,Mainstream Lower-Value Buyers
C1433,Individual,M,Germany,Hamburg,Home,4,No,Website,70.7,3,1358111.0699999998,452703.69,626692.98,4479.73,1493.243333333333,False,False,False,452703.69,2,Higher-Value Property Buyers
C1434,Company,F,USA,California,Investment,5,No,Agency,53.5,4,1038640.05,259660.0125,531069.6,3579.62,894.905,True,False,True,259660.0125,1,Mainstream Lower-Value Buyers
C1435,Individual,M,USA,Texas,Investment,2,No,Agency,56.7,3,903765.87,301255.29,410695.68,2836.95,945.65,True,False,False,301255.29,1,Mainstream Lower-Value Buyers
C1436,Individual,M,USA,California,Home,2,No,Website,25.2,3,969917.19,323305.73,363203.22,2976.66,992.22,False,False,False,323305.73,1,Mainstream Lower-Value Buyers
C1437,Individual,M,USA,Arizona,Investment,5,No,Agency,26.7,4,1668948.58,417237.145,614304.54,5329.13,1332.2825,True,False,False,417237.145,2,Higher-Value Property Buyers
C1438,Individual,M,USA,California,Home,2,Yes,Agency,35.4,3,1255115.0,418371.6666666667,574838.1,3964.51,1321.503333333333,False,True,False,418371.6666666667,2,Higher-Value Property Buyers
C1439,Individual,F,USA,Virginia,Home,2,No,Agency,53.5,3,1040682.81,346894.27,420285.34,3415.27,1138.4233333333334,False,False,False,346894.27,1,Mainstream Lower-Value Buyers
C1440,Individual,F,USA,Colorado,Investment,2,No,Agency,53.5,3,901013.42,300337.80666666664,472362.72,3031.59,1010.53,True,False,False,300337.80666666664,1,Mainstream Lower-Value Buyers
C1441,Individual,F,USA,California,Investment,5,No,Website,78.3,3,1201777.78,400592.5933333333,424676.81,4004.52,1334.84,True,False,False,400592.5933333333,2,Higher-Value Property Buyers
C1442,Individual,M,USA,Colorado,Home,2,Yes,Client,53.5,3,1007348.75,335782.9166666667,534107.07,3331.87,1110.6233333333332,False,True,False,335782.9166666667,1,Mainstream Lower-Value Buyers
C1443,Individual,F,USA,Florida,Home,2,No,Website,53.5,3,1045348.11,348449.37000000005,618238.68,3217.45,1072.4833333333331,False,False,False,348449.37000000005,1,Mainstream Lower-Value Buyers
C1444,Individual,M,USA,Colorado,Home,3,No,Website,53.5,3,1089631.7,363210.56666666665,387724.0,3558.15,1186.05,False,False,False,363210.56666666665,1,Mainstream Lower-Value Buyers
C1445,Individual,M,USA,Florida,Home,5,No,Website,53.5,4,1249138.91,312284.7275,404402.26,3907.87,976.9675,False,False,False,312284.7275,1,Mainstream Lower-Value Buyers
C1446,Individual,F,USA,Ohio,Home,4,No,Website,72.1,4,1550820.49,387705.1225,605564.38,5542.59,1385.6475,False,False,False,387705.1225,2,Higher-Value Property Buyers
C1447,Individual,F,USA,Nevada,Investment,4,Yes,Client,53.5,4,1372408.9,343102.225,470911.04,4605.48,1151.37,True,True,False,343102.225,2,Higher-Value Property Buyers
C1448,Individual,M,Russia,Tatarstan,Home,1,No,Website,53.5,4,1221304.62,305326.155,456799.28,3939.81,984.9525,False,False,False,305326.155,1,Mainstream Lower-Value Buyers
C1449,Individual,F,USA,California,Investment,5,No,Website,53.5,3,1110557.49,370185.83,543452.8,3665.03,1221.6766666666665,True,False,False,370185.83,2,Higher-Value Property Buyers
C1450,Individual,F,USA,Virginia,Home,5,No,Website,27.7,3,1028509.6,342836.5333333333,374768.98,3112.75,1037.5833333333333,False,False,False,342836.5333333333,1,Mainstream Lower-Value Buyers
C1451,Individual,F,USA,California,Home,1,No,Website,53.5,4,1529673.3199999998,382418.33,483688.37,5039.5,1259.875,False,False,False,382418.33,2,Higher-Value Property Buyers
C1452,Individual,F,Belgium,Wallonia,Home,3,No,Client,30.4,3,1320005.77,440001.9233333333,545747.26,4462.98,1487.66,False,False,False,440001.9233333333,2,Higher-Value Property Buyers
C1453,Individual,M,USA,California,Home,2,No,Agency,42.2,3,1145044.9,381681.6333333333,526401.55,3731.47,1243.8233333333333,False,False,False,381681.6333333333,2,Higher-Value Property Buyers
C1454,Individual,F,USA,California,Investment,1,No,Client,53.5,3,1188825.44,396275.14666666667,478984.35,3964.51,1321.503333333333,True,False,False,396275.14666666667,2,Higher-Value Property Buyers
C1455,Individual,F,USA,Colorado,Home,3,Yes,Agency,53.5,3,985992.43,328664.1433333333,472251.6,2950.28,983.4266666666668,False,True,False,328664.1433333333,1,Mainstream Lower-Value Buyers
C1456,Company,F,USA,Oregon,Investment,1,Yes,Website,53.5,4,1598853.55,399713.3875,586824.88,5253.52,1313.38,True,True,True,399713.3875,2,Higher-Value Property Buyers
C1457,Individual,F,USA,California,Home,3,Yes,Agency,53.5,4,1537205.06,384301.265,538355.66,4908.68,1227.17,False,True,False,384301.265,2,Higher-Value Property Buyers
C1458,Individual,M,USA,Arizona,Home,1,No,Website,53.5,3,917921.54,305973.8466666667,344813.48,2937.26,979.0866666666668,False,False,False,305973.8466666667,1,Mainstream Lower-Value Buyers
C1459,Individual,M,USA,Arizona,Home,5,No,Website,53.5,4,1556253.48,389063.37,530674.29,5542.59,1385.6475,False,False,False,389063.37,2,Higher-Value Property Buyers
C1460,Individual,F,UK,England,Home,1,Yes,Agency,51.1,4,1569390.69,392347.6725,517417.7,5178.58,1294.645,False,True,False,392347.6725,2,Higher-Value Property Buyers
C1461,Individual,F,USA,California,Home,5,No,Website,53.5,4,1507966.87,376991.7175,538246.86,5178.58,1294.645,False,False,False,376991.7175,2,Higher-Value Property Buyers
C1462,Individual,F,Germany,Hamburg,Investment,3,No,Agency,53.5,4,1220331.12,305082.78,563520.95,3826.69,956.6725,True,False,False,305082.78,1,Mainstream Lower-Value Buyers
C1463,Individual,M,USA,California,Home,2,Yes,Website,53.5,4,1639044.0,409761.0,560165.35,5546.35,1386.5875,False,True,False,409761.0,2,Higher-Value Property Buyers
C1464,Individual,M,USA,Arizona,Home,1,No,Website,53.5,3,1094818.68,364939.56,516866.8,3258.7200000000003,1086.24,False,False,False,364939.56,1,Mainstream Lower-Value Buyers
C1465,Individual,M,USA,Ohio,Home,3,Yes,Website,33.5,3,1312191.47,437397.1566666667,561841.89,4373.5,1457.8333333333333,False,True,False,437397.1566666667,2,Higher-Value Property Buyers
C1466,Individual,F,Belgium,Flanders,Investment,2,No,Website,53.5,4,1387827.15,346956.7875,536046.25,4213.08,1053.27,True,False,False,346956.7875,2,Higher-Value Property Buyers
C1467,Individual,F,USA,California,Home,5,No,Client,53.5,3,761353.26,253784.42,375027.09,2548.91,849.6366666666667,False,False,False,253784.42,1,Mainstream Lower-Value Buyers
C1468,Individual,M,Canada,Manitoba,Home,3,No,Website,53.5,3,1072452.07,357484.0233333334,438900.24,3556.06,1185.3533333333332,False,False,False,357484.0233333334,1,Mainstream Lower-Value Buyers
C1469,Individual,M,USA,Colorado,Home,1,No,Website,53.5,3,1512121.64,504040.5466666667,581837.55,4616.33,1538.7766666666666,False,False,False,504040.5466666667,2,Higher-Value Property Buyers
C1470,Individual,M,USA,Colorado,Investment,3,Yes,Agency,53.5,3,1440682.21,480227.4033333333,555106.11,4772.59,1590.8633333333337,True,True,False,480227.4033333333,2,Higher-Value Property Buyers
C1471,Individual,F,UK,Northern Ireland,Home,1,Yes,Website,53.5,4,1048588.76,262147.19,354725.76,3204.26,801.0649999999999,False,True,False,262147.19,1,Mainstream Lower-Value Buyers
C1472,Individual,M,USA,Washington,Home,1,No,Website,53.5,4,1610320.87,402580.2175,566227.62,4948.41,1237.1025,False,False,False,402580.2175,2,Higher-Value Property Buyers
C1473,Individual,F,USA,California,Home,2,No,Agency,53.5,4,1415300.74,353825.185,736652.27,4036.92,1009.23,False,False,False,353825.185,2,Higher-Value Property Buyers
C1474,Individual,M,USA,Oregon,Home,3,No,Website,54.7,4,1563434.47,390858.6175,517206.46,5229.2,1307.3,False,False,False,390858.6175,2,Higher-Value Property Buyers
C1475,Individual,M,Mexico,Jalisco,Home,4,Yes,Agency,79.4,4,1579186.25,394796.5625,661652.26,5148.22,1287.055,False,True,False,394796.5625,2,Higher-Value Property Buyers
C1476,Individual,M,USA,Nevada,Home,1,No,Agency,23.6,4,1505369.42,376342.355,610193.44,4564.9,1141.225,False,False,False,376342.355,2,Higher-Value Property Buyers
C1477,Company,F,USA,California,Investment,1,No,Agency,55.7,4,1051466.92,262866.73,458559.81,3682.83,920.7075,True,False,True,262866.73,1,Mainstream Lower-Value Buyers
C1478,Individual,F,Canada,British Columbia,Investment,1,No,Agency,65.3,3,965772.74,321924.24666666664,398549.19,3248.69,1082.8966666666668,True,False,False,321924.24666666664,1,Mainstream Lower-Value Buyers
C1479,Individual,M,USA,California,Investment,1,No,Website,53.5,4,1275455.51,318863.8775,612698.53,4074.09,1018.5225,True,False,False,318863.8775,1,Mainstream Lower-Value Buyers
C1480,Individual,F,USA,Virginia,Investment,3,No,Client,38.7,4,1466467.79,366616.9475,573332.74,4881.68,1220.42,True,False,False,366616.9475,2,Higher-Value Property Buyers
C1481,Company,F,USA,Arizona,Investment,3,No,Website,39.1,4,1059700.88,264925.22000000003,367368.12,3604.98,901.245,True,False,True,264925.22000000003,1,Mainstream Lower-Value Buyers
C1482,Individual,F,USA,Oregon,Home,2,Yes,Website,53.5,4,1665015.1700000002,416253.7925,610377.15,5251.29,1312.8225,False,True,False,416253.7925,2,Higher-Value Property Buyers
C1483,Individual,M,USA,Colorado,Home,3,Yes,Agency,48.6,4,1831769.62,457942.405,623318.65,5945.31,1486.3275,False,True,False,457942.405,2,Higher-Value Property Buyers
C1484,Individual,F,USA,Colorado,Home,3,No,Client,52.2,4,1117191.81,279297.9525,452777.15,3980.11,995.0275,False,False,False,279297.9525,1,Mainstream Lower-Value Buyers
C1485,Individual,F,USA,Washington,Investment,4,No,Website,53.5,4,1604885.52,401221.38,526180.38,5400.87,1350.2175,True,False,False,401221.38,2,Higher-Value Property Buyers
C1486,Individual,F,UK,Wales,Home,5,Yes,Website,53.5,3,1019385.69,339795.23,416556.23,3469.69,1156.5633333333333,False,True,False,339795.23,1,Mainstream Lower-Value Buyers
C1487,Individual,F,USA,New York,Home,3,No,Agency,58.1,4,1553533.51,388383.3775,506031.7,5178.58,1294.645,False,False,False,388383.3775,2,Higher-Value Property Buyers
C1488,Individual,M,USA,Florida,Investment,2,No,Website,48.3,3,1029238.79,343079.5966666667,554297.11,3420.5600000000004,1140.1866666666667,True,False,False,343079.5966666667,1,Mainstream Lower-Value Buyers
C1489,Individual,F,USA,Arizona,Home,5,No,Agency,53.5,3,1056549.47,352183.1566666667,416649.42,3721.82,1240.6066666666666,False,False,False,352183.1566666667,1,Mainstream Lower-Value Buyers
C1490,Individual,M,UK,Wales,Investment,5,Yes,Client,29.2,3,861119.76,287039.92,357655.99,2817.99,939.33,True,True,False,287039.92,1,Mainstream Lower-Value Buyers
C1491,Individual,F,USA,Georgia,Home,4,No,Agency,26.5,4,1056750.03,264187.5075,415532.62,3604.98,901.245,False,False,False,264187.5075,1,Mainstream Lower-Value Buyers
C1492,Individual,F,Germany,Bavaria,Home,2,No,Agency,53.5,3,1309655.49,436551.83,472764.91,4737.9400000000005,1579.3133333333335,False,False,False,436551.83,2,Higher-Value Property Buyers
C1493,Individual,M,USA,Washington,Home,4,Yes,Agency,53.5,3,864605.61,288201.87,449252.81,3111.33,1037.11,False,True,False,288201.87,1,Mainstream Lower-Value Buyers
C1494,Individual,M,USA,New York,Home,1,No,Client,27.7,3,913338.07,304446.0233333333,424747.54,2804.62,934.8733333333332,False,False,False,304446.0233333333,1,Mainstream Lower-Value Buyers
C1495,Individual,M,Denmark,Capital Region,Home,1,No,Website,32.1,4,2059292.68,514823.17,650190.52,6365.889999999999,1591.4725,False,False,False,514823.17,2,Higher-Value Property Buyers
C1496,Individual,M,USA,Florida,Home,5,No,Agency,53.5,3,1119013.61,373004.5366666666,617811.07,3454.6400000000003,1151.5466666666669,False,False,False,373004.5366666666,2,Higher-Value Property Buyers
C1497,Individual,M,USA,California,Investment,4,No,Agency,53.5,3,794765.34,264921.78,355085.18,2641.98,880.66,True,False,False,264921.78,1,Mainstream Lower-Value Buyers
C1498,Individual,F,Mexico,Puebla,Investment,5,No,Website,56.9,4,1142631.83,285657.9575,431607.68,3559.49,889.8725000000001,True,False,False,285657.9575,1,Mainstream Lower-Value Buyers
C1499,Individual,F,Russia,Saint Petersburg,Home,3,Yes,Agency,26.2,3,1321905.54,440635.18,565905.82,4571.08,1523.6933333333334,False,True,False,440635.18,2,Higher-Value Property Buyers
C1500,Individual,F,Australia,Victoria,Home,2,No,Agency,29.0,4,1020299.92,255074.98,363010.65,3365.54,841.385,False,False,False,255074.98,1,Mainstream Lower-Value Buyers
C1501,Individual,F,USA,Oregon,Investment,4,No,Agency,53.5,3,761279.08,253759.69333333333,340778.92,2554.28,851.4266666666667,True,False,False,253759.69333333333,1,Mainstream Lower-Value Buyers
C1502,Individual,F,UK,Wales,Home,5,Yes,Website,53.5,4,1045772.34,261443.085,352637.6,3644.17,911.0425,False,True,False,261443.085,1,Mainstream Lower-Value Buyers
C1503,Company,M,USA,Arizona,Investment,5,No,Website,53.5,4,1299971.48,324992.87,570156.97,4202.29,1050.5725,True,False,True,324992.87,1,Mainstream Lower-Value Buyers
C1504,Individual,M,USA,California,Home,4,No,Website,53.5,3,871805.96,290601.98666666663,384006.83,2937.26,979.0866666666668,False,False,False,290601.98666666663,1,Mainstream Lower-Value Buyers
C1505,Individual,M,USA,Virginia,Home,3,No,Agency,53.5,4,1012922.06,253230.515,380365.78,3199.69,799.9225,False,False,False,253230.515,1,Mainstream Lower-Value Buyers
C1506,Individual,M,USA,Utah,Investment,3,No,Website,74.0,3,1010109.4,336703.13333333336,369810.4,3466.39,1155.4633333333334,True,False,False,336703.13333333336,1,Mainstream Lower-Value Buyers
C1507,Individual,F,USA,Florida,Home,3,No,Agency,53.5,4,1499666.44,374916.61,572514.83,4883.66,1220.915,False,False,False,374916.61,2,Higher-Value Property Buyers
C1508,Individual,M,UK,Scotland,Home,3,No,Agency,29.1,4,965283.79,241320.9475,288985.79,3134.56,783.64,False,False,False,241320.9475,1,Mainstream Lower-Value Buyers
C1509,Individual,F,USA,California,Home,3,No,Website,53.5,4,1821912.87,455478.2175,601608.38,5930.35,1482.5875,False,False,False,455478.2175,2,Higher-Value Property Buyers
C1510,Company,M,USA,California,Home,5,No,Agency,61.1,3,804243.22,268081.0733333333,356271.34,2528.04,842.68,False,False,True,268081.0733333333,1,Mainstream Lower-Value Buyers
C1511,Individual,F,France,Provence,Home,2,Yes,Website,53.5,3,1093080.86,364360.2866666666,556945.98,3457.94,1152.6466666666668,False,True,False,364360.2866666666,2,Higher-Value Property Buyers
C1512,Individual,F,USA,Nevada,Home,4,Yes,Client,53.5,4,1209056.95,302264.2375,387618.51,4185.68,1046.42,False,True,False,302264.2375,1,Mainstream Lower-Value Buyers
C1513,Individual,F,USA,Florida,Home,2,No,Website,28.6,3,1452266.37,484088.79,552490.44,4616.33,1538.7766666666666,False,False,False,484088.79,2,Higher-Value Property Buyers
C1514,Individual,F,USA,New York,Home,4,No,Website,37.1,3,1211908.53,403969.51,458308.65,4158.96,1386.32,False,False,False,403969.51,2,Higher-Value Property Buyers
C1515,Individual,F,USA,Nevada,Investment,5,No,Website,53.5,4,1433703.52,358425.88,499781.62,4908.68,1227.17,True,False,False,358425.88,2,Higher-Value Property Buyers
C1516,Individual,F,USA,Texas,Home,4,No,Website,53.5,3,690456.91,230152.30333333332,355876.81,2404.38,801.46,False,False,False,230152.30333333332,1,Mainstream Lower-Value Buyers
C1517,Individual,M,USA,California,Investment,2,No,Agency,53.5,4,1328693.42,332173.355,442491.43,4306.36,1076.59,True,False,False,332173.355,1,Mainstream Lower-Value Buyers
C1518,Individual,F,Australia,Victoria,Home,5,Yes,Agency,29.2,4,961942.88,240485.72,280586.67,3545.71,886.4275,False,True,False,240485.72,1,Mainstream Lower-Value Buyers
C1519,Individual,M,USA,California,Home,1,No,Agency,53.5,4,1366990.13,341747.53250000003,630466.93,4291.9400000000005,1072.985,False,False,False,341747.53250000003,2,Higher-Value Property Buyers
C1520,Individual,M,USA,Utah,Home,1,No,Website,78.1,4,1425469.02,356367.255,556062.8,4751.57,1187.8925,False,False,False,356367.255,2,Higher-Value Property Buyers
C1521,Individual,M,USA,Nevada,Home,4,No,Agency,53.5,3,913579.41,304526.47,346864.73,3096.84,1032.28,False,False,False,304526.47,1,Mainstream Lower-Value Buyers
C1522,Individual,F,USA,Washington,Home,5,No,Website,53.5,4,1598304.98,399576.245,568937.95,5515.94,1378.985,False,False,False,399576.245,2,Higher-Value Property Buyers
C1523,Company,M,Australia,Victoria,Investment,3,No,Website,53.5,4,1652083.92,413020.98,563972.46,5339.51,1334.8775,True,False,True,413020.98,2,Higher-Value Property Buyers
C1524,Individual,M,USA,Virginia,Home,2,No,Client,53.5,4,1434208.3,358552.075,582397.59,4656.06,1164.015,False,False,False,358552.075,2,Higher-Value Property Buyers
C1525,Individual,M,USA,California,Home,1,No,Agency,53.5,3,1336757.18,445585.7266666666,544081.2,4534.89,1511.63,False,False,False,445585.7266666666,2,Higher-Value Property Buyers
C1526,Individual,F,USA,California,Home,3,No,Website,67.4,3,1429330.15,476443.3833333333,559747.82,4802.74,1600.9133333333332,False,False,False,476443.3833333333,2,Higher-Value Property Buyers
C1527,Individual,F,USA,California,Home,1,No,Agency,53.5,3,993447.06,331149.02,403651.55,3601.05,1200.35,False,False,False,331149.02,1,Mainstream Lower-Value Buyers
C1528,Individual,F,Germany,Hamburg,Home,1,Yes,Website,26.3,3,1058452.68,352817.56,522641.04,3375.51,1125.17,False,True,False,352817.56,1,Mainstream Lower-Value Buyers
C1529,Company,M,USA,California,Home,4,No,Website,53.5,4,1614522.9,403630.725,559177.67,5403.92,1350.98,False,False,True,403630.725,2,Higher-Value Property Buyers
C1530,Individual,F,USA,California,Home,2,No,Website,53.5,3,1011087.75,337029.25,506418.4,3323.43,1107.81,False,False,False,337029.25,1,Mainstream Lower-Value Buyers
C1531,Individual,M,France,Brittany,Investment,2,No,Website,53.5,4,1272471.05,318117.7625,509367.59,4261.66,1065.415,True,False,False,318117.7625,1,Mainstream Lower-Value Buyers
C1532,Individual,F,USA,Texas,Home,3,Yes,Website,53.5,4,1446462.79,361615.6975,553937.2,4656.06,1164.015,False,True,False,361615.6975,2,Higher-Value Property Buyers
C1533,Individual,M,Canada,British Columbia,Home,4,No,Agency,35.2,4,1019127.09,254781.7725,479088.84,2909.06,727.265,False,False,False,254781.7725,1,Mainstream Lower-Value Buyers
C1534,Individual,F,USA,California,Home,4,Yes,Website,27.6,3,1195359.88,398453.2933333333,552866.95,3910.42,1303.4733333333334,False,True,False,398453.2933333333,2,Higher-Value Property Buyers
C1535,Individual,M,UK,England,Investment,3,No,Agency,29.3,4,1967005.46,491751.365,621748.81,6365.889999999999,1591.4725,True,False,False,491751.365,2,Higher-Value Property Buyers
C1536,Individual,F,USA,Washington,Home,3,No,Website,41.6,3,1076884.84,358961.61333333334,687894.92,3151.93,1050.6433333333332,False,False,False,358961.61333333334,2,Higher-Value Property Buyers
C1537,Individual,F,USA,Arizona,Home,5,No,Website,24.4,3,1637300.41,545766.8033333333,581950.52,4737.9400000000005,1579.3133333333335,False,False,False,545766.8033333333,2,Higher-Value Property Buyers
C1538,Individual,F,USA,California,Investment,5,No,Website,77.0,3,775544.78,258514.92666666667,394524.62,2824.14,941.38,True,False,False,258514.92666666667,1,Mainstream Lower-Value Buyers
C1539,Individual,M,USA,Nevada,Home,1,No,Agency,53.5,3,811448.36,270482.7866666667,281239.32,2986.53,995.51,False,False,False,270482.7866666667,1,Mainstream Lower-Value Buyers
C1540,Individual,M,USA,California,Home,2,Yes,Client,66.1,3,842510.7,280836.9,433230.74,2724.7,908.2333333333332,False,True,False,280836.9,1,Mainstream Lower-Value Buyers
C1541,Individual,M,USA,California,Home,2,No,Website,53.5,4,1173616.46,293404.115,412683.22,3980.11,995.0275,False,False,False,293404.115,1,Mainstream Lower-Value Buyers
C1542,Individual,M,USA,Nevada,Home,1,Yes,Website,53.5,3,1261648.92,420549.64,589311.2,4070.24,1356.746666666667,False,True,False,420549.64,2,Higher-Value Property Buyers
C1543,Individual,F,USA,New York,Investment,3,No,Agency,68.1,3,1199490.31,399830.1033333333,586216.96,3802.22,1267.4066666666668,True,False,False,399830.1033333333,2,Higher-Value Property Buyers
C1544,Individual,F,Russia,Tatarstan,Home,3,No,Website,53.5,3,1551623.3,517207.76666666666,596353.18,5037.32,1679.1066666666666,False,False,False,517207.76666666666,2,Higher-Value Property Buyers
C1545,Individual,F,USA,California,Investment,1,Yes,Website,53.5,3,1101811.15,367270.3833333333,494550.09,3763.51,1254.503333333333,True,True,False,367270.3833333333,2,Higher-Value Property Buyers
C1546,Individual,F,Mexico,Puebla,Home,4,Yes,Agency,57.6,4,1161022.51,290255.6275,519316.1,3499.9700000000003,874.9925000000001,False,True,False,290255.6275,1,Mainstream Lower-Value Buyers
C1547,Individual,F,USA,Florida,Home,2,Yes,Agency,48.7,4,1199337.46,299834.365,455404.07,3989.66,997.415,False,True,False,299834.365,1,Mainstream Lower-Value Buyers
C1548,Company,M,USA,California,Home,2,Yes,Website,53.5,3,615223.03,205074.34333333332,249761.11,2036.91,678.9699999999999,False,True,True,205074.34333333332,1,Mainstream Lower-Value Buyers
C1549,Individual,M,Mexico,Nuevo Leon,Home,4,No,Client,53.5,3,837044.35,279014.7833333333,334152.7,2950.28,983.4266666666668,False,False,False,279014.7833333333,1,Mainstream Lower-Value Buyers
C1550,Individual,M,USA,California,Home,2,No,Agency,25.3,4,1368767.79,342191.9475,579944.58,4656.06,1164.015,False,False,False,342191.9475,2,Higher-Value Property Buyers
C1551,Individual,M,USA,California,Home,2,No,Agency,53.5,3,1252240.69,417413.5633333333,487577.71,4314.88,1438.2933333333333,False,False,False,417413.5633333333,2,Higher-Value Property Buyers
C1552,Individual,M,USA,California,Investment,2,Yes,Agency,53.5,4,1356450.7000000002,339112.67500000005,570187.06,4296.21,1074.0525,True,True,False,339112.67500000005,2,Higher-Value Property Buyers
C1553,Company,M,USA,Utah,Home,4,No,Agency,53.5,3,979536.36,326512.12,505829.79,3116.15,1038.7166666666667,False,False,True,326512.12,1,Mainstream Lower-Value Buyers
C1554,Individual,M,Germany,Bavaria,Home,1,No,Website,25.8,3,742034.24,247344.74666666667,293555.19,2036.91,678.9699999999999,False,False,False,247344.74666666667,1,Mainstream Lower-Value Buyers
C1555,Individual,F,UK,England,Home,5,No,Website,53.5,4,1233852.38,308463.095,488976.07,4050.23,1012.5575,False,False,False,308463.095,1,Mainstream Lower-Value Buyers
C1556,Individual,F,USA,Colorado,Investment,2,No,Agency,53.5,4,1215734.71,303933.6775,410418.36,4081.55,1020.3875,True,False,False,303933.6775,1,Mainstream Lower-Value Buyers
C1557,Individual,F,USA,New York,Home,2,Yes,Website,53.5,3,955054.18,318351.3933333333,528144.96,3217.45,1072.4833333333331,False,True,False,318351.3933333333,1,Mainstream Lower-Value Buyers
C1558,Individual,M,Mexico,Baja California,Home,4,No,Website,79.8,3,1482069.56,494023.1866666667,578692.29,5041.58,1680.5266666666666,False,False,False,494023.1866666667,2,Higher-Value Property Buyers
C1559,Individual,F,UK,England,Home,2,No,Website,53.5,3,1345808.87,448602.9566666667,527049.84,4335.88,1445.2933333333333,False,False,False,448602.9566666667,2,Higher-Value Property Buyers
C1560,Individual,F,USA,California,Home,4,Yes,Client,53.5,3,1052677.5699999998,350892.52333333326,415366.42,3444.13,1148.0433333333333,False,True,False,350892.52333333326,1,Mainstream Lower-Value Buyers
C1561,Individual,M,Mexico,Nuevo Leon,Investment,5,No,Agency,53.5,3,1135294.51,378431.50333333336,661640.07,3581.32,1193.7733333333333,True,False,False,378431.50333333336,2,Higher-Value Property Buyers
C1562,Individual,F,USA,California,Home,4,No,Client,36.5,3,1179775.32,393258.44,534178.9,3804.14,1268.0466666666669,False,False,False,393258.44,2,Higher-Value Property Buyers
C1563,Individual,F,USA,Utah,Home,5,No,Website,53.5,3,979729.05,326576.35000000003,428024.76,3272.32,1090.7733333333333,False,False,False,326576.35000000003,1,Mainstream Lower-Value Buyers
C1564,Individual,M,USA,Washington,Investment,5,No,Website,59.2,3,1595925.43,531975.1433333333,634070.07,4906.87,1635.6233333333332,True,False,False,531975.1433333333,2,Higher-Value Property Buyers
C1565,Individual,M,Mexico,Jalisco,Home,4,No,Agency,43.4,4,1140899.22,285224.805,422684.36,3976.29,994.0725,False,False,False,285224.805,1,Mainstream Lower-Value Buyers
C1566,Individual,M,USA,California,Home,3,No,Website,29.0,4,1450240.65,362560.1625,530764.64,4700.94,1175.235,False,False,False,362560.1625,2,Higher-Value Property Buyers
C1567,Individual,M,USA,Georgia,Home,4,No,Client,46.2,4,1594452.62,398613.155,537350.96,5107.95,1276.9875,False,False,False,398613.155,2,Higher-Value Property Buyers
C1568,Individual,F,USA,California,Home,5,No,Website,33.8,3,1373808.09,457936.03,570859.46,4071.58,1357.1933333333334,False,False,False,457936.03,2,Higher-Value Property Buyers
C1569,Individual,F,USA,California,Investment,1,Yes,Website,30.2,3,1175242.5499999998,391747.5166666666,624932.71,3774.87,1258.29,True,True,False,391747.5166666666,2,Higher-Value Property Buyers
C1570,Individual,F,USA,Ohio,Home,5,No,Website,53.5,4,1469638.4,367409.6,493931.35,5334.25,1333.5625,False,False,False,367409.6,2,Higher-Value Property Buyers
C1571,Individual,M,USA,California,Home,2,No,Website,45.6,4,1243439.96,310859.99,396729.97,4368.34,1092.085,False,False,False,310859.99,1,Mainstream Lower-Value Buyers
C1572,Individual,M,Australia,Queensland,Home,3,No,Agency,63.6,4,886149.52,221537.38,284177.91,2993.32,748.33,False,False,False,221537.38,1,Mainstream Lower-Value Buyers
C1573,Individual,F,USA,California,Home,1,No,Website,77.7,4,1175839.94,293959.985,410772.92,4239.75,1059.9375,False,False,False,293959.985,1,Mainstream Lower-Value Buyers
C1574,Individual,M,USA,California,Home,4,No,Website,53.5,3,1195224.9,398408.3,488398.75,3766.9,1255.6333333333334,False,False,False,398408.3,2,Higher-Value Property Buyers
C1575,Individual,M,USA,California,Home,2,No,Website,53.5,4,1395067.16,348766.79000000004,494892.28,4634.91,1158.7275,False,False,False,348766.79000000004,2,Higher-Value Property Buyers
C1576,Individual,F,USA,Nevada,Investment,3,Yes,Website,53.5,4,1359536.24,339884.06,516417.01,4392.67,1098.1675,True,True,False,339884.06,2,Higher-Value Property Buyers
C1577,Individual,M,Germany,Bavaria,Home,3,No,Website,53.5,3,1427933.58,475977.86,574268.12,4415.7,1471.9,False,False,False,475977.86,2,Higher-Value Property Buyers
C1578,Individual,M,USA,California,Investment,2,No,Website,27.8,3,765431.01,255143.67,334041.57,2804.62,934.8733333333332,True,False,False,255143.67,1,Mainstream Lower-Value Buyers
C1579,Individual,M,USA,Arizona,Investment,4,No,Website,78.2,4,1101753.59,275438.3975,300464.18,3808.21,952.0525,True,False,False,275438.3975,1,Mainstream Lower-Value Buyers
C1580,Individual,M,USA,Georgia,Investment,1,Yes,Website,26.1,4,1008834.66,252208.665,458458.71,3488.8,872.2,True,True,False,252208.665,1,Mainstream Lower-Value Buyers
C1581,Individual,M,USA,California,Investment,1,No,Website,73.1,3,1123364.22,374454.74,518409.3,3071.78,1023.9266666666666,True,False,False,374454.74,1,Mainstream Lower-Value Buyers
C1582,Individual,M,France,Ile-de-France,Home,4,Yes,Client,53.5,3,1030269.01,343423.00333333336,446919.96,3150.24,1050.08,False,True,False,343423.00333333336,1,Mainstream Lower-Value Buyers
C1583,Individual,M,USA,California,Home,2,No,Agency,56.0,4,1378030.61,344507.6525,456061.7,4680.54,1170.135,False,False,False,344507.6525,2,Higher-Value Property Buyers
C1584,Company,M,France,Brittany,Investment,1,Yes,Website,38.4,3,1199226.44,399742.14666666667,491267.17,4085.23,1361.743333333333,True,True,True,399742.14666666667,2,Higher-Value Property Buyers
C1585,Individual,M,Canada,Ontario,Home,5,No,Website,63.2,4,1480011.91,370002.9775,478106.01,5107.29,1276.8225,False,False,False,370002.9775,2,Higher-Value Property Buyers
C1586,Individual,F,Germany,Berlin,Home,3,No,Website,53.5,3,1116579.83,372193.2766666667,419816.08,3674.04,1224.68,False,False,False,372193.2766666667,1,Mainstream Lower-Value Buyers
C1587,Individual,M,Canada,Quebec,Investment,4,Yes,Agency,80.1,3,743057.13,247685.71,358380.74,2550.74,850.2466666666668,True,True,False,247685.71,1,Mainstream Lower-Value Buyers
C1588,Individual,F,USA,Utah,Investment,5,No,Website,53.5,3,957201.31,319067.10333333333,503642.95,3313.53,1104.51,True,False,False,319067.10333333333,1,Mainstream Lower-Value Buyers
C1589,Individual,F,USA,California,Investment,4,No,Agency,70.4,3,1380536.7000000002,460178.9000000001,593745.43,4190.61,1396.87,True,False,False,460178.9000000001,2,Higher-Value Property Buyers
C1590,Company,F,USA,Oregon,Home,1,No,Website,53.5,4,1470403.6,367600.9,497116.96,4915.33,1228.8325,False,False,True,367600.9,2,Higher-Value Property Buyers
C1591,Individual,F,USA,California,Investment,4,No,Website,53.5,4,1676312.98,419078.245,523585.37,5366.86,1341.715,True,False,False,419078.245,2,Higher-Value Property Buyers
C1592,Individual,F,USA,Texas,Investment,2,Yes,Agency,48.6,4,878452.1900000001,219613.0475,273978.28,2940.44,735.11,True,True,False,219613.0475,1,Mainstream Lower-Value Buyers
C1593,Individual,M,USA,California,Home,1,No,Website,48.4,4,825960.49,206490.1225,280450.33,2664.54,666.135,False,False,False,206490.1225,1,Mainstream Lower-Value Buyers
C1594,Individual,F,USA,Colorado,Home,2,No,Agency,53.5,4,1522994.53,380748.6325,524785.88,5039.5,1259.875,False,False,False,380748.6325,2,Higher-Value Property Buyers
C1595,Individual,M,USA,California,Home,5,No,Website,53.5,4,1310147.86,327536.965,583134.02,4746.09,1186.5225,False,False,False,327536.965,2,Higher-Value Property Buyers
C1596,Individual,M,Germany,Berlin,Investment,4,No,Website,44.1,3,1642954.44,547651.48,634487.77,4947.78,1649.26,True,False,False,547651.48,2,Higher-Value Property Buyers
C1597,Individual,F,USA,Nevada,Investment,4,Yes,Website,53.5,4,1155778.2,288944.55,356644.67,3790.99,947.7475,True,True,False,288944.55,1,Mainstream Lower-Value Buyers
C1598,Individual,F,USA,Georgia,Home,4,Yes,Agency,53.5,3,1163931.67,387977.2233333333,523992.65,3931.19,1310.3966666666663,False,True,False,387977.2233333333,2,Higher-Value Property Buyers
C1599,Individual,F,USA,Virginia,Investment,5,Yes,Website,53.5,3,1321031.17,440343.7233333333,584321.85,4011.52,1337.1733333333334,True,True,False,440343.7233333333,2,Higher-Value Property Buyers
C1600,Individual,F,Belgium,Wallonia,Home,5,No,Website,53.5,4,1237164.36,309291.09,430028.88,3938.59,984.6475,False,False,False,309291.09,1,Mainstream Lower-Value Buyers
C1601,Individual,F,Russia,Krasnodar Krai,Home,3,No,Website,53.5,3,829078.01,276359.33666666667,324581.41,2741.01,913.67,False,False,False,276359.33666666667,1,Mainstream Lower-Value Buyers
C1602,Individual,M,USA,Nevada,Investment,4,No,Website,37.2,4,1676863.99,419215.9975,534260.23,5701.12,1425.28,True,False,False,419215.9975,2,Higher-Value Property Buyers
C1603,Individual,F,UK,England,Home,5,No,Website,61.3,4,1077719.71,269429.9275,371548.46,3904.82,976.205,False,False,False,269429.9275,1,Mainstream Lower-Value Buyers
C1604,Individual,M,USA,Texas,Home,4,No,Website,74.3,3,1050264.24,350088.08,539529.66,3731.47,1243.8233333333333,False,False,False,350088.08,2,Higher-Value Property Buyers
C1605,Individual,M,UK,England,Investment,4,Yes,Website,53.5,4,1170783.34,292695.835,573983.92,3499.9700000000003,874.9925000000001,True,True,False,292695.835,1,Mainstream Lower-Value Buyers
C1606,Individual,M,USA,Washington,Home,1,Yes,Agency,53.5,3,917562.71,305854.23666666663,396586.67,3100.45,1033.4833333333331,False,True,False,305854.23666666663,1,Mainstream Lower-Value Buyers
C1607,Individual,F,USA,California,Home,3,No,Agency,60.8,3,829294.5700000001,276431.5233333334,345524.63,2782.82,927.6066666666666,False,False,False,276431.5233333334,1,Mainstream Lower-Value Buyers
C1608,Individual,F,UK,England,Home,4,Yes,Website,53.5,3,1431381.65,477127.2166666666,609069.59,4343.46,1447.82,False,True,False,477127.2166666666,2,Higher-Value Property Buyers
C1609,Individual,M,USA,California,Investment,2,No,Website,59.2,3,804844.43,268281.4766666667,327614.46,2701.38,900.46,True,False,False,268281.4766666667,1,Mainstream Lower-Value Buyers
C1610,Individual,M,USA,California,Investment,3,No,Website,53.5,4,1249167.74,312291.935,464148.93,4456.85,1114.2125,True,False,False,312291.935,1,Mainstream Lower-Value Buyers
C1611,Individual,F,USA,Nevada,Investment,4,No,Website,48.3,4,1072189.52,268047.38,300261.31,3371.0,842.75,True,False,False,268047.38,1,Mainstream Lower-Value Buyers
C1612,Individual,M,USA,California,Home,1,No,Agency,53.5,3,766554.56,255518.18666666668,389142.71,2517.4300000000003,839.1433333333334,False,False,False,255518.18666666668,1,Mainstream Lower-Value Buyers
C1613,Individual,M,Denmark,Southern Denmark,Home,2,Yes,Agency,26.0,4,1608368.22,402092.055,536339.3,5602.79,1400.6975,False,True,False,402092.055,2,Higher-Value Property Buyers
C1614,Individual,F,USA,Utah,Investment,4,No,Website,53.5,3,822155.05,274051.68333333335,375800.81,3178.04,1059.3466666666666,True,False,False,274051.68333333335,1,Mainstream Lower-Value Buyers
C1615,Individual,M,USA,Utah,Home,5,No,Agency,60.4,3,857125.52,285708.50666666665,475179.93,2711.61,903.87,False,False,False,285708.50666666665,1,Mainstream Lower-Value Buyers
C1616,Individual,M,UK,Wales,Investment,5,Yes,Website,32.3,4,1344053.71,336013.4275,542250.95,4512.51,1128.1275,True,True,False,336013.4275,2,Higher-Value Property Buyers
C1617,Individual,F,USA,California,Home,3,No,Website,71.2,3,776005.5,258668.5,389944.98,2517.4300000000003,839.1433333333334,False,False,False,258668.5,1,Mainstream Lower-Value Buyers
C1618,Individual,F,USA,Washington,Home,2,Yes,Website,53.5,4,1356655.6800000002,339163.92000000004,567758.66,4413.21,1103.3025,False,True,False,339163.92000000004,2,Higher-Value Property Buyers
C1619,Individual,M,Belgium,Wallonia,Home,2,No,Website,53.5,4,1390206.46,347551.615,466648.29,4656.06,1164.015,False,False,False,347551.615,2,Higher-Value Property Buyers
C1620,Individual,M,USA,California,Home,1,Yes,Website,79.7,3,788250.3500000001,262750.1166666667,306030.71,2937.26,979.0866666666668,False,True,False,262750.1166666667,1,Mainstream Lower-Value Buyers
C1621,Individual,M,USA,Oregon,Investment,2,No,Agency,53.5,3,739739.97,246579.99,330239.65,2919.27,973.09,True,False,False,246579.99,1,Mainstream Lower-Value Buyers
C1622,Individual,F,USA,Oregon,Home,1,Yes,Website,62.9,3,1054193.36,351397.7866666666,466599.16,3323.43,1107.81,False,True,False,351397.7866666666,1,Mainstream Lower-Value Buyers
C1623,Individual,F,USA,Oregon,Home,4,No,Website,30.0,3,1060233.46,353411.1533333333,508317.94,3333.89,1111.2966666666666,False,False,False,353411.1533333333,1,Mainstream Lower-Value Buyers
C1624,Individual,F,USA,California,Home,4,Yes,Website,73.0,4,1943363.94,485840.985,663848.64,6410.68,1602.67,False,True,False,485840.985,2,Higher-Value Property Buyers
C1625,Individual,M,Australia,Western Australia,Home,4,No,Agency,23.9,3,910587.85,303529.2833333333,437096.17,3284.52,1094.84,False,False,False,303529.2833333333,1,Mainstream Lower-Value Buyers
C1626,Individual,F,France,Provence,Home,2,Yes,Website,53.5,3,1225657.22,408552.4066666667,506351.81,4394.54,1464.8466666666666,False,True,False,408552.4066666667,2,Higher-Value Property Buyers
C1627,Individual,M,USA,California,Investment,1,No,Website,53.5,3,1275226.77,425075.59,487397.65,4583.59,1527.8633333333337,True,False,False,425075.59,2,Higher-Value Property Buyers
C1628,Company,F,France,Normandy,Home,4,Yes,Website,53.5,3,800299.08,266766.36,369992.93,2528.19,842.73,False,True,True,266766.36,1,Mainstream Lower-Value Buyers
C1629,Individual,F,USA,Utah,Home,5,No,Agency,53.5,3,789150.05,263050.01666666666,370439.82,3024.39,1008.13,False,False,False,263050.01666666666,1,Mainstream Lower-Value Buyers
C1630,Company,F,USA,Virginia,Investment,1,Yes,Website,29.7,3,1206881.92,402293.9733333333,466289.68,4014.44,1338.1466666666668,True,True,True,402293.9733333333,2,Higher-Value Property Buyers
C1631,Individual,F,UK,Northern Ireland,Home,5,No,Website,57.8,4,1683720.2,420930.05,605216.52,5068.28,1267.07,False,False,False,420930.05,2,Higher-Value Property Buyers
C1632,Individual,F,USA,California,Investment,3,Yes,Agency,60.5,4,1425130.6800000002,356282.67000000004,587752.9,4611.02,1152.755,True,True,False,356282.67000000004,2,Higher-Value Property Buyers
C1633,Individual,F,Canada,Ontario,Home,2,No,Website,46.5,3,847190.3300000001,282396.7766666667,430268.83,2930.45,976.8166666666666,False,False,False,282396.7766666667,1,Mainstream Lower-Value Buyers
C1634,Individual,F,USA,Georgia,Investment,2,No,Website,80.0,4,1044217.01,261054.2525,444069.92,3488.8,872.2,True,False,False,261054.2525,1,Mainstream Lower-Value Buyers
C1635,Individual,M,France,Brittany,Home,1,No,Website,53.5,4,1104480.44,276120.11,557253.35,3678.97,919.7425,False,False,False,276120.11,1,Mainstream Lower-Value Buyers
C1636,Company,F,USA,Arizona,Home,5,Yes,Website,37.0,3,1171439.72,390479.9066666667,480665.23,3925.54,1308.513333333333,False,True,True,390479.9066666667,2,Higher-Value Property Buyers
C1637,Individual,M,Mexico,Nuevo Leon,Home,5,No,Agency,54.9,3,1333020.46,444340.1533333333,558806.02,4575.54,1525.18,False,False,False,444340.1533333333,2,Higher-Value Property Buyers
C1638,Individual,F,France,Occitanie,Investment,1,Yes,Agency,53.5,3,1047895.71,349298.57,487075.17,3527.05,1175.6833333333334,True,True,False,349298.57,1,Mainstream Lower-Value Buyers
C1639,Individual,M,USA,Colorado,Home,1,No,Website,53.5,4,1088561.44,272140.36,434288.76,3901.69,975.4225,False,False,False,272140.36,1,Mainstream Lower-Value Buyers
C1640,Individual,F,USA,California,Home,1,Yes,Website,57.2,4,1172146.65,293036.6625,383671.53,4191.96,1047.99,False,True,False,293036.6625,1,Mainstream Lower-Value Buyers
C1641,Individual,M,USA,Utah,Home,1,No,Agency,53.5,4,1898878.08,474719.52,649429.33,6016.389999999999,1504.0975,False,False,False,474719.52,2,Higher-Value Property Buyers
C1642,Individual,F,Canada,British Columbia,Home,5,No,Website,53.5,4,1441785.62,360446.405,590849.87,4668.639999999999,1167.16,False,False,False,360446.405,2,Higher-Value Property Buyers
C1643,Individual,M,France,Ile-de-France,Home,4,No,Agency,46.0,3,1182889.92,394296.64,522875.6,4406.08,1468.6933333333334,False,False,False,394296.64,2,Higher-Value Property Buyers
C1644,Individual,F,USA,California,Home,1,No,Client,53.5,4,1312822.17,328205.5425,406698.29,4097.35,1024.3375,False,False,False,328205.5425,1,Mainstream Lower-Value Buyers
C1645,Individual,F,Australia,New South Wales,Investment,1,No,Website,28.9,4,1503973.21,375993.3025,503034.95,4952.46,1238.115,True,False,False,375993.3025,2,Higher-Value Property Buyers
C1646,Individual,M,USA,Washington,Investment,4,Yes,Agency,25.6,3,972186.46,324062.1533333333,356950.7,3157.36,1052.4533333333334,True,True,False,324062.1533333333,1,Mainstream Lower-Value Buyers
C1647,Individual,M,USA,Ohio,Home,4,Yes,Agency,53.5,3,1316368.95,438789.65,474177.38,4415.7,1471.9,False,True,False,438789.65,2,Higher-Value Property Buyers
C1648,Individual,F,Australia,New South Wales,Home,3,No,Website,53.5,3,1282946.7,427648.9,515026.76,4430.83,1476.9433333333334,False,False,False,427648.9,2,Higher-Value Property Buyers
C1649,Individual,F,USA,Oregon,Home,4,Yes,Agency,41.8,4,1540887.81,385221.9525,440680.26,5016.18,1254.045,False,True,False,385221.9525,2,Higher-Value Property Buyers
C1650,Individual,M,USA,Washington,Investment,2,No,Website,54.8,3,1065238.5,355079.5,573660.29,3173.8500000000004,1057.95,True,False,False,355079.5,1,Mainstream Lower-Value Buyers
C1651,Individual,M,USA,California,Investment,4,No,Website,53.5,3,962066.42,320688.80666666664,453763.04,2641.98,880.66,True,False,False,320688.80666666664,1,Mainstream Lower-Value Buyers
C1652,Individual,M,USA,Nevada,Investment,4,Yes,Client,53.5,3,1078933.8,359644.60000000003,468522.56,3505.15,1168.3833333333334,True,True,False,359644.60000000003,1,Mainstream Lower-Value Buyers
C1653,Individual,F,USA,Colorado,Investment,4,Yes,Website,49.4,4,957106.48,239276.62,394592.34,3443.73,860.9325,True,True,False,239276.62,1,Mainstream Lower-Value Buyers
C1654,Individual,F,USA,California,Home,1,No,Website,55.7,4,1250065.38,312516.34500000003,579412.56,3806.55,951.6375,False,False,False,312516.34500000003,1,Mainstream Lower-Value Buyers
C1655,Individual,F,USA,Texas,Investment,2,No,Website,53.5,3,974749.8,324916.60000000003,398928.35,3265.76,1088.5866666666668,True,False,False,324916.60000000003,1,Mainstream Lower-Value Buyers
C1656,Individual,M,Belgium,Wallonia,Investment,4,Yes,Website,32.7,4,1401657.84,350414.46,531573.93,4729.49,1182.3725,True,True,False,350414.46,2,Higher-Value Property Buyers
C1657,Individual,M,USA,California,Home,2,No,Website,53.5,4,1316624.69,329156.1725,487604.6,4095.87,1023.9675,False,False,False,329156.1725,1,Mainstream Lower-Value Buyers
C1658,Individual,M,USA,California,Home,5,No,Agency,53.4,4,1243178.6,310794.65,488058.16,3936.48,984.12,False,False,False,310794.65,1,Mainstream Lower-Value Buyers
C1659,Individual,M,Denmark,Zealand,Home,4,No,Website,77.3,4,1576416.87,394104.2175,536988.38,5229.2,1307.3,False,False,False,394104.2175,2,Higher-Value Property Buyers
C1660,Individual,M,USA,Nevada,Home,4,Yes,Website,53.5,4,1330046.48,332511.62,529448.55,4274.28,1068.57,False,True,False,332511.62,1,Mainstream Lower-Value Buyers
C1661,Individual,M,USA,Washington,Home,4,No,Agency,53.5,3,1511063.27,503687.75666666665,626977.89,4798.03,1599.3433333333332,False,False,False,503687.75666666665,2,Higher-Value Property Buyers
C1662,Individual,M,Russia,Tatarstan,Home,4,No,Website,53.5,4,1505862.74,376465.685,536177.39,5281.4,1320.35,False,False,False,376465.685,2,Higher-Value Property Buyers
C1663,Individual,M,USA,Colorado,Investment,3,No,Agency,53.5,3,926064.21,308688.07,399712.39,3128.13,1042.71,True,False,False,308688.07,1,Mainstream Lower-Value Buyers
C1664,Individual,F,France,Occitanie,Investment,5,No,Agency,53.5,3,1390001.73,463333.91,559963.06,4335.88,1445.2933333333333,True,False,False,463333.91,2,Higher-Value Property Buyers
C1665,Individual,M,USA,Arizona,Home,5,No,Website,53.5,4,966971.19,241742.7975,324550.9,3308.8,827.2,False,False,False,241742.7975,1,Mainstream Lower-Value Buyers
C1666,Individual,F,USA,Ohio,Home,2,No,Website,61.3,3,706503.5900000001,235501.19666666668,272425.15,2208.13,736.0433333333334,False,False,False,235501.19666666668,1,Mainstream Lower-Value Buyers
C1667,Individual,F,USA,California,Investment,4,No,Agency,53.5,3,831811.52,277270.50666666665,312521.87,2586.33,862.11,True,False,False,277270.50666666665,1,Mainstream Lower-Value Buyers
C1668,Individual,M,Australia,Victoria,Home,5,No,Website,66.1,4,1046863.21,261715.8025,439078.0,3488.8,872.2,False,False,False,261715.8025,1,Mainstream Lower-Value Buyers
C1669,Individual,M,Canada,Alberta,Investment,3,Yes,Agency,63.7,4,948271.34,237067.835,330897.08,3350.09,837.5225,True,True,False,237067.835,1,Mainstream Lower-Value Buyers
C1670,Individual,F,USA,Colorado,Home,3,Yes,Website,53.1,4,1356021.03,339005.2575,441253.62,4306.36,1076.59,False,True,False,339005.2575,1,Mainstream Lower-Value Buyers
C1671,Individual,F,USA,California,Home,3,No,Agency,53.5,4,1329236.75,332309.1875,442394.76,4482.48,1120.62,False,False,False,332309.1875,1,Mainstream Lower-Value Buyers
C1672,Individual,F,USA,Nevada,Investment,4,No,Website,49.7,3,728363.1699999999,242787.7233333333,361228.37,2669.75,889.9166666666666,True,False,False,242787.7233333333,1,Mainstream Lower-Value Buyers
C1673,Individual,F,USA,Washington,Home,1,Yes,Website,31.8,4,1803634.76,450908.69,726903.51,5691.97,1422.9925,False,True,False,450908.69,2,Higher-Value Property Buyers
C1674,Individual,F,USA,California,Home,5,Yes,Website,53.5,4,1614623.53,403655.8825,551658.47,5074.83,1268.7075,False,True,False,403655.8825,2,Higher-Value Property Buyers
C1675,Individual,F,Canada,Alberta,Investment,5,No,Website,38.7,3,918037.68,306012.56,362023.29,3038.88,1012.96,True,False,False,306012.56,1,Mainstream Lower-Value Buyers
C1676,Individual,F,USA,Washington,Home,2,No,Website,53.5,4,1251637.0,312909.25,474039.53,4076.49,1019.1225,False,False,False,312909.25,1,Mainstream Lower-Value Buyers
C1677,Individual,M,USA,Texas,Home,1,Yes,Website,53.5,3,942915.18,314305.06,380233.97,2927.83,975.9433333333332,False,True,False,314305.06,1,Mainstream Lower-Value Buyers
C1678,Individual,M,USA,California,Home,1,Yes,Agency,62.8,3,1377654.29,459218.0966666667,501738.52,4951.42,1650.4733333333334,False,True,False,459218.0966666667,2,Higher-Value Property Buyers
C1679,Individual,F,USA,Nevada,Investment,4,No,Website,53.5,3,1194618.9,398206.3,587797.99,3804.14,1268.0466666666669,True,False,False,398206.3,2,Higher-Value Property Buyers
C1680,Individual,F,USA,California,Investment,4,No,Agency,53.5,3,665078.77,221692.9233333333,278456.63,2076.39,692.13,True,False,False,221692.9233333333,1,Mainstream Lower-Value Buyers
C1681,Individual,M,USA,Oregon,Home,3,Yes,Client,53.5,4,1408304.94,352076.235,484626.56,4627.05,1156.7625,False,True,False,352076.235,2,Higher-Value Property Buyers
C1682,Individual,F,USA,Nevada,Home,2,No,Website,36.7,4,1469905.41,367476.3525,492569.41,5028.37,1257.0925,False,False,False,367476.3525,2,Higher-Value Property Buyers
C1683,Individual,F,USA,Oregon,Investment,1,No,Client,53.5,4,1410114.6,352528.65,533570.63,4578.96,1144.74,True,False,False,352528.65,2,Higher-Value Property Buyers
C1684,Individual,F,USA,Colorado,Investment,4,No,Website,46.5,4,1109440.17,277360.0425,357429.62,3533.9300000000003,883.4825000000001,True,False,False,277360.0425,1,Mainstream Lower-Value Buyers
C1685,Individual,F,USA,California,Home,5,No,Agency,53.5,3,1109623.75,369874.5833333333,496154.56,3823.56,1274.52,False,False,False,369874.5833333333,2,Higher-Value Property Buyers
C1686,Individual,M,USA,California,Investment,2,Yes,Agency,53.5,4,1214377.82,303594.455,407908.02,4295.62,1073.905,True,True,False,303594.455,1,Mainstream Lower-Value Buyers
C1687,Individual,M,USA,California,Home,4,Yes,Website,53.5,4,1026117.62,256529.405,420273.62,3741.48,935.37,False,True,False,256529.405,1,Mainstream Lower-Value Buyers
C1688,Individual,F,USA,Oregon,Home,5,No,Client,53.5,3,1314384.27,438128.09,578952.08,3845.87,1281.9566666666667,False,False,False,438128.09,2,Higher-Value Property Buyers
C1689,Individual,F,USA,Oregon,Investment,1,Yes,Client,53.5,3,896100.8,298700.26666666666,441341.34,2919.27,973.09,True,True,False,298700.26666666666,1,Mainstream Lower-Value Buyers
C1690,Individual,M,Denmark,North Denmark,Home,2,Yes,Agency,53.5,3,1662639.06,554213.02,598512.98,5264.81,1754.9366666666667,False,True,False,554213.02,2,Higher-Value Property Buyers
C1691,Individual,M,USA,Arizona,Home,5,No,Website,53.5,4,1212731.6,303182.9,450265.88,3939.81,984.9525,False,False,False,303182.9,1,Mainstream Lower-Value Buyers
C1692,Individual,M,Canada,Ontario,Home,5,Yes,Agency,32.8,4,1165619.91,291404.97750000004,504544.59,3939.81,984.9525,False,True,False,291404.97750000004,1,Mainstream Lower-Value Buyers
C1693,Individual,M,Belgium,Flanders,Home,1,No,Website,53.5,4,1557035.08,389258.77,464582.73,5368.610000000001,1342.1525,False,False,False,389258.77,2,Higher-Value Property Buyers
C1694,Individual,F,USA,Virginia,Home,5,No,Agency,53.5,4,1457395.73,364348.9325,522366.74,4810.78,1202.695,False,False,False,364348.9325,2,Higher-Value Property Buyers
C1695,Individual,F,Belgium,Flanders,Home,5,No,Website,53.5,3,975866.19,325288.73,491123.63,3333.89,1111.2966666666666,False,False,False,325288.73,1,Mainstream Lower-Value Buyers
C1696,Individual,F,USA,Florida,Home,1,No,Website,53.5,4,1316025.35,329006.3375,382303.57,4368.34,1092.085,False,False,False,329006.3375,1,Mainstream Lower-Value Buyers
C1697,Individual,F,Belgium,Brussels,Home,2,No,Client,43.4,4,802813.26,200703.315,234850.32,2803.13,700.7825,False,False,False,200703.315,1,Mainstream Lower-Value Buyers
C1698,Individual,M,UK,Northern Ireland,Home,4,Yes,Website,73.1,3,764529.97,254843.32333333333,362728.99,2704.88,901.6266666666668,False,True,False,254843.32333333333,1,Mainstream Lower-Value Buyers
C1699,Individual,M,Australia,Western Australia,Home,3,Yes,Agency,53.5,4,1161971.24,290492.81,480048.34,3786.61,946.6525,False,True,False,290492.81,1,Mainstream Lower-Value Buyers
C1700,Individual,M,USA,Nevada,Home,3,No,Website,80.2,4,1293648.37,323412.0925,564037.73,4202.29,1050.5725,False,False,False,323412.0925,1,Mainstream Lower-Value Buyers
C1701,Individual,F,USA,Arizona,Home,1,No,Website,53.5,3,916043.72,305347.9066666667,417201.93,2937.26,979.0866666666668,False,False,False,305347.9066666667,1,Mainstream Lower-Value Buyers
C1702,Individual,M,USA,Washington,Investment,5,Yes,Website,34.0,3,1259181.49,419727.1633333333,505472.65,4431.09,1477.03,True,True,False,419727.1633333333,2,Higher-Value Property Buyers
C1703,Individual,M,USA,Texas,Investment,4,No,Agency,53.5,3,868665.77,289555.25666666665,358849.76,2942.61,980.87,True,False,False,289555.25666666665,1,Mainstream Lower-Value Buyers
C1704,Individual,F,Denmark,Capital Region,Home,4,No,Agency,53.5,3,1131490.64,377163.5466666667,441154.94,3753.75,1251.25,False,False,False,377163.5466666667,2,Higher-Value Property Buyers
C1705,Individual,M,USA,Virginia,Investment,3,Yes,Website,53.5,3,1031987.68,343995.8933333333,482341.23,3147.92,1049.3066666666666,True,True,False,343995.8933333333,1,Mainstream Lower-Value Buyers
C1706,Individual,M,USA,California,Home,3,Yes,Website,53.5,4,1417221.48,354305.37,590931.68,4515.87,1128.9675,False,True,False,354305.37,2,Higher-Value Property Buyers
C1707,Individual,M,USA,Georgia,Home,1,Yes,Website,53.5,3,770609.62,256869.8733333333,272169.11,2699.27,899.7566666666667,False,True,False,256869.8733333333,1,Mainstream Lower-Value Buyers
C1708,Individual,F,Germany,Hesse,Home,1,Yes,Agency,37.4,3,854426.52,284808.84,399400.23,2691.9300000000003,897.3100000000001,False,True,False,284808.84,1,Mainstream Lower-Value Buyers
C1709,Individual,F,USA,Arizona,Investment,3,No,Agency,77.4,3,1336416.16,445472.0533333334,502269.25,4539.51,1513.17,True,False,False,445472.0533333334,2,Higher-Value Property Buyers
C1710,Individual,M,Canada,Alberta,Investment,2,Yes,Website,53.5,3,1027918.12,342639.3733333333,455861.82,3468.24,1156.0800000000002,True,True,False,342639.3733333333,1,Mainstream Lower-Value Buyers
C1711,Individual,F,USA,California,Investment,3,Yes,Website,53.5,4,1015613.11,253903.2775,330207.8,3347.77,836.9425,True,True,False,253903.2775,1,Mainstream Lower-Value Buyers
C1712,Individual,M,France,Occitanie,Home,5,No,Website,52.8,4,1280242.15,320060.5375,465704.47,4408.32,1102.08,False,False,False,320060.5375,1,Mainstream Lower-Value Buyers
C1713,Individual,F,USA,Oregon,Home,1,No,Website,42.9,4,1401670.4500000002,350417.61250000005,537445.29,4746.09,1186.5225,False,False,False,350417.61250000005,2,Higher-Value Property Buyers
C1714,Individual,M,USA,Colorado,Home,3,No,Website,75.5,4,1054289.58,263572.395,413091.69,3294.65,823.6625,False,False,False,263572.395,1,Mainstream Lower-Value Buyers
C1715,Individual,F,USA,Florida,Home,3,Yes,Agency,53.5,4,987214.18,246803.545,315841.36,3601.56,900.39,False,True,False,246803.545,1,Mainstream Lower-Value Buyers
C1716,Individual,F,USA,California,Home,1,No,Website,53.5,3,1027286.48,342428.82666666666,420929.08,3387.53,1129.1766666666665,False,False,False,342428.82666666666,1,Mainstream Lower-Value Buyers
C1717,Individual,F,USA,California,Home,4,Yes,Website,53.5,3,915606.07,305202.0233333334,370077.4,2942.61,980.87,False,True,False,305202.0233333334,1,Mainstream Lower-Value Buyers
C1718,Individual,F,USA,California,Home,1,No,Website,29.0,4,1362121.47,340530.3675,577483.25,4602.96,1150.74,False,False,False,340530.3675,2,Higher-Value Property Buyers
C1719,Company,M,USA,Florida,Home,2,No,Agency,63.6,3,1178759.88,392919.96,557392.74,3791.59,1263.8633333333337,False,False,True,392919.96,2,Higher-Value Property Buyers
C1720,Individual,F,USA,California,Home,5,Yes,Website,27.2,4,1396671.77,349167.9425,659880.36,4488.37,1122.0925,False,True,False,349167.9425,2,Higher-Value Property Buyers
C1721,Individual,M,USA,Nevada,Home,2,No,Agency,37.1,4,1282729.71,320682.4275,379081.98,4136.27,1034.0675,False,False,False,320682.4275,1,Mainstream Lower-Value Buyers
C1722,Individual,F,USA,Nevada,Home,3,No,Website,53.5,4,1676365.72,419091.43,605522.07,5229.2,1307.3,False,False,False,419091.43,2,Higher-Value Property Buyers
C1723,Individual,F,Canada,Quebec,Home,2,Yes,Agency,25.9,4,1084602.42,271150.605,399164.03,3601.56,900.39,False,True,False,271150.605,1,Mainstream Lower-Value Buyers
C1724,Individual,M,USA,Virginia,Home,4,No,Website,53.5,4,1646338.36,411584.59,570262.07,5435.87,1358.9675,False,False,False,411584.59,2,Higher-Value Property Buyers
C1725,Individual,F,USA,Nevada,Home,3,Yes,Website,65.0,4,1352500.23,338125.0575,460172.3,4669.59,1167.3975,False,True,False,338125.0575,2,Higher-Value Property Buyers
C1726,Individual,F,UK,Northern Ireland,Home,3,No,Website,53.5,3,1141107.24,380369.08,669506.11,3581.32,1193.7733333333333,False,False,False,380369.08,2,Higher-Value Property Buyers
C1727,Individual,F,USA,New York,Home,3,No,Website,78.1,4,1563834.42,390958.605,619055.13,4842.95,1210.7375,False,False,False,390958.605,2,Higher-Value Property Buyers
C1728,Individual,F,USA,Oregon,Home,3,Yes,Client,79.8,4,1436312.58,359078.145,429908.37,4901.06,1225.265,False,True,False,359078.145,2,Higher-Value Property Buyers
C1729,Individual,M,Canada,British Columbia,Home,3,Yes,Website,53.5,3,956356.54,318785.51333333337,404268.31,3272.32,1090.7733333333333,False,True,False,318785.51333333337,1,Mainstream Lower-Value Buyers
C1730,Individual,M,Mexico,Puebla,Investment,5,Yes,Agency,53.5,3,796432.48,265477.49333333335,385425.29,2768.07,922.69,True,True,False,265477.49333333335,1,Mainstream Lower-Value Buyers
C1731,Individual,M,USA,California,Home,4,Yes,Website,53.5,4,1172220.11,293055.0275,389967.22,3866.24,966.56,False,True,False,293055.0275,1,Mainstream Lower-Value Buyers
C1732,Individual,F,Canada,Alberta,Investment,2,No,Agency,53.5,3,1551003.84,517001.28,597681.88,4963.42,1654.4733333333334,True,False,False,517001.28,2,Higher-Value Property Buyers
C1733,Individual,F,USA,California,Home,3,Yes,Agency,53.5,4,1179975.09,294993.7725,432544.27,4039.73,1009.9325,False,True,False,294993.7725,1,Mainstream Lower-Value Buyers
C1734,Individual,M,USA,California,Home,5,No,Website,53.5,3,1078504.94,359501.64666666667,462160.46,3763.51,1254.503333333333,False,False,False,359501.64666666667,1,Mainstream Lower-Value Buyers
C1735,Individual,F,USA,Utah,Investment,3,No,Website,54.2,3,1139995.98,379998.66,492594.19,3775.2,1258.4,True,False,False,379998.66,2,Higher-Value Property Buyers
C1736,Individual,F,USA,California,Investment,4,Yes,Website,53.5,4,1482243.88,370560.97,606491.63,4488.37,1122.0925,True,True,False,370560.97,2,Higher-Value Property Buyers
C1737,Individual,F,USA,California,Investment,3,No,Website,53.5,3,1060946.57,353648.8566666667,520101.47,3272.32,1090.7733333333333,True,False,False,353648.8566666667,1,Mainstream Lower-Value Buyers
C1738,Individual,F,USA,California,Home,5,No,Website,53.5,3,861195.69,287065.23,347283.41,3050.29,1016.7633333333332,False,False,False,287065.23,1,Mainstream Lower-Value Buyers
C1739,Individual,M,Russia,Novosibirsk,Investment,3,Yes,Website,53.5,4,998344.48,249586.12,442624.97,3488.8,872.2,True,True,False,249586.12,1,Mainstream Lower-Value Buyers
C1740,Individual,F,USA,California,Home,5,Yes,Website,53.5,4,1439013.34,359753.335,561035.94,4656.06,1164.015,False,True,False,359753.335,2,Higher-Value Property Buyers
C1741,Individual,M,USA,Virginia,Home,5,No,Website,53.5,4,1310713.04,327678.26,454264.31,4561.52,1140.38,False,False,False,327678.26,1,Mainstream Lower-Value Buyers
C1742,Company,F,USA,California,Home,5,No,Agency,53.5,3,1177856.21,392618.7366666666,524488.63,4295.37,1431.79,False,False,True,392618.7366666666,2,Higher-Value Property Buyers
C1743,Individual,F,Belgium,Flanders,Home,1,No,Client,53.5,3,839069.28,279689.76,283283.47,2645.35,881.7833333333333,False,False,False,279689.76,1,Mainstream Lower-Value Buyers
C1744,Individual,M,Russia,Krasnodar Krai,Investment,1,No,Website,53.5,4,1320002.42,330000.605,415154.19,4368.34,1092.085,True,False,False,330000.605,1,Mainstream Lower-Value Buyers
C1745,Individual,F,USA,California,Home,1,No,Website,53.5,3,1261495.5,420498.5,563558.93,4462.98,1487.66,False,False,False,420498.5,2,Higher-Value Property Buyers
C1746,Individual,F,Belgium,Flanders,Home,3,No,Website,53.5,3,793835.85,264611.95,389328.46,2622.57,874.19,False,False,False,264611.95,1,Mainstream Lower-Value Buyers
C1747,Individual,M,USA,Colorado,Home,5,No,Client,53.5,3,1016661.44,338887.14666666667,468372.55,3177.45,1059.15,False,False,False,338887.14666666667,1,Mainstream Lower-Value Buyers
C1748,Individual,M,USA,California,Home,4,Yes,Website,73.1,3,1112272.46,370757.4866666666,566107.2,3823.56,1274.52,False,True,False,370757.4866666666,2,Higher-Value Property Buyers
C1749,Individual,M,USA,California,Home,3,No,Website,53.5,3,832665.62,277555.20666666667,388898.15,2586.32,862.1066666666666,False,False,False,277555.20666666667,1,Mainstream Lower-Value Buyers
C1750,Company,M,USA,Colorado,Home,3,No,Website,33.0,4,1497163.73,374290.9325,509429.47,4600.8,1150.2,False,False,True,374290.9325,2,Higher-Value Property Buyers
C1751,Individual,F,USA,Ohio,Home,5,No,Website,53.5,4,873120.47,218280.1175,231620.61,2803.13,700.7825,False,False,False,218280.1175,1,Mainstream Lower-Value Buyers
C1752,Individual,M,USA,California,Investment,1,Yes,Website,43.9,3,1119600.47,373200.1566666667,421157.07,3457.79,1152.5966666666666,True,True,False,373200.1566666667,1,Mainstream Lower-Value Buyers
C1753,Individual,M,USA,Georgia,Investment,3,Yes,Website,53.5,3,770077.48,256692.4933333333,425499.05,2892.8,964.2666666666668,True,True,False,256692.4933333333,1,Mainstream Lower-Value Buyers
C1754,Individual,M,USA,Virginia,Home,2,Yes,Website,28.1,3,1361555.24,453851.7466666666,506527.22,4415.7,1471.9,False,True,False,453851.7466666666,2,Higher-Value Property Buyers
C1755,Individual,M,USA,Nevada,Home,1,Yes,Website,53.5,3,672116.9199999999,224038.9733333333,285197.86,2328.73,776.2433333333333,False,True,False,224038.9733333333,1,Mainstream Lower-Value Buyers
C1756,Individual,M,USA,Utah,Home,1,No,Website,53.5,4,1481404.39,370351.0975,529820.54,4584.06,1146.015,False,False,False,370351.0975,2,Higher-Value Property Buyers
C1757,Individual,M,Germany,Bavaria,Home,3,No,Client,38.5,3,1125366.62,375122.2066666667,477602.23,3546.24,1182.08,False,False,False,375122.2066666667,2,Higher-Value Property Buyers
C1758,Individual,M,USA,Oregon,Investment,4,Yes,Agency,53.5,4,1006481.18,251620.295,321342.19,3204.26,801.065,True,True,False,251620.295,1,Mainstream Lower-Value Buyers
C1759,Individual,M,USA,California,Investment,1,No,Website,49.2,4,1031917.22,257979.305,386654.16,3325.88,831.47,True,False,False,257979.305,1,Mainstream Lower-Value Buyers
C1760,Individual,F,Belgium,Brussels,Home,2,No,Website,48.2,4,1454358.32,363589.58,484534.28,5061.53,1265.3825,False,False,False,363589.58,2,Higher-Value Property Buyers
C1761,Individual,M,USA,Washington,Home,1,No,Website,69.0,4,1181772.43,295443.1075,541585.04,3889.34,972.335,False,False,False,295443.1075,1,Mainstream Lower-Value Buyers
C1762,Individual,M,USA,Virginia,Home,1,No,Website,53.5,3,1023352.22,341117.4066666667,399439.17,3272.84,1090.9466666666667,False,False,False,341117.4066666667,1,Mainstream Lower-Value Buyers
C1763,Individual,F,USA,New York,Home,3,No,Website,53.5,4,1789381.67,447345.4175,654120.74,5498.34,1374.585,False,False,False,447345.4175,2,Higher-Value Property Buyers
C1764,Individual,F,USA,Nevada,Home,2,No,Agency,77.2,4,1668335.18,417083.795,575177.72,5355.599999999999,1338.9,False,False,False,417083.795,2,Higher-Value Property Buyers
C1765,Individual,F,USA,Colorado,Home,1,Yes,Client,26.7,4,1734167.51,433541.8775,550819.24,6308.93,1577.2325,False,True,False,433541.8775,2,Higher-Value Property Buyers
C1766,Individual,F,USA,California,Home,4,No,Website,30.7,4,1371247.08,342811.77,562229.33,4285.57,1071.3925,False,False,False,342811.77,2,Higher-Value Property Buyers
C1767,Individual,M,USA,Colorado,Home,3,No,Website,53.5,4,1455838.91,363959.7275,564116.06,4493.27,1123.3175,False,False,False,363959.7275,2,Higher-Value Property Buyers
C1768,Individual,F,Russia,Saint Petersburg,Home,4,No,Website,80.8,4,985105.21,246276.3025,377838.86,3338.63,834.6575,False,False,False,246276.3025,1,Mainstream Lower-Value Buyers
C1769,Company,M,USA,Oregon,Home,1,Yes,Client,53.5,3,985909.0,328636.3333333333,484144.21,3304.65,1101.55,False,True,True,328636.3333333333,1,Mainstream Lower-Value Buyers
C1770,Individual,F,USA,Washington,Home,1,Yes,Agency,53.5,3,1334771.42,444923.8066666666,616403.86,4407.54,1469.18,False,True,False,444923.8066666666,2,Higher-Value Property Buyers
C1771,Company,M,USA,Georgia,Home,3,Yes,Client,53.5,3,1280895.97,426965.3233333333,556838.33,4306.99,1435.6633333333332,False,True,True,426965.3233333333,2,Higher-Value Property Buyers
C1772,Company,F,Canada,Alberta,Investment,5,Yes,Agency,53.5,4,1105281.92,276320.48,401863.68,4063.47,1015.8675,True,True,True,276320.48,1,Mainstream Lower-Value Buyers
C1773,Individual,M,USA,Nevada,Investment,3,Yes,Agency,53.5,4,1284141.19,321035.2975,445068.24,3938.59,984.6475,True,True,False,321035.2975,1,Mainstream Lower-Value Buyers
C1774,Individual,M,USA,Oregon,Home,4,No,Agency,53.5,4,1169335.49,292333.8725,399457.77,4034.65,1008.6625,False,False,False,292333.8725,1,Mainstream Lower-Value Buyers
C1775,Individual,F,USA,California,Home,3,No,Agency,53.2,4,1414776.99,353694.2475,496847.34,4411.889999999999,1102.9725,False,False,False,353694.2475,2,Higher-Value Property Buyers
C1776,Individual,F,France,Occitanie,Home,1,No,Website,50.3,3,1071718.4,357239.4666666666,439467.59,3588.52,1196.1733333333334,False,False,False,357239.4666666666,1,Mainstream Lower-Value Buyers
C1777,Individual,M,USA,California,Investment,5,No,Client,53.5,3,784629.95,261543.31666666665,341503.87,2701.38,900.46,True,False,False,261543.31666666665,1,Mainstream Lower-Value Buyers
C1778,Individual,M,USA,Georgia,Investment,4,Yes,Website,30.0,3,1216664.8199999998,405554.94,514358.91,4019.19,1339.73,True,True,False,405554.94,2,Higher-Value Property Buyers
C1779,Individual,F,USA,California,Home,5,No,Client,53.5,4,1563236.5499999998,390809.1375,595227.23,5148.4,1287.1,False,False,False,390809.1375,2,Higher-Value Property Buyers
C1780,Individual,M,USA,Utah,Investment,1,No,Website,53.5,4,1735557.15,433889.2875,543401.76,5366.86,1341.715,True,False,False,433889.2875,2,Higher-Value Property Buyers
C1781,Individual,F,USA,California,Home,4,No,Website,55.2,4,1383316.42,345829.105,524713.99,4656.06,1164.015,False,False,False,345829.105,2,Higher-Value Property Buyers
C1782,Individual,F,UK,England,Investment,1,No,Website,24.1,4,897646.55,224411.6375,281637.63,3134.56,783.64,True,False,False,224411.6375,1,Mainstream Lower-Value Buyers
C1783,Individual,M,USA,California,Home,3,No,Website,69.8,4,1136482.92,284120.73,387708.89,3535.22,883.805,False,False,False,284120.73,1,Mainstream Lower-Value Buyers
C1784,Individual,M,Australia,Western Australia,Home,3,No,Client,53.5,4,1352274.53,338068.6325,441900.44,4427.49,1106.8725,False,False,False,338068.6325,1,Mainstream Lower-Value Buyers
C1785,Individual,F,USA,Colorado,Home,1,Yes,Website,53.5,3,1006568.23,335522.74333333335,370207.67,3469.69,1156.5633333333333,False,True,False,335522.74333333335,1,Mainstream Lower-Value Buyers
C1786,Individual,M,USA,California,Home,1,No,Website,28.8,4,1247095.22,311773.805,581591.93,4409.09,1102.2725,False,False,False,311773.805,1,Mainstream Lower-Value Buyers
C1787,Individual,M,USA,Georgia,Investment,5,No,Agency,53.5,4,1289585.42,322396.355,528523.4,4117.52,1029.38,True,False,False,322396.355,1,Mainstream Lower-Value Buyers
C1788,Individual,M,USA,California,Home,3,No,Website,53.5,3,1116876.81,372292.27,495478.74,3467.09,1155.6966666666667,False,False,False,372292.27,2,Higher-Value Property Buyers
C1789,Individual,M,USA,Colorado,Home,5,Yes,Agency,53.5,3,1359605.1,453201.7,470652.98,4580.87,1526.9566666666667,False,True,False,453201.7,2,Higher-Value Property Buyers
C1790,Individual,M,USA,Nevada,Investment,5,No,Client,53.5,4,1335521.08,333880.27,402189.34,4639.87,1159.9675,True,False,False,333880.27,1,Mainstream Lower-Value Buyers
C1791,Individual,M,USA,California,Home,5,No,Agency,53.5,3,894512.8,298170.93333333335,358882.77,3150.24,1050.08,False,False,False,298170.93333333335,1,Mainstream Lower-Value Buyers
C1792,Individual,M,USA,California,Home,3,No,Agency,53.5,4,1948563.24,487140.81,566173.43,6705.53,1676.3825,False,False,False,487140.81,2,Higher-Value Property Buyers
C1793,Individual,M,USA,Utah,Investment,1,No,Website,54.7,4,1317525.03,329381.2575,538098.62,4408.32,1102.08,True,False,False,329381.2575,1,Mainstream Lower-Value Buyers
C1794,Individual,M,USA,Colorado,Home,3,No,Website,53.5,4,1378476.06,344619.015,460529.82,4550.35,1137.5875,False,False,False,344619.015,2,Higher-Value Property Buyers
C1795,Individual,M,USA,California,Home,5,Yes,Website,78.1,4,1058019.94,264504.985,334197.72,3308.8,827.2,False,True,False,264504.985,1,Mainstream Lower-Value Buyers
C1796,Individual,F,USA,California,Investment,5,Yes,Client,53.5,3,1158919.94,386306.64666666667,425005.86,3859.45,1286.4833333333331,True,True,False,386306.64666666667,2,Higher-Value Property Buyers
C1797,Individual,F,USA,Oregon,Home,3,Yes,Website,53.5,3,910545.92,303515.30666666664,337603.6,3100.86,1033.62,False,True,False,303515.30666666664,1,Mainstream Lower-Value Buyers
C1798,Individual,M,USA,Arizona,Investment,1,Yes,Website,57.4,4,1601121.79,400280.4475,575322.53,5055.84,1263.96,True,True,False,400280.4475,2,Higher-Value Property Buyers
C1799,Individual,F,USA,Colorado,Home,5,No,Agency,74.0,4,1022792.49,255698.1225,365006.8,3294.65,823.6625,False,False,False,255698.1225,1,Mainstream Lower-Value Buyers
C1800,Individual,M,USA,Oregon,Home,1,No,Client,53.5,3,1120963.1,373654.3666666667,539648.88,3904.95,1301.65,False,False,False,373654.3666666667,2,Higher-Value Property Buyers
C1801,Individual,M,USA,California,Home,5,Yes,Website,59.9,3,1473065.73,491021.91,734629.38,4268.91,1422.97,False,True,False,491021.91,2,Higher-Value Property Buyers
C1802,Individual,M,USA,Nevada,Investment,1,No,Client,53.5,4,1155979.49,288994.8725,386196.25,4046.35,1011.5875,True,False,False,288994.8725,1,Mainstream Lower-Value Buyers
C1803,Individual,F,Canada,Quebec,Investment,5,No,Agency,53.5,3,1329728.19,443242.73,588353.61,4331.9400000000005,1443.9800000000002,True,False,False,443242.73,2,Higher-Value Property Buyers
C1804,Individual,M,USA,California,Home,1,No,Website,34.8,4,1735376.55,433844.1375,563448.9,6016.389999999999,1504.0975,False,False,False,433844.1375,2,Higher-Value Property Buyers
C1805,Individual,M,UK,Northern Ireland,Investment,3,No,Website,71.0,4,1871670.17,467917.5425,553251.13,6797.47,1699.3675,True,False,False,467917.5425,2,Higher-Value Property Buyers
C1806,Individual,F,Australia,New South Wales,Investment,2,No,Agency,53.5,3,974821.86,324940.62,463318.62,3147.92,1049.3066666666666,True,False,False,324940.62,1,Mainstream Lower-Value Buyers
C1807,Individual,F,France,Brittany,Home,5,No,Website,66.9,3,1520931.78,506977.26,720719.85,4407.54,1469.18,False,False,False,506977.26,2,Higher-Value Property Buyers
C1808,Individual,F,USA,Washington,Investment,2,No,Client,34.0,4,1102931.4500000002,275732.86250000005,411172.03,3957.84,989.46,True,False,False,275732.86250000005,1,Mainstream Lower-Value Buyers
C1809,Individual,F,USA,New York,Home,4,Yes,Agency,42.7,4,1221253.05,305313.2625,435031.56,4417.17,1104.2925,False,True,False,305313.2625,1,Mainstream Lower-Value Buyers
C1810,Individual,F,USA,Texas,Home,3,No,Agency,79.0,3,991862.87,330620.95666666667,445150.57,3415.27,1138.4233333333334,False,False,False,330620.95666666667,1,Mainstream Lower-Value Buyers
C1811,Individual,F,USA,California,Home,3,Yes,Agency,53.5,4,1189519.9,297379.975,503113.61,4118.92,1029.73,False,True,False,297379.975,1,Mainstream Lower-Value Buyers
C1812,Individual,M,France,Provence,Home,5,Yes,Website,53.5,4,1080880.0,270220.0,406648.6,3823.05,955.7625,False,True,False,270220.0,1,Mainstream Lower-Value Buyers
C1813,Individual,M,Germany,Hamburg,Investment,3,Yes,Website,76.1,4,1552316.39,388079.0975,520934.42,5178.58,1294.645,True,True,False,388079.0975,2,Higher-Value Property Buyers
C1814,Individual,M,Denmark,North Denmark,Home,2,No,Website,36.7,4,1303261.99,325815.4975,392801.93,4612.33,1153.0825,False,False,False,325815.4975,1,Mainstream Lower-Value Buyers
C1815,Individual,M,USA,California,Home,5,No,Agency,53.5,4,1182628.3,295657.075,549102.55,3768.14,942.035,False,False,False,295657.075,1,Mainstream Lower-Value Buyers
C1816,Individual,M,Canada,Quebec,Home,2,No,Website,61.7,4,1078876.87,269719.2175,390892.15,3639.93,909.9825,False,False,False,269719.2175,1,Mainstream Lower-Value Buyers
C1817,Individual,F,USA,Virginia,Home,1,No,Agency,53.5,3,1240667.65,413555.8833333333,559209.89,4236.06,1412.0199999999998,False,False,False,413555.8833333333,2,Higher-Value Property Buyers
C1818,Individual,F,USA,Washington,Investment,5,Yes,Website,53.5,3,814797.06,271599.02,309389.23,2554.28,851.4266666666667,True,True,False,271599.02,1,Mainstream Lower-Value Buyers
C1819,Individual,M,Russia,Krasnodar Krai,Home,1,No,Website,60.9,3,1067644.33,355881.44333333336,405297.57,4019.24,1339.746666666667,False,False,False,355881.44333333336,1,Mainstream Lower-Value Buyers
C1820,Individual,M,France,Provence,Home,3,No,Website,53.5,4,970434.94,242608.735,338313.48,3363.49,840.8725,False,False,False,242608.735,1,Mainstream Lower-Value Buyers
C1821,Individual,M,USA,Nevada,Home,5,No,Website,53.5,4,1733692.62,433423.155,662403.71,4979.219999999999,1244.8049999999998,False,False,False,433423.155,2,Higher-Value Property Buyers
C1822,Individual,M,USA,Oregon,Investment,5,Yes,Website,53.5,4,1388147.75,347036.9375,488803.45,4739.24,1184.81,True,True,False,347036.9375,2,Higher-Value Property Buyers
C1823,Individual,M,USA,Oregon,Home,4,Yes,Website,56.4,3,993925.86,331308.62,454589.3,2984.48,994.8266666666668,False,True,False,331308.62,1,Mainstream Lower-Value Buyers
C1824,Individual,M,USA,California,Home,3,No,Website,61.3,4,945036.97,236259.2425,301253.43,3431.03,857.7574999999999,False,False,False,236259.2425,1,Mainstream Lower-Value Buyers
C1825,Individual,M,Mexico,Nuevo Leon,Home,2,No,Agency,53.5,4,948769.93,237192.4825,359484.97,3210.85,802.7125,False,False,False,237192.4825,1,Mainstream Lower-Value Buyers
C1826,Individual,M,USA,Ohio,Home,4,No,Client,72.6,4,1300035.21,325008.8025,402845.37,4638.13,1159.5325,False,False,False,325008.8025,1,Mainstream Lower-Value Buyers
C1827,Individual,M,USA,New York,Home,5,Yes,Website,51.0,4,1221529.77,305382.4425,483612.33,3954.87,988.7175,False,True,False,305382.4425,1,Mainstream Lower-Value Buyers
C1828,Individual,M,USA,California,Investment,2,Yes,Website,53.5,4,1199213.25,299803.3125,500475.25,4456.85,1114.2125,True,True,False,299803.3125,1,Mainstream Lower-Value Buyers
C1829,Individual,F,USA,California,Home,5,Yes,Agency,53.5,3,1194095.83,398031.94333333336,544862.08,4182.63,1394.21,False,True,False,398031.94333333336,2,Higher-Value Property Buyers
C1830,Individual,F,USA,Arizona,Home,3,No,Website,53.5,3,1363309.64,454436.5466666666,518130.19,4462.98,1487.66,False,False,False,454436.5466666666,2,Higher-Value Property Buyers
C1831,Individual,F,Russia,Tatarstan,Home,3,No,Website,53.5,4,1004720.27,251180.0675,416215.94,3889.34,972.335,False,False,False,251180.0675,1,Mainstream Lower-Value Buyers
C1832,Individual,M,USA,Oregon,Investment,1,Yes,Website,53.5,4,1282390.94,320597.735,582747.93,4413.29,1103.3225,True,True,False,320597.735,2,Higher-Value Property Buyers
C1833,Individual,F,USA,Arizona,Investment,1,Yes,Website,53.5,3,1132086.83,377362.2766666667,454723.5,4071.58,1357.1933333333334,True,True,False,377362.2766666667,2,Higher-Value Property Buyers
C1834,Individual,M,Belgium,Flanders,Investment,5,No,Agency,53.5,4,1222274.6,305568.65,484614.3,3795.34,948.835,True,False,False,305568.65,1,Mainstream Lower-Value Buyers
C1835,Individual,F,Canada,Alberta,Investment,4,Yes,Agency,53.5,3,739211.6,246403.86666666667,362373.17,2549.24,849.7466666666668,True,True,False,246403.86666666667,1,Mainstream Lower-Value Buyers
C1836,Individual,F,USA,California,Investment,1,Yes,Website,63.2,4,1213775.31,303443.8275,433286.92,3835.02,958.755,True,True,False,303443.8275,1,Mainstream Lower-Value Buyers
C1837,Individual,F,USA,California,Home,2,Yes,Client,73.7,4,1507583.69,376895.9225,523732.73,5333.11,1333.2775,False,True,False,376895.9225,2,Higher-Value Property Buyers
C1838,Individual,F,Canada,Alberta,Investment,1,No,Agency,53.5,4,1266344.58,316586.145,394185.4,4123.32,1030.83,True,False,False,316586.145,1,Mainstream Lower-Value Buyers
C1839,Individual,M,USA,California,Investment,2,No,Agency,53.5,4,967894.54,241973.635,328156.51,3285.42,821.355,True,False,False,241973.635,1,Mainstream Lower-Value Buyers
C1840,Individual,M,UK,England,Investment,3,No,Website,53.5,3,911506.03,303835.3433333333,490529.51,3194.2,1064.7333333333331,True,False,False,303835.3433333333,1,Mainstream Lower-Value Buyers
C1841,Individual,M,USA,New York,Home,4,No,Website,53.5,4,1612088.13,403022.0325,556524.23,5498.34,1374.585,False,False,False,403022.0325,2,Higher-Value Property Buyers
C1842,Company,M,Canada,Alberta,Home,3,Yes,Agency,45.2,3,1252827.37,417609.12333333335,592554.14,4222.54,1407.513333333333,False,True,True,417609.12333333335,2,Higher-Value Property Buyers
C1843,Individual,M,Germany,Hesse,Home,4,No,Website,53.5,4,1487849.65,371962.4125,564487.75,4875.36,1218.84,False,False,False,371962.4125,2,Higher-Value Property Buyers
C1844,Individual,F,USA,Ohio,Home,1,No,Agency,53.5,4,1033138.51,258284.6275,364629.72,3351.52,837.88,False,False,False,258284.6275,1,Mainstream Lower-Value Buyers
C1845,Individual,M,USA,California,Investment,1,Yes,Website,74.3,3,889124.6799999999,296374.8933333333,561305.34,2916.16,972.0533333333332,True,True,False,296374.8933333333,1,Mainstream Lower-Value Buyers
C1846,Individual,F,Russia,Novosibirsk,Home,5,Yes,Agency,53.5,3,886017.55,295339.18333333335,359371.65,2942.61,980.87,False,True,False,295339.18333333335,1,Mainstream Lower-Value Buyers
C1847,Individual,M,USA,Utah,Home,4,No,Website,71.8,4,1080850.85,270212.7125,539787.73,3438.85,859.7125,False,False,False,270212.7125,1,Mainstream Lower-Value Buyers
C1848,Individual,F,USA,California,Home,2,No,Website,53.5,4,1595352.82,398838.205,598972.24,5180.389999999999,1295.0975,False,False,False,398838.205,2,Higher-Value Property Buyers
C1849,Individual,M,Canada,Alberta,Investment,3,Yes,Website,47.3,3,1019239.08,339746.36,386163.72,3050.29,1016.7633333333332,True,True,False,339746.36,1,Mainstream Lower-Value Buyers
C1850,Individual,M,USA,New York,Investment,5,Yes,Agency,53.5,4,1380990.75,345247.6875,514705.32,4706.74,1176.685,True,True,False,345247.6875,2,Higher-Value Property Buyers
C1851,Individual,F,UK,England,Home,3,Yes,Agency,69.6,4,1552543.97,388135.9925,568142.17,4614.23,1153.5575,False,True,False,388135.9925,2,Higher-Value Property Buyers
C1852,Individual,F,USA,Virginia,Home,4,No,Website,53.5,3,1674072.07,558024.0233333333,662938.18,5201.04,1733.68,False,False,False,558024.0233333333,2,Higher-Value Property Buyers
C1853,Individual,F,USA,Virginia,Investment,4,No,Website,53.5,4,1207329.15,301832.2875,474524.95,4050.23,1012.5575,True,False,False,301832.2875,1,Mainstream Lower-Value Buyers
C1854,Company,M,France,Ile-de-France,Investment,1,No,Client,53.5,4,1387997.02,346999.255,585205.19,4417.17,1104.2925,True,False,True,346999.255,2,Higher-Value Property Buyers
C1855,Individual,F,USA,California,Home,2,Yes,Website,39.9,4,1117305.86,279326.465,409255.12,3498.51,874.6275,False,True,False,279326.465,1,Mainstream Lower-Value Buyers
C1856,Company,M,USA,Virginia,Home,2,No,Website,53.5,3,1216231.4300000002,405410.47666666674,586091.18,4002.3,1334.1,False,False,True,405410.47666666674,2,Higher-Value Property Buyers
C1857,Individual,M,USA,California,Investment,2,Yes,Website,53.5,3,919814.94,306604.98,372884.46,2797.11,932.37,True,True,False,306604.98,1,Mainstream Lower-Value Buyers
C1858,Individual,F,USA,Colorado,Home,5,No,Website,65.6,3,1161958.29,387319.43,516468.06,3802.76,1267.5866666666668,False,False,False,387319.43,2,Higher-Value Property Buyers
C1859,Individual,M,USA,California,Home,5,Yes,Client,53.5,4,1087561.59,271890.3975,380297.96,3449.12,862.28,False,True,False,271890.3975,1,Mainstream Lower-Value Buyers
C1860,Company,F,USA,California,Home,4,Yes,Agency,53.5,4,1661197.49,415299.3725,496217.67,5355.599999999999,1338.9,False,True,True,415299.3725,2,Higher-Value Property Buyers
C1861,Individual,M,USA,California,Investment,3,Yes,Website,42.0,4,1475178.95,368794.7375,508804.43,4959.610000000001,1239.9025,True,True,False,368794.7375,2,Higher-Value Property Buyers
C1862,Individual,M,USA,California,Home,1,Yes,Website,53.5,3,988771.17,329590.39,462577.28,3230.07,1076.69,False,True,False,329590.39,1,Mainstream Lower-Value Buyers
C1863,Individual,F,UK,Scotland,Home,3,No,Website,75.8,4,1281313.02,320328.255,462169.28,4156.76,1039.19,False,False,False,320328.255,1,Mainstream Lower-Value Buyers
C1864,Individual,F,USA,New York,Home,5,Yes,Website,53.5,4,1131730.6,282932.65,494313.18,4109.3,1027.325,False,True,False,282932.65,1,Mainstream Lower-Value Buyers
C1865,Individual,M,USA,Arizona,Investment,4,No,Website,50.0,3,1092253.24,364084.4133333333,423654.2,3588.52,1196.1733333333334,True,False,False,364084.4133333333,1,Mainstream Lower-Value Buyers
C1866,Individual,F,USA,Nevada,Home,2,No,Agency,53.5,4,1620195.43,405048.8575,490055.89,5521.04,1380.26,False,False,False,405048.8575,2,Higher-Value Property Buyers
C1867,Individual,M,USA,California,Home,2,Yes,Website,53.5,3,761781.8,253927.2666666667,423673.58,2373.1200000000003,791.0400000000001,False,True,False,253927.2666666667,1,Mainstream Lower-Value Buyers
C1868,Individual,F,UK,Wales,Home,1,No,Website,53.5,4,1469394.43,367348.6075,537563.89,4793.49,1198.3725,False,False,False,367348.6075,2,Higher-Value Property Buyers
C1869,Individual,F,Mexico,Nuevo Leon,Home,5,No,Client,48.2,4,1335399.36,333849.84,457748.53,4530.95,1132.7375,False,False,False,333849.84,1,Mainstream Lower-Value Buyers
C1870,Individual,M,USA,Washington,Investment,1,No,Agency,53.5,3,680865.94,226955.31333333327,295517.69,2528.04,842.68,True,False,False,226955.31333333327,1,Mainstream Lower-Value Buyers
C1871,Individual,F,USA,Texas,Home,1,Yes,Website,53.5,4,1096466.77,274116.6925,361953.92,4001.66,1000.415,False,True,False,274116.6925,1,Mainstream Lower-Value Buyers
C1872,Individual,M,Mexico,Mexico City,Home,5,No,Client,53.5,3,1284121.27,428040.4233333333,542533.89,4356.79,1452.263333333333,False,False,False,428040.4233333333,2,Higher-Value Property Buyers
C1873,Individual,F,Canada,British Columbia,Home,5,No,Agency,64.8,4,841611.53,210402.8825,357647.97,2909.06,727.265,False,False,False,210402.8825,1,Mainstream Lower-Value Buyers
C1874,Individual,M,USA,Colorado,Investment,1,No,Agency,53.5,3,1058361.99,352787.33,463077.47,3375.51,1125.17,True,False,False,352787.33,1,Mainstream Lower-Value Buyers
C1875,Individual,F,USA,Nevada,Home,2,No,Client,53.5,3,1220153.86,406717.9533333333,492821.75,4019.19,1339.73,False,False,False,406717.9533333333,2,Higher-Value Property Buyers
C1876,Company,M,USA,Ohio,Investment,4,Yes,Website,53.5,3,1543986.34,514662.1133333333,676167.22,4571.08,1523.6933333333334,True,True,True,514662.1133333333,2,Higher-Value Property Buyers
C1877,Individual,M,USA,Arizona,Home,5,No,Agency,53.5,3,905899.79,301966.5966666667,470763.27,3024.39,1008.13,False,False,False,301966.5966666667,1,Mainstream Lower-Value Buyers
C1878,Individual,M,USA,Washington,Home,5,No,Agency,56.2,3,958603.36,319534.4533333333,508552.39,3292.31,1097.4366666666667,False,False,False,319534.4533333333,1,Mainstream Lower-Value Buyers
C1879,Individual,F,USA,New York,Home,3,No,Website,53.5,3,1536294.68,512098.2266666666,584091.39,4512.84,1504.28,False,False,False,512098.2266666666,2,Higher-Value Property Buyers
C1880,Individual,F,USA,California,Home,5,Yes,Client,53.5,4,1319939.53,329984.8825,543500.27,4213.08,1053.27,False,True,False,329984.8825,1,Mainstream Lower-Value Buyers
C1881,Individual,F,USA,Oregon,Home,2,Yes,Website,53.5,3,972731.09,324243.6966666667,392351.64,3381.45,1127.15,False,True,False,324243.6966666667,1,Mainstream Lower-Value Buyers
C1882,Individual,F,USA,Virginia,Investment,3,No,Website,53.5,3,884144.1,294714.7,437974.4,2803.3,934.4333333333334,True,False,False,294714.7,1,Mainstream Lower-Value Buyers
C1883,Individual,M,USA,California,Home,1,No,Agency,82.9,4,1877399.32,469349.83,597724.45,5956.44,1489.11,False,False,False,469349.83,2,Higher-Value Property Buyers
C1884,Individual,M,USA,Nevada,Home,5,Yes,Website,69.4,3,930994.21,310331.4033333334,528465.5,2992.24,997.4133333333332,False,True,False,310331.4033333334,1,Mainstream Lower-Value Buyers
C1885,Individual,M,Germany,Hamburg,Home,1,Yes,Agency,53.5,4,1740983.97,435245.9925,519657.03,6256.31,1564.0775,False,True,False,435245.9925,2,Higher-Value Property Buyers
C1886,Individual,F,USA,California,Home,5,No,Website,53.5,3,774293.9299999999,258097.97666666663,317660.44,2528.04,842.68,False,False,False,258097.97666666663,1,Mainstream Lower-Value Buyers
C1887,Individual,F,USA,Oregon,Investment,1,No,Agency,38.0,3,822999.76,274333.25333333336,414588.69,2823.63,941.21,True,False,False,274333.25333333336,1,Mainstream Lower-Value Buyers
C1888,Individual,M,USA,California,Home,3,No,Website,61.4,4,981962.01,245490.5025,317102.87,3283.69,820.9224999999999,False,False,False,245490.5025,1,Mainstream Lower-Value Buyers
C1889,Individual,M,USA,California,Home,4,Yes,Website,36.5,3,1193609.3,397869.76666666666,425609.69,3617.89,1205.9633333333334,False,True,False,397869.76666666666,2,Higher-Value Property Buyers
C1890,Individual,M,Canada,Ontario,Home,4,No,Client,69.8,4,1209659.27,302414.8175,483647.09,4168.6900000000005,1042.1725,False,False,False,302414.8175,1,Mainstream Lower-Value Buyers
C1891,Individual,M,USA,Oregon,Home,2,No,Agency,51.6,4,1466482.7999999998,366620.7,460945.04,4979.219999999999,1244.8049999999998,False,False,False,366620.7,2,Higher-Value Property Buyers
C1892,Individual,F,USA,Nevada,Investment,5,Yes,Agency,72.6,3,978638.94,326212.98,448573.99,3100.45,1033.4833333333331,True,True,False,326212.98,1,Mainstream Lower-Value Buyers
C1893,Individual,F,USA,Washington,Home,1,Yes,Website,53.5,4,1458732.84,364683.21,554107.09,4584.06,1146.015,False,True,False,364683.21,2,Higher-Value Property Buyers
C1894,Individual,F,USA,Texas,Investment,4,No,Website,79.8,4,1284918.37,321229.5925,396878.27,4111.24,1027.81,True,False,False,321229.5925,1,Mainstream Lower-Value Buyers
C1895,Company,M,USA,Nevada,Investment,4,No,Agency,55.0,3,1170571.86,390190.62000000005,564033.78,3925.54,1308.513333333333,True,False,True,390190.62000000005,2,Higher-Value Property Buyers
C1896,Individual,M,USA,Virginia,Investment,3,No,Agency,53.5,3,1158311.0,386103.6666666667,572824.93,3417.46,1139.1533333333334,True,False,False,386103.6666666667,2,Higher-Value Property Buyers
C1897,Individual,F,Canada,Ontario,Home,2,No,Website,53.5,4,1108918.34,277229.585,444913.24,3766.44,941.61,False,False,False,277229.585,1,Mainstream Lower-Value Buyers
C1898,Individual,M,USA,New York,Home,1,Yes,Website,45.0,4,1159717.54,289929.385,403626.01,3807.28,951.82,False,True,False,289929.385,1,Mainstream Lower-Value Buyers
C1899,Individual,M,UK,England,Home,3,No,Website,27.7,3,1001627.28,333875.76,453922.16,3664.15,1221.3833333333334,False,False,False,333875.76,1,Mainstream Lower-Value Buyers
C1900,Individual,F,UK,England,Investment,4,No,Client,25.3,4,1185889.79,296472.4475,459585.99,4842.950000000001,1210.7375000000002,True,False,False,296472.4475,1,Mainstream Lower-Value Buyers
C1901,Individual,M,Canada,British Columbia,Home,4,No,Agency,53.5,4,1357680.7,339420.175,478845.33,4605.48,1151.37,False,False,False,339420.175,2,Higher-Value Property Buyers
C1902,Company,M,USA,Colorado,Investment,2,No,Agency,43.1,4,1127600.93,281900.2325,323302.12,3541.58,885.395,True,False,True,281900.2325,1,Mainstream Lower-Value Buyers
C1903,Individual,F,USA,Nevada,Home,2,No,Website,32.1,4,1453139.0699999998,363284.7675,452279.2,4770.88,1192.72,False,False,False,363284.7675,2,Higher-Value Property Buyers
C1904,Individual,M,USA,Texas,Home,2,Yes,Website,53.5,4,1337265.67,334316.4175,406088.62,4294.95,1073.7375,False,True,False,334316.4175,1,Mainstream Lower-Value Buyers
C1905,Individual,M,USA,Virginia,Home,1,No,Website,62.9,3,1180529.35,393509.7833333334,503790.55,4062.88,1354.2933333333333,False,False,False,393509.7833333334,2,Higher-Value Property Buyers
C1906,Individual,F,USA,California,Home,2,No,Agency,53.5,4,1487182.67,371795.6675,405665.29,4634.53,1158.6325,False,False,False,371795.6675,2,Higher-Value Property Buyers
C1907,Individual,M,USA,Colorado,Home,3,No,Website,73.8,4,1751481.15,437870.2875,545190.41,5396.8,1349.2,False,False,False,437870.2875,2,Higher-Value Property Buyers
C1908,Individual,F,USA,California,Home,2,No,Website,53.5,4,1543714.5,385928.625,465488.76,5297.54,1324.385,False,False,False,385928.625,2,Higher-Value Property Buyers
C1909,Individual,F,USA,California,Investment,2,No,Agency,38.1,3,1238663.76,412887.92,579919.91,3939.48,1313.16,True,False,False,412887.92,2,Higher-Value Property Buyers
C1910,Company,M,USA,California,Home,2,Yes,Agency,38.2,4,816793.9099999999,204198.4775,270241.73,2940.44,735.11,False,True,True,204198.4775,1,Mainstream Lower-Value Buyers
C1911,Individual,M,USA,California,Home,5,No,Agency,35.0,3,1195691.95,398563.9833333333,540051.95,3804.14,1268.0466666666669,False,False,False,398563.9833333333,2,Higher-Value Property Buyers
C1912,Individual,F,USA,Utah,Investment,1,No,Website,53.5,3,863871.21,287957.07,354725.86,2856.2200000000003,952.0733333333334,True,False,False,287957.07,1,Mainstream Lower-Value Buyers
C1913,Individual,M,France,Provence,Home,5,No,Website,43.1,4,1210353.53,302588.3825,410180.27,3888.98,972.245,False,False,False,302588.3825,1,Mainstream Lower-Value Buyers
C1914,Individual,F,UK,Scotland,Home,4,Yes,Website,53.5,3,1553786.78,517928.9266666667,608153.01,4754.2,1584.7333333333331,False,True,False,517928.9266666667,2,Higher-Value Property Buyers
C1915,Individual,F,USA,Arizona,Investment,4,No,Client,59.6,3,1015184.58,338394.86,498329.2,3230.07,1076.6899999999998,True,False,False,338394.86,1,Mainstream Lower-Value Buyers
C1916,Individual,M,USA,California,Investment,2,No,Website,53.5,3,1257058.52,419019.50666666665,485832.54,3911.33,1303.7766666666666,True,False,False,419019.50666666665,2,Higher-Value Property Buyers
C1917,Individual,F,Australia,New South Wales,Home,2,No,Client,53.5,4,1007433.23,251858.3075,371637.67,3283.69,820.9224999999999,False,False,False,251858.3075,1,Mainstream Lower-Value Buyers
C1918,Individual,F,USA,California,Home,1,No,Client,53.5,4,1019401.51,254850.3775,345383.67,3062.67,765.6675,False,False,False,254850.3775,1,Mainstream Lower-Value Buyers
C1919,Company,F,USA,Nevada,Investment,1,No,Website,53.5,4,1083015.76,270753.94,498317.73,3717.09,929.2725,True,False,True,270753.94,1,Mainstream Lower-Value Buyers
C1920,Individual,M,Germany,North Rhine-Westphalia,Home,5,No,Agency,53.5,4,1523588.92,380897.23,577630.33,5112.18,1278.045,False,False,False,380897.23,2,Higher-Value Property Buyers
C1921,Individual,F,France,Provence,Home,5,No,Website,53.5,3,980793.68,326931.2266666666,366009.11,3268.38,1089.46,False,False,False,326931.2266666666,1,Mainstream Lower-Value Buyers
C1922,Individual,F,USA,California,Home,1,No,Agency,36.0,3,1549836.17,516612.0566666666,654336.12,4776.37,1592.1233333333332,False,False,False,516612.0566666666,2,Higher-Value Property Buyers
C1923,Individual,F,Mexico,Jalisco,Investment,1,Yes,Client,76.8,4,1302917.16,325729.29,414731.61,4561.52,1140.38,True,True,False,325729.29,1,Mainstream Lower-Value Buyers
C1924,Individual,M,USA,California,Home,3,No,Client,66.0,4,1453954.37,363488.5925,486561.68,5013.23,1253.3075,False,False,False,363488.5925,2,Higher-Value Property Buyers
C1925,Individual,M,USA,Colorado,Home,2,No,Agency,53.5,4,1165252.94,291313.235,407382.75,4372.2,1093.05,False,False,False,291313.235,1,Mainstream Lower-Value Buyers
C1926,Individual,M,Mexico,Puebla,Home,1,Yes,Website,26.2,4,1238034.03,309508.5075,458341.23,4058.92,1014.73,False,True,False,309508.5075,1,Mainstream Lower-Value Buyers
C1927,Individual,F,USA,California,Investment,1,Yes,Website,71.2,4,1325474.94,331368.735,496630.54,5122.75,1280.6875,True,True,False,331368.735,2,Higher-Value Property Buyers
C1928,Individual,M,Australia,New South Wales,Home,4,Yes,Client,53.5,3,741930.22,247310.07333333333,278982.99,2208.13,736.0433333333334,False,True,False,247310.07333333333,1,Mainstream Lower-Value Buyers
C1929,Individual,F,Mexico,Jalisco,Home,1,Yes,Agency,53.5,4,1329874.96,332468.74,437806.03,4508.7,1127.175,False,True,False,332468.74,1,Mainstream Lower-Value Buyers
C1930,Individual,F,USA,Colorado,Investment,3,No,Agency,53.5,4,1184992.23,296248.0575,507885.52,3963.95,990.9875,True,False,False,296248.0575,1,Mainstream Lower-Value Buyers
C1931,Individual,F,USA,Utah,Home,5,Yes,Website,28.7,4,1323884.11,330971.0275,526514.11,4191.96,1047.99,False,True,False,330971.0275,1,Mainstream Lower-Value Buyers
C1932,Individual,F,USA,California,Investment,2,No,Website,53.5,4,1713149.19,428287.2975,551780.87,5368.610000000001,1342.1525,True,False,False,428287.2975,2,Higher-Value Property Buyers
C1933,Company,F,Australia,Queensland,Home,1,No,Client,29.7,3,822428.05,274142.68333333335,413006.8,2555.61,851.87,False,False,True,274142.68333333335,1,Mainstream Lower-Value Buyers
C1934,Individual,M,France,Ile-de-France,Investment,4,Yes,Client,53.5,4,1719384.46,429846.115,639415.77,5691.97,1422.9925,True,True,False,429846.115,2,Higher-Value Property Buyers
C1935,Individual,F,USA,Arizona,Home,5,No,Website,53.5,3,1205890.37,401963.4566666667,460353.21,4071.58,1357.1933333333334,False,False,False,401963.4566666667,2,Higher-Value Property Buyers
C1936,Individual,M,Russia,Krasnodar Krai,Home,1,Yes,Agency,53.5,3,965899.1,321966.3666666667,373735.42,2976.66,992.22,False,True,False,321966.3666666667,1,Mainstream Lower-Value Buyers
C1937,Individual,F,USA,Arizona,Home,3,Yes,Website,53.5,4,1707838.06,426959.515,553235.72,5677.28,1419.32,False,True,False,426959.515,2,Higher-Value Property Buyers
C1938,Individual,M,Canada,Quebec,Home,4,Yes,Website,53.5,3,1154671.2,384890.4,452275.63,3617.89,1205.9633333333334,False,True,False,384890.4,2,Higher-Value Property Buyers
C1939,Individual,F,USA,Florida,Investment,1,Yes,Agency,44.6,3,674304.95,224768.31666666665,327053.12,2517.4300000000003,839.1433333333334,True,True,False,224768.31666666665,1,Mainstream Lower-Value Buyers
C1940,Individual,F,Canada,Manitoba,Home,4,No,Agency,26.9,4,1403901.14,350975.28500000003,537290.74,4866.38,1216.595,False,False,False,350975.28500000003,2,Higher-Value Property Buyers
C1941,Individual,F,USA,Nevada,Home,5,No,Client,53.5,4,1368615.25,342153.8125,446979.46,4561.52,1140.38,False,False,False,342153.8125,1,Mainstream Lower-Value Buyers
C1942,Company,F,USA,Nevada,Home,2,Yes,Agency,39.1,3,1133984.52,377994.84,543673.09,3939.48,1313.16,False,True,True,377994.84,2,Higher-Value Property Buyers
C1943,Individual,M,USA,Arizona,Home,1,No,Website,51.0,3,967521.23,322507.07666666666,400543.99,3128.13,1042.71,False,False,False,322507.07666666666,1,Mainstream Lower-Value Buyers
C1944,Individual,M,USA,California,Investment,1,No,Website,53.5,4,1971083.93,492770.9825,607539.65,6410.68,1602.67,True,False,False,492770.9825,2,Higher-Value Property Buyers
C1945,Individual,M,Mexico,Mexico City,Investment,3,No,Website,53.5,4,1112541.88,278135.47,404942.23,3757.95,939.4875,True,False,False,278135.47,1,Mainstream Lower-Value Buyers
C1946,Individual,M,USA,California,Home,1,No,Agency,53.5,3,1056227.37,352075.79000000004,450915.03,3333.75,1111.25,False,False,False,352075.79000000004,1,Mainstream Lower-Value Buyers
C1947,Individual,M,USA,Nevada,Home,3,No,Website,44.9,3,1247905.56,415968.52,470318.22,3985.41,1328.47,False,False,False,415968.52,2,Higher-Value Property Buyers
C1948,Individual,F,USA,Arizona,Home,2,No,Agency,68.8,3,1530233.0,510077.6666666667,591831.53,4583.59,1527.8633333333337,False,False,False,510077.6666666667,2,Higher-Value Property Buyers
C1949,Individual,F,USA,Colorado,Home,2,Yes,Agency,53.5,3,1020270.72,340090.24,489550.72,3823.56,1274.52,False,True,False,340090.24,1,Mainstream Lower-Value Buyers
C1950,Individual,M,USA,Ohio,Home,4,No,Agency,53.5,4,1033306.43,258326.6075,377128.4,3733.42,933.355,False,False,False,258326.6075,1,Mainstream Lower-Value Buyers
C1951,Individual,M,USA,Utah,Home,1,Yes,Website,27.3,4,1128864.17,282216.0425,454474.49,3889.34,972.335,False,True,False,282216.0425,1,Mainstream Lower-Value Buyers
C1952,Company,M,USA,Nevada,Home,3,No,Agency,31.7,3,1235262.65,411754.2166666666,575463.2,4354.610000000001,1451.5366666666669,False,False,True,411754.2166666666,2,Higher-Value Property Buyers
C1953,Individual,M,Germany,Bavaria,Home,1,Yes,Website,53.5,4,1199064.43,299766.1075,494656.28,3786.61,946.6525,False,True,False,299766.1075,1,Mainstream Lower-Value Buyers
C1954,Individual,F,Australia,Western Australia,Investment,3,No,Website,57.3,3,809731.0700000001,269910.3566666667,334529.95,2699.97,899.9899999999999,True,False,False,269910.3566666667,1,Mainstream Lower-Value Buyers
C1955,Individual,M,Canada,Quebec,Home,1,No,Website,53.5,4,1707150.06,426787.515,462288.76,5521.04,1380.26,False,False,False,426787.515,2,Higher-Value Property Buyers
C1956,Individual,F,USA,Oregon,Home,2,No,Agency,53.5,4,1224023.79,306005.9475,608146.84,3682.83,920.7075,False,False,False,306005.9475,1,Mainstream Lower-Value Buyers
C1957,Individual,M,USA,California,Home,4,Yes,Website,53.5,4,1318838.26,329709.565,430163.14,4600.8,1150.2,False,True,False,329709.565,1,Mainstream Lower-Value Buyers
C1958,Individual,F,USA,California,Home,3,No,Website,53.2,4,1567012.19,391753.0475,640625.73,5148.219999999999,1287.0549999999998,False,False,False,391753.0475,2,Higher-Value Property Buyers
C1959,Individual,F,USA,Texas,Home,1,No,Website,53.5,3,626084.02,208694.6733333333,304533.78,2259.94,753.3133333333334,False,False,False,208694.6733333333,1,Mainstream Lower-Value Buyers
C1960,Individual,F,USA,Colorado,Home,2,Yes,Website,36.4,3,1196488.96,398829.6533333333,529520.87,4051.48,1350.493333333333,False,True,False,398829.6533333333,2,Higher-Value Property Buyers
C1961,Individual,M,USA,California,Home,5,No,Agency,53.5,4,1289265.38,322316.345,501471.56,4553.99,1138.4975,False,False,False,322316.345,1,Mainstream Lower-Value Buyers
C1962,Individual,F,Mexico,Puebla,Home,5,No,Agency,28.4,3,971475.24,323825.08,398527.61,3324.31,1108.1033333333332,False,False,False,323825.08,1,Mainstream Lower-Value Buyers
C1963,Company,M,USA,Texas,Home,5,No,Website,55.8,3,983925.13,327975.04333333333,435919.77,3272.32,1090.7733333333333,False,False,True,327975.04333333333,1,Mainstream Lower-Value Buyers
C1964,Individual,M,USA,Virginia,Home,5,No,Agency,53.5,3,1149434.67,383144.89,501520.52,4077.72,1359.24,False,False,False,383144.89,2,Higher-Value Property Buyers
C1965,Individual,M,USA,California,Home,4,No,Agency,27.0,3,1489053.39,496351.13,517834.79,4737.9400000000005,1579.3133333333335,False,False,False,496351.13,2,Higher-Value Property Buyers
C1966,Individual,M,Canada,British Columbia,Home,1,No,Agency,59.9,4,1210176.2,302544.05,487865.86,4446.59,1111.6475,False,False,False,302544.05,1,Mainstream Lower-Value Buyers
C1967,Individual,M,USA,Oregon,Investment,4,No,Agency,66.2,3,747143.37,249047.79,340611.95,2577.79,859.2633333333333,True,False,False,249047.79,1,Mainstream Lower-Value Buyers
C1968,Individual,F,USA,California,Investment,3,Yes,Client,65.2,3,987718.99,329239.66333333333,421709.56,3218.1800000000003,1072.7266666666667,True,True,False,329239.66333333333,1,Mainstream Lower-Value Buyers
C1969,Individual,M,USA,Colorado,Investment,2,Yes,Agency,53.5,4,1030940.43,257735.1075,462830.35,3418.32,854.58,True,True,False,257735.1075,1,Mainstream Lower-Value Buyers
C1970,Individual,M,USA,Arizona,Investment,4,Yes,Website,53.5,3,1346312.7000000002,448770.9000000001,576990.75,4085.23,1361.743333333333,True,True,False,448770.9000000001,2,Higher-Value Property Buyers
C1971,Individual,F,USA,Virginia,Home,5,No,Website,53.5,3,673422.3200000001,224474.1066666667,274917.87,2326.7,775.5666666666666,False,False,False,224474.1066666667,1,Mainstream Lower-Value Buyers
C1972,Individual,F,USA,California,Home,4,Yes,Website,52.0,3,943260.84,314420.28,478022.04,3232.0,1077.3333333333333,False,True,False,314420.28,1,Mainstream Lower-Value Buyers
C1973,Company,M,USA,Washington,Home,4,Yes,Agency,53.5,4,1450499.68,362624.92,413926.08,4859.13,1214.7825,False,True,True,362624.92,2,Higher-Value Property Buyers
C1974,Individual,M,USA,Nevada,Home,5,Yes,Agency,73.7,4,968686.85,242171.7125,431287.44,3238.63,809.6575,False,True,False,242171.7125,1,Mainstream Lower-Value Buyers
C1975,Individual,F,Belgium,Wallonia,Home,4,No,Agency,48.4,3,985031.21,328343.73666666663,454364.35,3071.6400000000003,1023.88,False,False,False,328343.73666666663,1,Mainstream Lower-Value Buyers
C1976,Individual,M,USA,Florida,Home,5,No,Client,28.7,4,1146120.65,286530.1625,503445.63,4121.16,1030.29,False,False,False,286530.1625,1,Mainstream Lower-Value Buyers
C1977,Individual,M,USA,Virginia,Home,1,No,Website,29.7,4,2001430.43,500357.6075,608264.77,6308.93,1577.2325,False,False,False,500357.6075,2,Higher-Value Property Buyers
C1978,Company,F,USA,California,Investment,5,Yes,Website,56.9,3,1205900.67,401966.89,433524.31,3870.26,1290.0866666666668,True,True,True,401966.89,2,Higher-Value Property Buyers
C1979,Individual,M,USA,Colorado,Home,3,Yes,Agency,53.5,4,1287568.79,321892.1975,430285.43,4058.92,1014.73,False,True,False,321892.1975,1,Mainstream Lower-Value Buyers
C1980,Individual,F,USA,Texas,Investment,4,No,Website,67.6,4,1579565.09,394891.2725,588343.01,4915.33,1228.8325,True,False,False,394891.2725,2,Higher-Value Property Buyers
C1981,Individual,F,Canada,Quebec,Home,5,No,Agency,31.1,4,1440160.68,360040.17,498028.07,4983.74,1245.935,False,False,False,360040.17,2,Higher-Value Property Buyers
C1982,Individual,M,USA,California,Home,4,Yes,Website,76.3,3,1545398.56,515132.8533333333,553675.21,5008.04,1669.3466666666666,False,True,False,515132.8533333333,2,Higher-Value Property Buyers
C1983,Individual,M,UK,Northern Ireland,Home,3,No,Website,53.5,4,1317304.52,329326.13,411125.74,4281.9,1070.475,False,False,False,329326.13,1,Mainstream Lower-Value Buyers
C1984,Individual,M,USA,California,Home,4,No,Website,53.5,3,846287.21,282095.73666666663,315840.76,2983.56,994.52,False,False,False,282095.73666666663,1,Mainstream Lower-Value Buyers
C1985,Individual,M,UK,Scotland,Home,1,Yes,Agency,60.6,4,1149379.86,287344.965,344251.82,4058.92,1014.73,False,True,False,287344.965,1,Mainstream Lower-Value Buyers
C1986,Individual,M,USA,New York,Investment,1,No,Website,53.5,4,1442798.93,360699.7325,524650.21,4614.23,1153.5575,True,False,False,360699.7325,2,Higher-Value Property Buyers
C1987,Individual,M,Belgium,Wallonia,Investment,5,No,Website,53.5,4,1316082.96,329020.74,515152.93,4416.69,1104.1725,True,False,False,329020.74,1,Mainstream Lower-Value Buyers
C1988,Individual,M,USA,California,Home,5,Yes,Website,53.5,4,1301018.95,325254.7375,409994.99,3888.98,972.245,False,True,False,325254.7375,1,Mainstream Lower-Value Buyers
C1989,Individual,M,USA,Texas,Home,3,No,Agency,53.5,4,1380788.86,345197.215,505173.86,4541.3,1135.325,False,False,False,345197.215,2,Higher-Value Property Buyers
C1990,Individual,M,USA,Texas,Investment,5,No,Agency,53.5,3,1253745.81,417915.27,566711.76,3910.42,1303.4733333333334,True,False,False,417915.27,2,Higher-Value Property Buyers
C1991,Individual,F,USA,California,Home,3,No,Website,73.5,4,1134341.88,283585.47,405445.85,3601.56,900.39,False,False,False,283585.47,1,Mainstream Lower-Value Buyers
C1992,Individual,F,USA,Texas,Home,3,Yes,Website,53.5,3,1266058.76,422019.5866666666,471352.97,4335.24,1445.08,False,True,False,422019.5866666666,2,Higher-Value Property Buyers
C1993,Individual,M,USA,New York,Home,2,No,Website,38.6,3,1385369.38,461789.7933333333,549422.32,4363.23,1454.41,False,False,False,461789.7933333333,2,Higher-Value Property Buyers
C1994,Individual,F,USA,Oregon,Investment,3,Yes,Website,53.5,3,1257875.21,419291.7366666666,498128.56,4363.23,1454.41,True,True,False,419291.7366666666,2,Higher-Value Property Buyers
C1995,Individual,F,USA,California,Investment,4,No,Agency,30.8,4,1044043.64,261010.91,348872.01,3623.01,905.7525,True,False,False,261010.91,1,Mainstream Lower-Value Buyers
C1996,Individual,F,USA,Nevada,Home,1,Yes,Website,53.5,4,1151831.48,287957.87,568415.25,4109.3,1027.325,False,True,False,287957.87,1,Mainstream Lower-Value Buyers
C1997,Individual,M,USA,Arizona,Home,4,Yes,Website,53.5,4,1101825.4,275456.35,484864.24,3641.68,910.42,False,True,False,275456.35,1,Mainstream Lower-Value Buyers
C1998,Individual,M,USA,Virginia,Home,5,Yes,Website,53.5,3,1023688.56,341229.52,431674.94,3421.2,1140.4,False,True,False,341229.52,1,Mainstream Lower-Value Buyers
C1999,Individual,M,USA,Ohio,Home,4,Yes,Client,53.5,3,838587.38,279529.12666666665,455786.14,2757.14,919.0466666666666,False,True,False,279529.12666666665,1,Mainstream Lower-Value Buyers
C2000,Individual,F,USA,Georgia,Home,1,Yes,Agency,53.5,3,913528.5,304509.5,364977.97,3100.45,1033.4833333333331,False,True,False,304509.5,1,Mainstream Lower-Value Buyers
